cookie_id,target,score,fold
ck_3eecc4692d2e8b21,0,0.08170852178878296,fold_01
ck_4634887d6ecac7ee,0,0.0073964510005239716,fold_01
ck_e8d9f5d9c9eadf68,0,0.10412189956389921,fold_01
ck_84e8abf4e3b00001,0,0.007684648785237208,fold_01
ck_d29b1872c2a55680,1,0.8824137069862207,fold_01
ck_8ea3ea43587b4d9a,0,0.008095919199573944,fold_01
ck_f30f5261dfc83df5,0,0.0034385696338240295,fold_01
ck_83bc2629717e54aa,0,0.06341608964379633,fold_01
ck_1ca07faa8ed764b2,1,0.6769548688602273,fold_01
ck_d2c827f4b0c503c6,0,0.12773840786362053,fold_01
ck_c167a53aa5f709f5,0,0.004706038868542021,fold_01
ck_3e46aaf040b08068,0,0.032534758824080696,fold_01
ck_c60f114cef22b792,0,0.006246205670149801,fold_01
ck_2c54c45671d89cb3,0,0.07862971765097514,fold_01
ck_d0cb0429f40cdf0e,0,0.002599059402649975,fold_01
ck_dec3f7e235334448,1,0.9069265660005377,fold_01
ck_21605711f0409c9e,0,0.005154928376023855,fold_01
ck_c37aedc60bb1653b,0,0.009429509412886691,fold_01
ck_a569af0c664687f8,0,0.009632666438914429,fold_01
ck_81142fbbe7ad1768,0,0.07384281413605644,fold_01
ck_5cebfcbfd78fd658,0,0.0021710606555613346,fold_01
ck_cfbab97c89af2108,0,0.03316795159637912,fold_01
ck_0a8349bd2e416485,0,0.009138834042504202,fold_01
ck_48f3f0dd07607bff,0,0.011096543051830741,fold_01
ck_f4830ee2c063bced,0,0.02340738593889851,fold_01
ck_d5e03323eb5abb2b,1,0.8734846106950693,fold_01
ck_71c1fc792d2f0d11,0,0.7325768050552103,fold_01
ck_f6354009b69ee126,0,0.011392801748755154,fold_01
ck_f99d11b73c4f9666,0,0.04215357279304362,fold_01
ck_ac9c17deb676db8f,0,0.03646448117967034,fold_01
ck_a3d8f73a93f82a97,0,0.03520010424579405,fold_01
ck_fd5f78b976e5f3ca,0,0.01574592974452966,fold_01
ck_fdcff7fd1ad29be9,0,0.008383960096847292,fold_01
ck_54556e5a2f123a1c,0,0.012683775337411423,fold_01
ck_d40504097d54826f,0,0.024321513430691385,fold_01
ck_361940adc29c892c,0,0.01967054026847214,fold_01
ck_85d5d43f839f1a31,0,0.06314715451885693,fold_01
ck_2c7a947da0f7a0ef,0,0.0013605799662949542,fold_01
ck_d172ab1935407e55,0,0.03739271004266077,fold_01
ck_0cdac3de91c37548,0,0.006495205894969549,fold_01
ck_cdd567b79cd34ee3,0,0.07177538801743284,fold_01
ck_ed7b7e547226050b,0,0.006869878589533797,fold_01
ck_5f9f13b48d2a83a1,0,0.04751967296121365,fold_01
ck_549369dadae3dd5e,1,0.9952209756526869,fold_01
ck_db9ab346d5fb3016,0,0.02546888053371299,fold_01
ck_7cb73aea1c1f8eed,0,0.002744564295387248,fold_01
ck_9bdd5c7e729a33bb,0,0.03993124875399986,fold_01
ck_d2ac5dbfe0dcba09,0,0.03221816605383554,fold_01
ck_b82192ba234e3129,0,0.027470270569239157,fold_01
ck_c348b01f3babb661,0,0.011039837161789075,fold_01
ck_25c1f7183496f38c,0,0.001024775079250944,fold_01
ck_f6bd1dbf52a3320e,0,0.0090315941488584,fold_01
ck_4a6616f6626337cf,0,0.0017740586318160682,fold_01
ck_1fbf5fe6a94b0ec7,0,0.0057744144350861636,fold_01
ck_f12f1034870a156a,0,0.004494498351292407,fold_01
ck_0030c4974c775756,0,0.06716052262992532,fold_01
ck_93f9adeb49a9abaf,0,0.008995620273018423,fold_01
ck_363a14de4224b2b1,0,0.012154445403080265,fold_01
ck_7e05ef5dca466e9d,0,0.051903177590100893,fold_01
ck_b9713656a18cfe5a,0,0.012184360578950854,fold_01
ck_24bde940d24968c3,0,0.01081319681028971,fold_01
ck_c3a6d9cf06302a3f,0,0.019167423833148484,fold_01
ck_ace9a39e00362715,0,0.008845882236448019,fold_01
ck_f597d4885a3b9886,0,0.003238429309572158,fold_01
ck_e6f480981e92b6d6,0,0.007407508157001604,fold_01
ck_ab7e0ae65711d7bc,0,0.017579640064864344,fold_01
ck_316dcbc1deb87b21,0,0.015784106141717984,fold_01
ck_fef5de6197936700,0,0.20298666894365075,fold_01
ck_a80b44dcc9839ea5,0,0.22956428365044976,fold_01
ck_d7591f4ce47f72fe,0,0.0023159503652418574,fold_01
ck_0943fee867a254b6,0,0.0025184867403334845,fold_01
ck_42584097c0c3f59f,1,0.9232150091064254,fold_01
ck_f6b614b055c3e949,0,0.011441992910761577,fold_01
ck_a6449220cf012dd3,0,0.007330561673125206,fold_01
ck_1d77f58c8bbfaf9e,0,0.14185974721206687,fold_01
ck_1a7177fe7a46e421,0,0.008746840249271524,fold_01
ck_7604a1728accb7d4,0,0.008202936724401763,fold_01
ck_d4ce4e3eade3be0e,1,0.9812213201720784,fold_01
ck_663e7aee822bcaf6,0,0.029731613363154503,fold_01
ck_2c96f2c3201d23dc,0,0.009794436946720603,fold_01
ck_ed77021b84d9a20b,0,0.00348816171534768,fold_01
ck_c8fb9bca96d264fe,0,0.041807712312097074,fold_01
ck_32ed00e2ae8e2b91,0,0.14163386720414592,fold_01
ck_2c666b50375b8329,0,0.046579321289783815,fold_01
ck_213843c8bd4d2ea9,0,0.006548845798703436,fold_01
ck_6c48ebc56d2169d6,0,0.003974321996355325,fold_01
ck_fe0f6f0044a23d79,0,0.07487988289847794,fold_01
ck_ffa955f7b0d50e3a,0,0.0008802089857395032,fold_01
ck_d8661a492e8e0764,0,0.014954905673740021,fold_01
ck_1519a2058d7a16cc,0,0.0051260721376436905,fold_01
ck_b07f3d6237e820f3,0,0.00916739335623217,fold_01
ck_f4ee277bae6a0813,0,0.0036737342766965113,fold_01
ck_c09cc6a0a46e1ef9,0,0.04838080167267441,fold_01
ck_afc2fda96919925a,0,0.02665309633082435,fold_01
ck_a9ed555cc7115748,1,0.9960368102187531,fold_01
ck_ba5059ea495f35f0,0,0.2230995706347982,fold_01
ck_ec129a00a1b62ef2,0,0.011137964726699869,fold_01
ck_a09faf1490e7b370,0,0.01752187142932122,fold_01
ck_8e0a1be11d478f6a,0,0.018953061893798622,fold_01
ck_b09f505305a5b577,0,0.005585170201041593,fold_01
ck_2fee75908e146566,0,0.038888096495251774,fold_01
ck_4a2de8f79174152e,0,0.043151609756622814,fold_01
ck_cacdd0d6dd50ddfc,0,0.008412456426088401,fold_01
ck_dcd0b5cfb4b04315,0,0.004197441726484893,fold_01
ck_ea7e2fc30e60cc9d,0,0.08714313852387506,fold_01
ck_1cf91a9f2b28fda5,0,0.016957290564345605,fold_01
ck_f2ceb93c36cad8c4,0,0.014025106519284047,fold_01
ck_7dd631763294e8f5,0,0.013287616571797042,fold_01
ck_6229fae9abbd35f7,0,0.34064696076105866,fold_01
ck_2df4aa128ef8cd0e,0,0.002275718978503658,fold_01
ck_22099496d7434fd0,0,0.0071026873744597764,fold_01
ck_7fbb77beb4c3ac40,0,0.005870574560111746,fold_01
ck_c72b894ed622783d,0,0.00889572958981993,fold_01
ck_08898de1d223c4b6,0,0.0028327698015995066,fold_01
ck_dbbd234e38b4ce28,0,0.06331956641135757,fold_01
ck_995f5cfcaa64cc4c,0,0.05722034963943576,fold_01
ck_4bb60de74ca51def,0,0.022042117998540906,fold_01
ck_6a55658dc87ba527,1,0.9953245072193575,fold_01
ck_821336e9fece1890,0,0.009938337317003883,fold_01
ck_cdb2ffbe2709a976,0,0.007419931255339563,fold_01
ck_55f170d48d20e102,0,0.1639324330437151,fold_01
ck_a67b1cfb42b9c00a,0,0.0023592185398549474,fold_01
ck_6c11b4d822fbc4ab,0,0.030052262564191703,fold_01
ck_6fd6cb6f432adf40,0,0.020888806534757148,fold_01
ck_b6108c335920ce0f,0,0.013458239113122765,fold_01
ck_19b39dc29d882a4b,0,0.011690656393846019,fold_01
ck_86253ac4e9d2a62a,0,0.026850582770121957,fold_01
ck_28cd8f1bde965e0c,0,0.008257712144998972,fold_01
ck_0e2fc13396da5ecb,0,0.0021077310539005466,fold_01
ck_07f65a99b0377def,1,0.8898489658601387,fold_01
ck_8d7b31c1a04df2cc,0,0.010678215321264464,fold_01
ck_bd6221f6f5b23795,0,0.007361470033877533,fold_01
ck_090f7cf2e91eb96f,0,0.009413406332413984,fold_01
ck_58193e793a89d9f6,0,0.011103612525045449,fold_01
ck_9f00d1dac5b9a846,0,0.014900523721557153,fold_01
ck_291f3fa64f0bb6c1,0,0.005261714939123575,fold_01
ck_591a587660989f25,0,0.010256599990872715,fold_01
ck_410db9900cb03cfd,0,0.03397212327983856,fold_01
ck_008c77da0cd7545d,0,0.011097649192254857,fold_01
ck_db13a3234530d763,0,0.015214992803082026,fold_01
ck_d89beb69f9851a6e,0,0.003976609473166405,fold_01
ck_9f19dbb515f430fd,0,0.0064360541480022295,fold_01
ck_ed18e6183b3abd8f,1,0.9466333800507051,fold_01
ck_8fc3e14e63b73068,0,0.017958799332378986,fold_01
ck_560639c53c020696,0,0.042958235979492866,fold_01
ck_1d43d3c808ed832a,0,0.06386373702210543,fold_01
ck_9201aacb1315b5c6,0,0.00352083153041042,fold_01
ck_54551bd33b36c23e,0,0.0025242947656452107,fold_01
ck_2dab1d46034283d8,0,0.018833592410861893,fold_01
ck_0e5c90981aea921d,0,0.04099696442578399,fold_01
ck_f226166ff72181be,0,0.01137320030120368,fold_01
ck_db369db28d9d53b3,0,0.03788264895054253,fold_01
ck_cb5de8e45a35bab2,0,0.0019660499930838874,fold_01
ck_d9f467bb2bdcd596,0,0.03087547113209482,fold_01
ck_cdd0aa005f96cb1f,0,0.014540524220269111,fold_01
ck_0eb1b0c3b3d18629,0,0.025741354437200166,fold_01
ck_efc535bd5bd4a7af,1,0.5672013630564681,fold_01
ck_8d353d19e8a0c932,0,0.010576173591824813,fold_01
ck_d3a6c25b9d01be9c,0,0.011143335896085047,fold_01
ck_9a2e25e48f023073,0,0.0351249546564517,fold_01
ck_662755c0cbccb767,0,0.05564945546624267,fold_01
ck_08ca9499dd1eab93,0,0.01531065936765204,fold_01
ck_570e422a71b497ac,0,0.029123147592740248,fold_01
ck_abad33203c68fd57,0,0.02235774349521719,fold_01
ck_ddc2b320ddaadf3c,0,0.002765365635329378,fold_01
ck_58961a2887bc9004,0,0.011159219445338873,fold_01
ck_2a4af33b2c4644dd,0,0.004303252344464089,fold_01
ck_39e312bf7cf25f54,0,0.024002990482565822,fold_01
ck_26c51284f9369878,0,0.0058212083585652274,fold_01
ck_5c8c882a26f391f2,0,0.014087431507898408,fold_01
ck_f5a8c330976e9b42,0,0.009792364934981996,fold_01
ck_4993d83d8637fba0,0,0.02180897488395211,fold_01
ck_7e0c88fec936a716,0,0.018060114920298593,fold_01
ck_8c8147986203ed85,0,0.01927429002891846,fold_01
ck_b1872f9ede6eb268,0,0.012981352430410127,fold_01
ck_0fd3144e15084c86,0,0.013807645622320052,fold_01
ck_43d2d458e21c7e8c,0,0.07913172311468505,fold_01
ck_16f48f55c0f025bd,0,0.023611686975220095,fold_01
ck_4c9caed4751ff411,0,0.002577763676949641,fold_01
ck_0e62ea0a2788ce19,0,0.012574403843195409,fold_01
ck_30dd1eef3f501864,0,0.0005870491735331132,fold_01
ck_81990a554f54fc5f,0,0.048582532541180105,fold_01
ck_8f3e4a669e524d84,0,0.016566401764759396,fold_01
ck_7045db21b64f1acc,0,0.09413498176648848,fold_01
ck_71ca9e4d53a1704d,0,0.013783091660323316,fold_01
ck_966d801b9f412117,0,0.010506059233854824,fold_01
ck_2331ea2f0325799d,0,0.0060612264911725925,fold_01
ck_98e7cdfdbf7f5f6f,0,0.0038777716333901367,fold_01
ck_0e1724d81b119f61,0,0.0020542375922542053,fold_01
ck_73aa0dc74ec54fe7,0,0.020047116178225785,fold_01
ck_73311daea7e3e293,0,0.01189851454552994,fold_01
ck_ff7d1e7bbfe54885,0,0.016414777689293916,fold_01
ck_b04c8b8f2e59f6da,0,0.0031079751860998523,fold_01
ck_4d7cffe55880bec6,0,0.006279574532692128,fold_01
ck_49b2f9b4dcbfde12,1,0.8226544371441017,fold_01
ck_40e430f44a1fde30,0,0.013587660934761799,fold_01
ck_2c76ab3e8745f46a,0,0.0044043336832786245,fold_01
ck_738b57e60694f65c,0,0.008825131947037856,fold_01
ck_4d155ef4383ef077,0,0.017272228357976087,fold_01
ck_bdc4b82f71213b72,0,0.0019058894180795463,fold_01
ck_b49e43714c650d14,0,0.015451193892371524,fold_01
ck_72ca0d83015a0079,0,0.011928476677640637,fold_01
ck_bc2f1adbaf490873,0,0.029917248822320077,fold_01
ck_a00b28df99a39ecb,0,0.001458803881371625,fold_01
ck_83563c89f7016f7f,0,0.0028231741566144128,fold_01
ck_5b4f33a4cec28afb,0,0.02787021702531722,fold_01
ck_1587bd602104023f,0,0.0012548237375662014,fold_01
ck_6217a86982c7693a,0,0.00318349832112088,fold_01
ck_bc9374f83a9a9c1e,0,0.08811123765970702,fold_01
ck_eb3ded8c63c64ca7,0,0.02208957161840908,fold_01
ck_067a41ec83af015a,0,0.007394556940872689,fold_01
ck_0557c7c63d91597e,1,0.468320311479584,fold_01
ck_c484efb3f1983c27,0,0.0017779608824312037,fold_01
ck_294379bf96b2fe40,0,0.005362392480850302,fold_01
ck_d7c05603e6fbe190,0,0.0070985665658355535,fold_01
ck_100d056f8313cbee,0,0.008214608258748483,fold_01
ck_2abaae7ccf220307,0,0.01960226153017794,fold_01
ck_6afbf119baeb210d,0,0.021033536849836144,fold_01
ck_c9494085c90a3f36,0,0.005114764568912727,fold_01
ck_f3323ea5a7afbafd,0,0.002032456062129629,fold_01
ck_bc6eed09c26211fc,0,0.05416636277008577,fold_01
ck_7e040751c786bc14,1,0.33167498128354195,fold_01
ck_2fc716f8b6832f50,0,0.011443248350013084,fold_01
ck_7afdb367e94c3f53,0,0.008134127239155752,fold_01
ck_6b35c50b29c6ab81,0,0.010964554644025603,fold_01
ck_4557dbd10ed049c0,0,0.08851238180602751,fold_01
ck_c4b1097c8a70fc67,0,0.12399619950625179,fold_01
ck_a4e32c62621a981b,0,0.07329935935198632,fold_01
ck_756667f4cb19bcfa,0,0.013455538818291528,fold_01
ck_2f6a6502d678ffaa,0,0.02846808968963493,fold_01
ck_29bf1c545cb10540,0,0.014855949212379801,fold_01
ck_0111475d66739043,0,0.004078957271383239,fold_01
ck_504a676a332a90e2,0,0.01503474149336808,fold_01
ck_6dcfff696be8f546,0,0.004323386296811855,fold_01
ck_4f502f64c7a3d36f,0,0.001901109096120528,fold_01
ck_4bc2d9c575bb37d4,0,0.003685883938233865,fold_01
ck_4356f15ca971f2d1,0,0.04277058044604995,fold_01
ck_cd5c96101f4f4f4b,0,0.14735825229507987,fold_01
ck_140f8a612118898d,0,0.0018421987295417742,fold_01
ck_18990d7840535250,0,0.02027698203781336,fold_01
ck_a8d7965e73d91d4a,0,0.010909400116365008,fold_01
ck_3beb8d197724bb5c,0,0.014051811798310936,fold_01
ck_bd5c6ac1e44af64e,0,0.019949021477382863,fold_01
ck_03cf45e206dfb735,0,0.009812490687635412,fold_01
ck_e9c9098a25693804,1,0.6664771558171118,fold_01
ck_760cde5e1a3f8363,0,0.011044206051468943,fold_01
ck_c9a03b8e5537a45b,0,0.011670776915116358,fold_01
ck_373bf0fe748c9287,0,0.01306699100717162,fold_01
ck_b6c7b68090407f24,0,0.0037189866780242002,fold_01
ck_836b5e2a42894e57,0,0.011711666531785396,fold_01
ck_9d5529f1bcf22e6b,0,0.008652183841334619,fold_01
ck_c0bd2d57dbc9c6f7,0,0.017985709268067463,fold_01
ck_92a1128207ae722e,0,0.024112042666244962,fold_01
ck_f582d28e564ef0ed,0,0.004926538876520416,fold_01
ck_9437260e4c5fa4a0,0,0.0168348441005899,fold_01
ck_e1450139047de53e,0,0.9405583786864357,fold_01
ck_96f0f6f177f0dea4,0,0.04893017267721532,fold_01
ck_06284a0603f76f9d,0,0.02481906691829763,fold_01
ck_7b5e9cc9745c7d75,0,0.2502402109431963,fold_01
ck_41df6ed8bea49af7,0,0.03343379497973618,fold_01
ck_7cb6f4e0c171d2e7,0,0.014001188720396247,fold_01
ck_109f03fac6eb4f91,0,0.008902229093834304,fold_01
ck_d2380f8327deb857,0,0.0029023736112844703,fold_01
ck_7f475d9d9b714914,0,0.006031640163191594,fold_01
ck_492df5ab3e5b6129,0,0.0008498327151833749,fold_01
ck_9a7ec72b7a9c1558,0,0.002388909319246951,fold_01
ck_d7761837dde3e420,0,0.023700292972406285,fold_01
ck_04d33a5bf895e217,0,0.008181431889908863,fold_01
ck_4183867eca380e92,0,0.0333194127580921,fold_01
ck_6758a6da7ae9da74,0,0.012052675150538905,fold_01
ck_0c62a9193e4d2468,0,0.03102332819574589,fold_01
ck_d280751497dcd26e,0,0.009846114545341516,fold_01
ck_2289021485da84fd,0,0.011921710558641628,fold_01
ck_7f12b087e2d8e3a2,0,0.019076364511179902,fold_01
ck_6ca4d973f383095d,0,0.012816330854671567,fold_01
ck_4fbf1a7ddfb4b3f8,0,0.0437375296758008,fold_01
ck_bcd6300d4f3c7820,1,0.08301715271371077,fold_01
ck_89a1b59ddb77bf99,0,0.014170935759328509,fold_01
ck_d25e931d8a4e4e04,0,0.01569798657109099,fold_01
ck_cab920ea96bbea5a,0,0.09334001980106654,fold_01
ck_44d1728049fcab31,0,0.013189469037464704,fold_01
ck_2cf6dc65ea0b2de3,0,0.010783061950660096,fold_01
ck_3e1b514dd437a922,0,0.010695826091728986,fold_01
ck_fabbabdfb249c7fe,0,0.002795875980757491,fold_01
ck_2ab0bdf57f080d93,0,0.19062714337298237,fold_01
ck_b0e7e41377701da7,0,0.025987222833636272,fold_01
ck_f59d14b12c7d5b19,0,0.012524286992244529,fold_01
ck_b31b58cfda04d80d,0,0.0358058904300009,fold_01
ck_8e09ed97f3bc42f8,0,0.016911688862754088,fold_01
ck_4eaddc69460ed865,0,0.10908212139353984,fold_01
ck_19fc818f5e77be7e,0,0.01908930477132123,fold_01
ck_8fc828c89bf3a013,0,0.027049599877622222,fold_01
ck_a77cf3b06ed6d499,0,0.0032364552208634587,fold_01
ck_ad11ba3f1a02f619,0,0.03494022210248052,fold_01
ck_404f697aa8b49a3b,0,0.00596497125541239,fold_01
ck_a6c934e4f9c79e0c,0,0.006630295209970752,fold_01
ck_d9d7b1234da63409,0,0.03365524981446296,fold_01
ck_7e29effd7e433687,0,0.023724640476932457,fold_01
ck_1e958733ad811d1b,1,0.9862846946860465,fold_01
ck_dd81ea6cd8645623,1,0.9934302497895398,fold_01
ck_13b0b8662e49954e,0,0.03548500935436169,fold_01
ck_9dc8881b1441b0f4,0,0.08827451327595402,fold_01
ck_10d14ec910abb628,0,0.0552454831673068,fold_01
ck_547b9bf9be598d0d,0,0.027845200296770584,fold_01
ck_6ed71d61110685d8,0,0.006555683898804795,fold_01
ck_9f5d581e9c7e92b9,1,0.9984665482185625,fold_01
ck_e10931d979f0f250,1,0.5848108546028347,fold_01
ck_2c7d37ab459705e4,0,0.00515543089385257,fold_01
ck_83c4c59717f0e068,0,0.03351910639499438,fold_01
ck_5732c81982c2d624,0,0.004631706797696073,fold_01
ck_f65d47bf6d899f14,0,0.004109929024538662,fold_01
ck_d85c40ba22404f5f,0,0.025790265327751537,fold_01
ck_3978ffed22093584,0,0.14210994444527758,fold_01
ck_682feeb0cba8f025,1,0.8439595497566406,fold_01
ck_205cddc08dddf4b4,0,0.006670192878622523,fold_01
ck_0ff1b41aad68c374,0,0.008938550753071265,fold_01
ck_4a696495c9a334bc,0,0.026572815840573177,fold_01
ck_850e61188c3a99cf,0,0.020360238886815426,fold_01
ck_0edd87cad6dd0af8,0,0.02109773568704582,fold_01
ck_683279df072a07af,0,0.013526653154195116,fold_01
ck_d846d4e4968f0fbf,0,0.028983147508828324,fold_01
ck_a902ebd39b11457e,0,0.018503360892042325,fold_01
ck_09ff0326cec108a9,0,0.01420610330802207,fold_01
ck_16bbf9b61d3891ee,0,0.003908400152339043,fold_01
ck_7e0d488a05e03ad4,0,0.011890624446682199,fold_01
ck_49b3abc5c2421a9d,0,0.08406997299856493,fold_01
ck_8fd3ea4786adcb11,0,0.012794657392757862,fold_01
ck_e30fc37057d1a5b4,0,0.003706856865656535,fold_01
ck_362b2b3436dfb2b2,0,0.007034125035018021,fold_01
ck_a142b7a3a759fb37,0,0.04120057527303596,fold_01
ck_2f16275fcddcf230,0,0.07649793403201138,fold_01
ck_66e206a8c9a2f444,1,0.81196966712087,fold_01
ck_1ac19ebf03ba46c9,0,0.04621882680559081,fold_01
ck_9f22eed47f0521b7,0,0.01439604900865573,fold_01
ck_f1f6841f6e97ad82,0,0.04223164824368662,fold_01
ck_c1e1ed1cbef155cd,0,0.014209182897883744,fold_01
ck_9fe31c01600b8402,0,0.12136053309245622,fold_01
ck_5947f757779dc683,0,0.021828865305502314,fold_01
ck_870bfcd258cd3286,0,0.0014274135502626096,fold_01
ck_0f171188a32efb4e,0,0.022346161488867054,fold_01
ck_75e149d8c2ee775a,0,0.018969017600138225,fold_01
ck_1a9ef4d41f323158,0,0.020083131039980662,fold_01
ck_d6b3b69594509cf4,0,0.017801238438151786,fold_01
ck_702f02944c28fd8f,0,0.007522318517601626,fold_01
ck_26270bb321e7e673,0,0.024150335661268826,fold_01
ck_57281faf7f5f69ea,1,0.990917699534144,fold_01
ck_e2f84f86aabc74ca,0,0.0294000400492614,fold_01
ck_53f9b8a803946d80,0,0.014549563740655648,fold_01
ck_375a6db0d55553e4,0,0.16774238165339458,fold_01
ck_843aca3825a5a8c9,0,0.008205405021749658,fold_01
ck_2b06f20fc9270b19,0,0.008479321550566818,fold_01
ck_f38f929361ddf7f1,0,0.02020176029023527,fold_01
ck_40045fa7405ea4f5,0,0.0051058015051623235,fold_01
ck_79c14f9c8233a4ad,0,0.0015188747480636795,fold_01
ck_ae07e097e1074691,0,0.007111681054554911,fold_01
ck_3a4c9ef31e75ba22,0,0.0013683656610386436,fold_01
ck_4bc20d45070445d9,0,0.006020197620438147,fold_01
ck_39f23b33cc703872,0,0.008575418248796244,fold_01
ck_72034a34eb169215,0,0.0035573367985533813,fold_01
ck_687eff40d79eb9fa,0,0.014478346067841017,fold_01
ck_4745a4ef705d1816,0,0.010369351813146051,fold_01
ck_7992b1d51f7d94b3,0,0.006002451803194657,fold_01
ck_b5d82d650f2f8479,0,0.031721729408577724,fold_01
ck_489b2362f0846b65,0,0.00849499731941331,fold_01
ck_a8c4ca76e714e0de,0,0.01084826753672614,fold_01
ck_60669c5cc7bdab06,0,0.38250535816863895,fold_01
ck_afe940c75ca49ea3,1,0.9776484578176765,fold_01
ck_1be1ef69bbf3fd6f,0,0.0040343107592254075,fold_01
ck_de66dd7293562aad,0,0.03980306581297019,fold_01
ck_f5d5afb84a018d85,0,0.0805694661482774,fold_01
ck_ce5bb22ddefe6cbf,0,0.009814814863391851,fold_01
ck_a67a30de0c94becb,0,0.013173120034868048,fold_01
ck_73a4d982359c34c3,0,0.0058772684235133404,fold_01
ck_df99392eb9c985fd,0,0.007064453334653716,fold_01
ck_749654b33e0f0557,0,0.0021782916585833334,fold_01
ck_7b3ceea110f54044,0,0.01490794778463754,fold_01
ck_828ce9582e152bdd,0,0.008762595638037739,fold_01
ck_e9f3fc2e90896ea1,0,0.010145252983799584,fold_01
ck_a7123fd34c0923d0,0,0.015684005547353882,fold_01
ck_a09746da214ec54b,0,0.015041799121216287,fold_01
ck_59108a0040ff17f8,1,0.012674987467665856,fold_01
ck_f0f99fe335625cd4,0,0.04999151274385676,fold_01
ck_c1f419b025e66a92,0,0.002839713988640738,fold_01
ck_e7c4060746954518,0,0.012031133231406678,fold_01
ck_157726252c68bb02,1,0.9800760985670341,fold_01
ck_39b8436f0dbb1e19,0,0.29298412130183404,fold_01
ck_2633b128c1153216,0,0.005641303321560308,fold_01
ck_ff1ca3e7416959da,0,0.012803784101609178,fold_01
ck_2209badb14899b39,0,0.02183509760368418,fold_01
ck_298b3e9ea1c1ce05,0,0.005983905597097356,fold_01
ck_231efd37ad0f7e60,0,0.032810299500042696,fold_01
ck_f92943a9e978bb39,0,0.009626450461227802,fold_01
ck_fbf5b095463564b6,0,0.003356921516851109,fold_01
ck_2208d0a5d82708a9,0,0.012299070659746477,fold_01
ck_2cba852e8243be9a,0,0.009113020908356249,fold_01
ck_30ce25bac8bfc722,0,0.043691971602707415,fold_01
ck_9571833c4f769e0d,0,0.0078640058589266,fold_01
ck_be00861c20156098,0,0.0045061659644694335,fold_01
ck_5e0a523373dfbe48,0,0.009189152782549677,fold_01
ck_08501256b8d40396,0,0.002472263702445141,fold_01
ck_e44ee6ea7156926f,1,0.049936716861256066,fold_01
ck_433e2f3aef8f2ccd,0,0.0077719707647805605,fold_01
ck_8d3cfb78bccf8b3c,0,0.004489688008416209,fold_01
ck_b555697f5822aa77,0,0.012807531747809967,fold_01
ck_4cb38f0b62166341,0,0.008020198458484732,fold_01
ck_e019b018d83c40cc,1,0.9968331381462746,fold_01
ck_2d1a7752e57d2fc9,0,0.031958230987079284,fold_01
ck_9eefe2d5950fd554,0,0.06821968205426095,fold_01
ck_84539bcbfcf8550b,0,0.030402962570992273,fold_01
ck_ca7f7b0d24c48432,0,0.09145421362160554,fold_01
ck_2f71223a1acc3026,0,0.014908030282925788,fold_01
ck_44cf0f593ea3ad36,0,0.0076326194318423815,fold_01
ck_3512c24430726b71,0,0.04899066675441673,fold_01
ck_f3a1ca05517b3b6e,0,0.01470979891070678,fold_01
ck_ea1bd9aeee5b560e,0,0.011103040630667483,fold_01
ck_fe22da289aca641a,0,0.017478718507720807,fold_01
ck_d6a3912a03f17c1c,0,0.00388259809916682,fold_01
ck_5743a026e3b0b19e,0,0.07916148793221624,fold_01
ck_5a689f2f6fe76065,0,0.0024977802652707735,fold_01
ck_49c15ab539f6dc19,0,0.16944493778650627,fold_01
ck_3f754dd14a755202,0,0.008664968569747362,fold_01
ck_0dbf6b3fbb9433d5,0,0.020694180308414474,fold_01
ck_4077c8a98962e891,0,0.018382358580312175,fold_01
ck_ccbf5cf37bbdc5ba,0,0.01834290172012691,fold_01
ck_7f699f1ad9f13b6c,0,0.02396997203372367,fold_01
ck_6114264a0d4df744,0,0.003765113732856781,fold_01
ck_7ba58c4473240050,0,0.060866853987822316,fold_01
ck_923ea55e6657077b,0,0.027417705818045264,fold_01
ck_3a914dc1cf007ed6,0,0.0028106714243283496,fold_01
ck_f6f1dd5c90775aad,0,0.002699061388393052,fold_01
ck_04011c45e5416fef,0,0.08112268351391365,fold_01
ck_44f8b8f846d8153c,0,0.01752408253102193,fold_01
ck_7d1544a3119a9cfc,0,0.004214066209703422,fold_01
ck_86e4e3c0d8a28817,0,0.001491650347471647,fold_01
ck_858ca59aa3832daa,0,0.00547154355673322,fold_01
ck_3990ee83b0b294e7,0,0.014780826864703613,fold_01
ck_ccc94d8b39af67cb,0,0.01014951297623902,fold_01
ck_8c2ba1cf91805628,0,0.005317949303929357,fold_01
ck_56533c6732431f04,0,0.007673822505400632,fold_01
ck_fc74883266bd43b1,0,0.009939008371726378,fold_01
ck_a6e8bfb1e43ceae5,0,0.036961352810331874,fold_01
ck_5273478a54f9f8c1,0,0.0383469994668796,fold_01
ck_aafa155d6357c9a7,0,0.013858404284056573,fold_01
ck_ca5226c28fa1d1be,0,0.06788628157075298,fold_01
ck_48116d5dc730fe6f,0,0.004901892232256302,fold_01
ck_e3af2155a1d59cdf,0,0.028478900651093295,fold_01
ck_5c9e4273eb64437e,0,0.00947818963712117,fold_01
ck_8a3fccefa085b044,0,0.04949130115939335,fold_01
ck_cd31219ec4ea3c7c,0,0.02140439665081232,fold_01
ck_955032e035b329f0,1,0.5503753458852468,fold_01
ck_bd12da57181e0abf,0,0.02230927075259486,fold_01
ck_98a296dd476eeb7d,1,0.9857196322126779,fold_01
ck_e81e61bee02c52f4,0,0.0060094135503098575,fold_01
ck_df6d26f31b802ca7,0,0.021621765770106247,fold_01
ck_f8d806dfdd0883c1,0,0.054052257870036785,fold_01
ck_17d8712dbfaee402,0,0.008281468859607382,fold_01
ck_7f4d843d9bcd6848,0,0.010239380456196543,fold_01
ck_ded65bca869cbdd8,0,0.02743121210831066,fold_01
ck_70ffe9dfb43b9118,0,0.0030167670925702822,fold_01
ck_b00c9b0b0d8cf0d8,0,0.07786302246918125,fold_01
ck_162da0e84bc41343,0,0.008511570584455147,fold_01
ck_da17c91511bfd068,0,0.01084440623474742,fold_01
ck_51db3e3c2e724869,0,0.003465756774206829,fold_01
ck_18014e5f3f9ea40d,0,0.0034829452876710063,fold_01
ck_ebd93c2cf4ecc44c,0,0.019734275255321353,fold_01
ck_2501d4331022971c,0,0.03230841495735494,fold_01
ck_00ba6a7b2dba1b40,0,0.024988043534990477,fold_01
ck_6e0263a90d706408,0,0.002263292893192623,fold_01
ck_34afa1258045de92,0,0.021959520055723752,fold_01
ck_74d009f2eb926a79,0,0.007651189693774555,fold_01
ck_ad7d4dea8120b0c1,0,0.0030433537530005217,fold_01
ck_a0729dd0f90ae4a9,0,0.02848348808113805,fold_01
ck_0b5e26438b686e85,0,0.008276722118993524,fold_01
ck_7f478ad6809683af,0,0.005225292005053934,fold_01
ck_dbb26c3ab17454dc,0,0.02208185881158905,fold_01
ck_983afbee2f6a68d3,0,0.474830480472834,fold_01
ck_10fffc4ece9f8bec,0,0.005925818828523921,fold_01
ck_d98287b784ad4d65,0,0.010249139011361293,fold_01
ck_cd20537ff4ee5653,0,0.013485679749111034,fold_01
ck_5b24b9c61d7bbad4,0,0.0064934070020415844,fold_01
ck_0e48fd9beb27a344,0,0.01790129829555174,fold_01
ck_3058e9316c7715fb,0,0.04307483751974975,fold_01
ck_bba91b5f10fd98ca,0,0.003662242597087976,fold_01
ck_723d3ac8c8dc2e4f,0,0.012212612285897949,fold_01
ck_206bc47d36e18ac8,0,0.0010319579027851767,fold_01
ck_236417cd7b8df4e2,1,0.9631105857764952,fold_01
ck_191ff9f135ce8a66,0,0.021278994894041826,fold_01
ck_32336f1cd3cc45e0,0,0.03469069191990262,fold_01
ck_443e7647258d4670,0,0.016803677440917243,fold_01
ck_bfca1584f76bb82c,0,0.019440623319885393,fold_01
ck_d29457cf6fab3534,0,0.00761075276478472,fold_01
ck_c833d8404f0e7c9e,0,0.00810347804604771,fold_01
ck_8519f4bccee6ca5d,0,0.011392844252609528,fold_01
ck_2d772975821ed072,0,0.0077438285364066035,fold_01
ck_9091d509b87952bf,0,0.0056444726779624225,fold_01
ck_c8bf04b5ee7a3134,0,0.014211144615099527,fold_01
ck_a23ab81e69fa7c83,0,0.03723835299958343,fold_01
ck_d849b1ec07e04ab1,0,0.012585205595980425,fold_01
ck_71500a280a9aea81,0,0.01015695989485855,fold_01
ck_291ad9433f2b1a83,0,0.017765919682918657,fold_01
ck_81282268a9234696,0,0.004447654088819719,fold_01
ck_8c82826ff840c64d,0,0.012692575732905498,fold_01
ck_9f8ff49471a9d673,0,0.043278499947864535,fold_01
ck_cfd915fa064c2edf,0,0.008376914528752815,fold_01
ck_6285638920f8f86a,0,0.001717421747490579,fold_01
ck_62de08631948aa38,0,0.010428607610472977,fold_01
ck_e47d3b4a31a609a1,0,0.0026412464239722686,fold_01
ck_08b654004584cf68,0,0.007320251884141566,fold_01
ck_3f2e209675ab66b8,0,0.02074453143630981,fold_01
ck_3124f2aab51ea1db,0,0.0021613663708285285,fold_01
ck_e9bdd55d0288d41a,0,0.0067585804763423615,fold_01
ck_e74bde9774bc59d6,0,0.029782975134252945,fold_01
ck_cf1a38f97fbcc2ba,0,0.04844795585054436,fold_01
ck_8cabc966ab1ec35b,0,0.004447074164418367,fold_01
ck_65ddc0f1594ddbee,0,0.008452916074788125,fold_01
ck_7b8bd3cc475b31da,0,0.01103852630362187,fold_01
ck_5415b9fee7cdf992,0,0.048803631748111795,fold_01
ck_05a29aa728a933c7,0,0.00995123252808754,fold_01
ck_cf609dd183d35556,0,0.01001193733059862,fold_01
ck_fbe4504a3751fa27,0,0.0042417219340369385,fold_01
ck_1cdc5bad8a070c2f,0,0.00829917683231871,fold_01
ck_db6b001a628caa43,0,0.017189127953806123,fold_01
ck_23d12b73918a7398,0,0.04155003938269342,fold_01
ck_2b33bbba9149d9a0,0,0.006615784904435437,fold_01
ck_21e8091daa2763d0,0,0.011922345270500848,fold_01
ck_60d530e7325c853b,0,0.01821784778624684,fold_01
ck_71640e5030f0a218,0,0.009310886656454359,fold_01
ck_445f26cc90df351b,0,0.051382564270329306,fold_01
ck_c0f871bdf733bfa3,0,0.006487543427279984,fold_01
ck_af1dd87c5c73403a,0,0.003190918660155464,fold_01
ck_d14ff04fa9b55081,0,0.012319298035382236,fold_01
ck_6c47803f6bb884fc,0,0.004803291993852977,fold_01
ck_62de81901701dd13,0,0.009006111041766218,fold_01
ck_68f08e620a81715c,0,0.0008564795986613359,fold_01
ck_bb9f60f27859ff56,0,0.0036859571623016445,fold_01
ck_5743d50d64466f9d,0,0.0641345149865104,fold_01
ck_fbabc024941df89a,0,0.04697475453710679,fold_01
ck_8b3d367aaae722e8,0,0.02202531843027649,fold_01
ck_1b80d8db4c8e7cc3,1,0.9646236295199445,fold_01
ck_c460d5dc8ccb835b,0,0.006890036239506259,fold_01
ck_414ee5ee1d3f8fee,0,0.008353746294102937,fold_01
ck_083951c0c3a5ef58,1,0.372311447142674,fold_01
ck_52b3735289bed064,0,0.0020979751207768293,fold_01
ck_2308673da9ecc6f4,0,0.011972793799328498,fold_01
ck_170fdaff46aeb2bf,0,0.0016682499901043942,fold_01
ck_826f9583fa661099,0,0.019837777666075616,fold_01
ck_ef6494d59e21a827,0,0.05448197116387721,fold_01
ck_0fd1ad917e41b7a7,0,0.003994287314060475,fold_01
ck_e2f0810f1555b4c2,0,0.005086798789994477,fold_01
ck_5e76c7002c8e8263,0,0.001514131936168883,fold_01
ck_77db8c259e9d92a9,0,0.03240858889364493,fold_01
ck_8dfc0346f3c8ad59,0,0.03743927154783835,fold_01
ck_df123903fa1dd8d4,0,0.0092917534709863,fold_01
ck_8dd673d14f80c4ce,0,0.017340314718322442,fold_01
ck_d6efb0ed2af86270,0,0.03393712036244734,fold_01
ck_ec4607f4f7fd083f,0,0.028877221659103242,fold_01
ck_97265605ad357639,0,0.01644029138135139,fold_01
ck_8c30e1d71d8a7f55,0,0.02726749611178643,fold_01
ck_ab471ef934f76e18,0,0.10677458727678753,fold_01
ck_d867f83839b31418,0,0.03724143071670305,fold_01
ck_d1fc1faf36391e6d,0,0.03160210647333705,fold_01
ck_b94c56a4c40acb7a,0,0.0036071598446737675,fold_01
ck_91311cbb9df588ce,0,0.001282260831286081,fold_01
ck_83149e2092ca9c87,0,0.019663588310125667,fold_01
ck_7efebe3e111165a7,0,0.005911225104542996,fold_01
ck_c04be21eb40dd69d,0,0.021833204751452305,fold_01
ck_0b8add9f5ad25836,0,0.008653324342602808,fold_01
ck_1f694c620cd47b80,0,0.011286316045218124,fold_01
ck_4be48135b8c29925,0,0.017262815386929545,fold_01
ck_d9d4d1fd77fc9c21,0,0.02639784651360903,fold_01
ck_4a7836249113293d,0,0.02829506369694839,fold_01
ck_b7f9acc810b5c7f3,0,0.021897033542821884,fold_01
ck_0cafc9ed94f6b659,0,0.006564375145400511,fold_01
ck_23cc6577ffc4cc30,0,0.015074826580366692,fold_01
ck_b1c3dbac93946d0f,0,0.004822627281958516,fold_01
ck_749a72dba5246a31,0,0.0093190468768839,fold_01
ck_a3d407202a778688,0,0.2372060681011167,fold_01
ck_f3d502d64b63ed5c,0,0.004259218370518001,fold_01
ck_9872bf8fcb63eff1,0,0.008279693952660537,fold_01
ck_3de58bb881af9b79,0,0.03263390582265562,fold_01
ck_e8ce96c63facbe9e,0,0.032883830870854544,fold_01
ck_0e7634c403dada74,1,0.9869165489081252,fold_01
ck_5b02243a462b8465,0,0.01130299269690433,fold_01
ck_d4ac81e23949466f,0,0.0026611033779317854,fold_01
ck_bbaca5f5f9c82eeb,0,0.013812085201292483,fold_01
ck_985ae851040a14d1,0,0.00933455209380647,fold_01
ck_c1f93358022fbf60,0,0.00600034538904441,fold_01
ck_64bd761cfad1134f,0,0.018058653101784887,fold_01
ck_84384a97857ee9c7,0,0.015764446587564238,fold_01
ck_d8cf9e9cb710a8bc,0,0.03462948892030411,fold_01
ck_22e215a44900467a,0,0.007462931871000363,fold_01
ck_b87893c22d5545d8,0,0.018883866854117363,fold_01
ck_d208fcb57f9d6ece,0,0.003132868588489278,fold_01
ck_92c7ae33b53c59e4,0,0.015401350048064803,fold_01
ck_d752aea5845a1c87,0,0.9511820023328033,fold_01
ck_ceaef25cdb4c03d7,0,0.025413091912361328,fold_01
ck_3c735f22102fd78f,1,0.994254677138184,fold_01
ck_a856e78166e86a83,0,0.012518095563813364,fold_01
ck_39c00b2d26ca87c2,0,0.314631206619108,fold_01
ck_eec0a9dfdf83db78,0,0.03269907236324584,fold_01
ck_f1a360d69d9fa120,0,0.008804857513953683,fold_01
ck_23aef62748b69560,0,0.08666182194200309,fold_01
ck_84cd7b8035c9caf3,0,0.01299782802632457,fold_01
ck_52a59d2edc034ffd,0,0.0021783413845626416,fold_01
ck_a6cb3cec57b92133,0,0.022928689696151233,fold_01
ck_42795e748a110044,0,0.030414653662924385,fold_01
ck_4b621cfb6259c7fd,0,0.00836645317538343,fold_01
ck_b96a4c730bd43177,0,0.004147953320700955,fold_01
ck_3de52eebde5b121b,0,0.024024273094099217,fold_01
ck_0b58958851d1d30c,1,0.9984356880318495,fold_01
ck_df03afce252ca82c,0,0.011345908945635329,fold_01
ck_0b8d682d3a58c7b0,0,0.031166823522555443,fold_01
ck_c770dbc320229269,0,0.0035370671414622678,fold_01
ck_05aceb3964905dbe,0,0.033052253362157745,fold_01
ck_987a4e86a7ea26b9,0,0.04637536553318703,fold_01
ck_8eb55ac3c9bf411f,0,0.018657645299748195,fold_01
ck_099610768d5c996c,0,0.026903253219738108,fold_01
ck_e3268d49cac9246a,0,0.04144035446585092,fold_01
ck_463fade19ad3dbed,0,0.0180183095949235,fold_01
ck_085c310833e9ec85,0,0.006439582143173694,fold_01
ck_719d30b78dba8b5c,1,0.9538641220000001,fold_01
ck_c9a5cadf2c42cdbd,0,0.003393338375677739,fold_01
ck_a8bca29aea1ce07e,0,0.002051797146735024,fold_01
ck_d028a011fb876189,0,0.011492695566102634,fold_01
ck_014108d4ca959a1a,0,0.011869270655038334,fold_01
ck_fe95dd5bbf9e5bad,0,0.004647700301469846,fold_01
ck_876ecb084c9f77a4,0,0.00840874010371782,fold_01
ck_2b2257a0f137306c,0,0.00514954088737271,fold_01
ck_136a2d30f49c1acd,0,0.0020419807279033943,fold_01
ck_aa061ef3fb3e7c50,0,0.027100883339442036,fold_01
ck_9c03329cd4af9877,0,0.011453096471687681,fold_01
ck_cff669e3eb4ca07f,1,0.03748740924916853,fold_01
ck_4603dcd0508547ab,0,0.2580633705986379,fold_01
ck_fad05dddf69b6701,0,0.01769643040945994,fold_01
ck_c971dc619203dd45,0,0.3083660328465798,fold_01
ck_3a9426e53851e21f,0,0.004287349550223971,fold_01
ck_3dfef858ebe96ec4,0,0.010251557795511809,fold_01
ck_1a276066962f72ae,0,0.011579091911056452,fold_01
ck_5169bd0345e95a1a,0,0.019156087652150308,fold_01
ck_851f9a6fcf753490,0,0.008570822740537243,fold_01
ck_fbb7657fc4c5c4a0,0,0.012866637497856504,fold_01
ck_01e1cf9dcad46153,0,0.008662155512083125,fold_01
ck_13a0e3276faec9da,0,0.08323333025890017,fold_01
ck_1b7b7fec6ac50fd9,0,0.007652507172513972,fold_01
ck_bb24de314fee29d4,1,0.6646333765261537,fold_01
ck_70146f07083e1408,0,0.0950631383715209,fold_01
ck_937435b7d46d60fe,0,0.0033547775538593436,fold_01
ck_a456691865600117,0,0.006200227311629353,fold_01
ck_63ddd075b2d1daa2,0,0.01174819949980159,fold_01
ck_d8cd050053ede4df,0,0.04337556463529082,fold_01
ck_04c6857ae8bd7da2,0,0.01982294648819446,fold_01
ck_9b2f90a1f23853fa,0,0.003364693950185218,fold_01
ck_08077e7333abf471,0,0.01843834851221716,fold_01
ck_f315f2c6df3637f8,0,0.45340145049344793,fold_01
ck_7f60c9bb4fcbb5bb,0,0.0040159484950857026,fold_01
ck_ef0a94189a98ffbe,0,0.033694263927934995,fold_01
ck_cedd17b2dc96fbc2,0,0.009188959596759578,fold_01
ck_266d7c7cddd93b3e,0,0.09265884476401318,fold_01
ck_889a08aaa4f1b00a,0,0.013514064944775769,fold_01
ck_d9178140006a5164,0,0.011706183598063627,fold_01
ck_8a9f03b826130e40,0,0.18608805328561853,fold_01
ck_09765119ee9ca37a,0,0.07377501719141516,fold_01
ck_4f70ec652a0ceaf7,0,0.014384139409829586,fold_01
ck_1309527184e3cfa9,0,0.0023929921809028283,fold_01
ck_e09fb6bb2813c73c,0,0.08113261529065253,fold_01
ck_62e3365f5096032b,1,0.03731080735802762,fold_01
ck_b69085d042f52219,0,0.01942888346883606,fold_01
ck_93dfe77ff47b93b0,0,0.05239793699124142,fold_01
ck_e84ec60bf0bda3ac,0,0.018758774884771054,fold_01
ck_e7111094cddd1887,0,0.028059068848979102,fold_01
ck_a6c191e7cbf8e984,1,0.33163177106152003,fold_01
ck_b4b5bc5e277ceb51,0,0.008261824361007019,fold_01
ck_43e9041cddea30b6,0,0.06861551091946556,fold_01
ck_aacdbf47aa9a639f,0,0.0680764453486357,fold_01
ck_f464aa12ae69d125,0,0.0037525846565183416,fold_01
ck_4d2341e9373fe50d,0,0.023456262789787984,fold_01
ck_4b77a4330585f441,0,0.04589728143901208,fold_01
ck_b744c08f5c60868c,0,0.0028453809293999964,fold_01
ck_26cddcbf211f97a3,0,0.0032058127472050888,fold_01
ck_dae77cc077683f4f,0,0.024150108854758063,fold_01
ck_6a5d7b40399d3204,0,0.05310762506270209,fold_01
ck_fdc84bec9b5e9890,1,0.02386880220910956,fold_01
ck_89b1789d3d0b5c1e,0,0.024917764383308276,fold_01
ck_0bb0abe904d682ab,0,0.00680214701327498,fold_01
ck_4faebd8a7036713e,0,0.006834348378540931,fold_01
ck_644e8dbc0d4ec8ea,0,0.00377203706382765,fold_01
ck_16ad474f02026715,0,0.024134839509180397,fold_01
ck_2a018ba31cc2ec43,0,0.0029006042612091947,fold_01
ck_b30775d64f3b7496,0,0.021019704782478648,fold_01
ck_da9b137365a4915a,0,0.06407898335420358,fold_01
ck_deb870dfdc7e3f90,0,0.029098230987048012,fold_01
ck_34dc78596cea3d08,1,0.9980834475994385,fold_01
ck_a490e181b9c08dd6,0,0.008036994794924894,fold_01
ck_5ee663ddab0d79a0,0,0.002603496874082405,fold_01
ck_4c705b9253c54cbf,0,0.027715127298004957,fold_01
ck_d7353f2eedc3b031,0,0.0019364811196895362,fold_01
ck_4f1496659891b976,0,0.017100019835035108,fold_01
ck_4ab085ef4f2b285d,0,0.016868541509132744,fold_01
ck_f42b65917c2d3ce4,0,0.001003359937578924,fold_01
ck_03af300b2ba6fbe6,0,0.03949526748996952,fold_01
ck_715c4994a60bc193,0,0.0123553794543754,fold_01
ck_38b93307906aa2e4,1,0.18447216596945407,fold_01
ck_9c49cc857f60e926,0,0.01206167913760625,fold_01
ck_cca4d776730daa13,0,0.011622914837442898,fold_01
ck_dc9fba60fc9f640e,0,0.006100698960645229,fold_01
ck_28c310553b912f40,0,0.0022302272737910623,fold_01
ck_866dfa54e20ee6da,0,0.03941317637767346,fold_01
ck_7083f4eb1f46806d,0,0.020020955436667966,fold_01
ck_9302a9a6507d499f,0,0.0031692602398925027,fold_01
ck_89eb7b427d11109a,0,0.04325956659459349,fold_01
ck_cb3ee3873f87c78e,0,0.00910814574901875,fold_01
ck_10bae9d1123c86c8,0,0.014117686924183897,fold_01
ck_09a8027008a9e4a2,0,0.022472082262943893,fold_01
ck_9a2dc6eb74f1d1e6,0,0.009123421969974904,fold_01
ck_116a1d84cdc7b7f2,0,0.010692699366746102,fold_01
ck_ebc2cdd8c45fa7bd,0,0.00862871573926498,fold_01
ck_3e47276cd03cfa10,0,0.16353916034507415,fold_01
ck_1d10796bbf849631,0,0.009816060602099375,fold_01
ck_30ebc10920f3213c,0,0.003846796788540262,fold_01
ck_51bd1882e2b1531a,0,0.005977708279766039,fold_01
ck_fd8715c70b41df4e,0,0.0027138980980248237,fold_01
ck_41be9f1ae908ecf2,0,0.008726344922645972,fold_01
ck_bc5c11a5a4e97924,0,0.10430002139974748,fold_01
ck_8472f721d77479f8,0,0.0017305801530239733,fold_01
ck_a685818756784fa4,0,0.002547600441415498,fold_01
ck_9b0253de2485c603,0,0.014384506423280515,fold_01
ck_e3bd63c0946cc79f,0,0.0064366219202815714,fold_01
ck_10d0ac1962fe2845,0,0.005333225591268646,fold_01
ck_fbbaf769e7c9dd24,0,0.01804675555132082,fold_01
ck_00fc4e4bf18b0742,0,0.006799337326720907,fold_01
ck_a137769490109173,1,0.02153792732452318,fold_01
ck_0fae4280b838f4c3,0,0.023984688920701436,fold_01
ck_7673ab32e3672d29,0,0.003867827493763475,fold_01
ck_01ff70d3f7ab6178,0,0.010444711943699392,fold_01
ck_ae1607d749ca55e3,1,0.9901694507509793,fold_01
ck_6247bf924b07362a,0,0.00802718789210776,fold_01
ck_753a4e6429d43788,0,0.014818902055467676,fold_01
ck_6c230a1a99da2f38,0,0.006881827845500832,fold_01
ck_16d8b7bdadcab77c,0,0.00897930370129914,fold_01
ck_b724c312526546ca,0,0.012139339850573885,fold_01
ck_cc9142f3cd5557b4,0,0.08436357254342872,fold_01
ck_f12f9bd70f2cbbda,0,0.021684760160314554,fold_01
ck_d0d318e0b0fb25f0,0,0.022712269221997438,fold_01
ck_1c3900fef381cafd,0,0.044029133802418456,fold_01
ck_4c223c43f7107bce,0,0.045973623976336,fold_01
ck_4ac094fe4661df52,0,0.01843920866289006,fold_01
ck_d2af8581ce9a6268,0,0.01182676667212323,fold_01
ck_b9841c3ef61318e5,0,0.003337079916853884,fold_01
ck_bc022b2af83ed9af,0,0.06638741142802733,fold_01
ck_e685865a0d96cde3,0,0.005714266147094261,fold_01
ck_41cc84529ef926ae,0,0.004309647516926082,fold_01
ck_eac25400c37f6ffd,0,0.010684082757891983,fold_01
ck_c93647c553993dc5,0,0.016538038705653936,fold_01
ck_d274382b19488771,0,0.3103601527965946,fold_01
ck_f0f7f9f7e4b6f068,0,0.027768602895010715,fold_01
ck_44488aee8b9bfb79,0,0.001512116436843447,fold_01
ck_b76577cd4476513c,0,0.0075255414236058225,fold_01
ck_82be9650d12d1011,0,0.0027971111485279414,fold_01
ck_b16a960cd6f59137,0,0.03325078315835653,fold_01
ck_a947e5005804b8cd,0,0.007093911230977521,fold_01
ck_8fe64110de14de7a,0,0.006892264628337843,fold_01
ck_579d6c88735adc2c,0,0.01574572808825577,fold_01
ck_353a37919fc0a751,0,0.011287795804257128,fold_01
ck_5fec2d8f9bfa26c5,1,0.9845769518415834,fold_01
ck_866bcbef2e9ab14f,0,0.008434374202369012,fold_01
ck_a8ee9b23f43520e5,0,0.09164488377450637,fold_01
ck_1f8a14ac81722dab,0,0.00770510638645438,fold_01
ck_1be1eb300a3d2704,0,0.006819274130817233,fold_01
ck_020cec00cd7cd69e,0,0.005163609764389137,fold_01
ck_20c5b7e4af6583c2,0,0.021597687779607768,fold_01
ck_7e7cb6229db64665,0,0.017084592200353958,fold_01
ck_5bee3fd5d2e921a2,0,0.002367539804244005,fold_01
ck_5c45cd9a183bdb27,0,0.031201744175001194,fold_01
ck_b3066e725d0f80f6,0,0.017471922212190693,fold_01
ck_d949a2b73923fce0,0,0.1433648271489231,fold_01
ck_55eaa8487d4210e7,0,0.004512737108782767,fold_01
ck_22ec4a22942c57f3,0,0.021609664540624077,fold_01
ck_779c3b20f53167fc,0,0.003313620540857277,fold_01
ck_d39c2719fd8de098,0,0.005999118601481693,fold_01
ck_aba91fe84ef5b0df,0,0.007222937440986499,fold_01
ck_68539552caf84459,0,0.003606782832255087,fold_01
ck_d2d48e9f1fd4649f,0,0.024998637017896518,fold_01
ck_734e3503c2dd5c14,0,0.002557051474219148,fold_01
ck_39160706a834759d,0,0.012039089095371805,fold_01
ck_cf37fd1df209e642,0,0.006442900235321818,fold_01
ck_7f28297cfa7cd393,0,0.10883213754175791,fold_01
ck_1c5e390476ca993c,0,0.004983777899054434,fold_01
ck_cdd002ed37c3e5ee,0,0.04891732702578804,fold_01
ck_78efddba0b9bc34d,0,0.029433396719101324,fold_01
ck_ea51b051e74eeee6,0,0.00482170377251826,fold_01
ck_4997f073d6b0fd97,0,0.12534005774102291,fold_01
ck_99144ec124b5f7e5,0,0.05120763075323197,fold_01
ck_af34ed2cdf5c356a,1,0.7952800049588816,fold_01
ck_70701b5a7c629c79,0,0.02426981274952723,fold_01
ck_df5f16e03f953e6d,0,0.009341587502957915,fold_01
ck_b9a0d17c59eb26bb,0,0.005238800700599186,fold_01
ck_39cc11f14072ce38,0,0.04147943841847286,fold_01
ck_a01a834f93f382d2,0,0.013039390197188153,fold_01
ck_bb2e35e01b5f5a39,0,0.008789748743096197,fold_01
ck_d0c48fa7508fe84f,0,0.25107698700085007,fold_01
ck_b31fa9a0b7f16a87,0,0.007505485093707515,fold_01
ck_6eaffd579a4c9cb0,0,0.02896834964841034,fold_01
ck_c9fedcde744ad6cf,0,0.009874111111481808,fold_01
ck_280cbff3e4b97fdf,0,0.010563265734413916,fold_01
ck_f7828edc1b4d75bd,0,0.003924498507249338,fold_01
ck_af8670a0ea348035,0,0.006735681387341982,fold_01
ck_3ef3ec88d2fa347b,0,0.012477640157721636,fold_01
ck_ccdbfcc1694c6cbe,1,0.012231552583405641,fold_01
ck_bdaabf9d5ea08e6f,0,0.014842332768234079,fold_01
ck_ada534a3dba6c624,0,0.01764284891283334,fold_01
ck_a04466f511ee1f55,0,0.0047900205620449565,fold_01
ck_e1515806d35ef739,0,0.0799421889026795,fold_01
ck_577c77c90306b66c,0,0.002660362753341465,fold_01
ck_33a8fe3bfbd672e5,0,0.1618444071482299,fold_01
ck_4e71993dd0190148,0,0.001387408781465686,fold_01
ck_1019b020319f9156,0,0.009661680771171393,fold_01
ck_d2a0f830850cc421,1,0.9967836431127849,fold_01
ck_6a16e62f730becdc,0,0.00704629671809305,fold_01
ck_9d2feff0a5d23a53,0,0.04801074997106851,fold_01
ck_cc66ded4ee26d8ed,0,0.020941474551649235,fold_01
ck_ca67c8f4d41770cb,0,0.024263142410218753,fold_01
ck_5bf602178ef55cdf,0,0.021396849218465658,fold_01
ck_7dc7ec9c8ec71b9f,0,0.011535685451543782,fold_01
ck_2070cbe2902403c1,0,0.006956053743086098,fold_01
ck_3073d6842d4baae6,0,0.03495160603301227,fold_01
ck_8efd6b0141a03282,0,0.36882220265278837,fold_01
ck_f1e67d1413873ef5,0,0.00995088328826638,fold_01
ck_75245552cac92eac,0,0.00493780311812396,fold_01
ck_6f2d7f7037d8f416,0,0.0021220284391833964,fold_01
ck_8a97850d66a8a3e1,0,0.010418315012179966,fold_01
ck_cbc85aa5cb13f6c1,0,0.020161234961785655,fold_01
ck_50c19550d084ccbb,0,0.01638021046223645,fold_01
ck_37d99ec8005d1a28,1,0.030249653194962187,fold_01
ck_20138e5dff1e1b28,0,0.010921309658735941,fold_01
ck_a7aaaeb19e8617b0,0,0.012677021450894905,fold_01
ck_2f86c45e522e6aa1,1,0.013610840584496735,fold_01
ck_dafa33d55072a3ad,0,0.014492488423439347,fold_01
ck_94bc26e5f1d74538,0,0.7539820307635801,fold_01
ck_9f2706efa9b0143e,0,0.014418724521341738,fold_01
ck_151cc1dfcf155202,0,0.0027068070368426378,fold_01
ck_9b4acf868c292096,0,0.015134805846362277,fold_01
ck_cf3df2659f2c915f,0,0.0060889814637023745,fold_01
ck_2f11d6c863c4311d,0,0.012769931388469937,fold_01
ck_2a50e86b8d929888,0,0.09043169652050397,fold_01
ck_4981ca1c563f4fd6,0,0.00440003490372666,fold_01
ck_67d4313ed2ed5d0d,0,0.0020156957162171273,fold_01
ck_a5d452dfc9ed5c9c,0,0.006042575653512866,fold_01
ck_1bae08564d5296a0,0,0.007606748982342851,fold_01
ck_3dc3c63f28ca1b3d,0,0.008499869957872623,fold_01
ck_bd49fd4e2d27d531,0,0.056721622906876906,fold_01
ck_d1d6b3720a55ae05,0,0.02095553933326033,fold_01
ck_88bf0864408d4d1c,0,0.006622903959166098,fold_01
ck_bcdde7a5085ae8a1,0,0.0023261996668807942,fold_01
ck_e2953eca4db8e4d6,0,0.003127219267465742,fold_01
ck_849da768706d61f8,0,0.009177473281895181,fold_01
ck_c3731e090129cbba,0,0.10021450873831945,fold_01
ck_c10b84f7a36fa388,0,0.3433134962672389,fold_01
ck_2b2433c64efb00f5,0,0.008038016792810425,fold_01
ck_95736b6202cedd31,0,0.002668494047304942,fold_01
ck_490c4a010d465949,0,0.0015037336064914184,fold_01
ck_6c3ca20881946607,0,0.03272060848251815,fold_01
ck_0b4fc47b7335a97b,0,0.020194903481517684,fold_01
ck_294654da5001d000,0,0.011975709419617234,fold_01
ck_3055a3da997cd2d6,0,0.005446330082127363,fold_01
ck_4e2163334fc842e8,0,0.005482912257585922,fold_01
ck_ba3842f86741259a,0,0.01112309418953901,fold_01
ck_cc00578f8ddf7b9b,0,0.03370994675089442,fold_01
ck_d4d24abeb2a64b01,0,0.012886035171741871,fold_01
ck_1db0935fb811a014,0,0.04132406432903833,fold_01
ck_3bbbbff1920f8eb7,0,0.10010676381483027,fold_01
ck_7e4b5ecef6d14fd1,0,0.002176220106119469,fold_01
ck_dcfbf7afeb24a378,0,0.017233011914508836,fold_01
ck_cfe5ec419e73dab5,0,0.01922599634771461,fold_01
ck_aeb41b49f608678d,1,0.9990818221023821,fold_01
ck_dc86e86bdb7f27ff,0,0.006167876349613486,fold_01
ck_3d55e3518c38c589,0,0.0649458465993875,fold_01
ck_a56e42e4ed68fadf,0,0.012726198732389216,fold_01
ck_3867e54fdef9baed,0,0.029139079304913346,fold_01
ck_8e3cae7b87e3c7ae,1,0.9634157885675252,fold_01
ck_ac1623c38eef8e9f,1,0.9980941440201965,fold_01
ck_fd53cc8ba35c6699,0,0.030608625163537594,fold_01
ck_7b3d7202cf863fad,0,0.011422992194037139,fold_01
ck_9f4966d5708a26cf,0,0.04077112539819522,fold_01
ck_886603ee2b3490da,0,0.007120885733488713,fold_01
ck_2d4ad773e0fe682e,0,0.01375530801711696,fold_01
ck_f363e8c30dc452b6,0,0.015989081324096353,fold_01
ck_d0b8f69035b36f6f,0,0.0020535308150373076,fold_01
ck_a71ab3eb376e96a7,0,0.006214270251679108,fold_01
ck_bbd6db5a702a3794,0,0.03378305014871807,fold_01
ck_567e49858817af94,0,0.00674525054766681,fold_01
ck_10fe74f50d44f363,0,0.010051824459611376,fold_01
ck_e48db097283b2b62,1,0.03987971871960116,fold_01
ck_ded73e74f2d71b7b,0,0.2310045068679806,fold_01
ck_11ddb07852da1a97,0,0.017494115733703366,fold_01
ck_2d76adca793382b4,1,0.997790592228466,fold_01
ck_1c21ff1109b1012b,0,0.004595866466831562,fold_01
ck_e9844d17d03b092c,0,0.02463471850462265,fold_01
ck_3bcfe647b3354ca0,0,0.006813876175763656,fold_01
ck_4411398cd8218618,0,0.059392967419229725,fold_01
ck_f8c0c5bd0c4a0cb1,0,0.012097407047918306,fold_01
ck_1f13626a30c22ddc,0,0.025579506147215488,fold_01
ck_899532bf1b9572d7,0,0.006527098069271475,fold_01
ck_407a7c6faaa691bb,1,0.9435636098411156,fold_01
ck_c3db5413e4b93359,0,0.026925116782120118,fold_01
ck_6681992a4474c13d,0,0.00713397334971093,fold_01
ck_620d89e550fe20a2,0,0.014475633527914686,fold_01
ck_d246c5760f6a1746,0,0.009858438793496628,fold_01
ck_a94f615da9d8780c,0,0.0063161802033795955,fold_01
ck_ab6c12435fd6742a,0,0.011534431017520197,fold_01
ck_b51709bac80fdcba,0,0.012859928867025968,fold_01
ck_1f84c4458f9aadbb,0,0.010266231782511065,fold_01
ck_76d0e33a31188fed,0,0.002580512263554701,fold_01
ck_666b890415d530a2,0,0.0053941319770672794,fold_01
ck_1c5b380dd444f463,0,0.054939850981325124,fold_01
ck_1b2d75e2c3244949,0,0.009395511527235457,fold_01
ck_573b4fa8802528f7,0,0.010021938584653698,fold_01
ck_46e577553e6db549,0,0.02502047773618837,fold_01
ck_f4e98645fef47d7c,0,0.04915985036236635,fold_01
ck_4b51f5e5b392d049,1,0.9991780201815021,fold_01
ck_94c56312bde4b612,0,0.03050015663513803,fold_01
ck_b8fdf2be75f214b7,0,0.01472919763610234,fold_01
ck_aa6c5b71ec368d50,0,0.1001382776338853,fold_01
ck_4b10d45bfb882bf3,0,0.0031838658166823647,fold_01
ck_888aa9a54e254b5e,1,0.9808053856014337,fold_01
ck_19479039068f9c55,0,0.0031656699102094368,fold_01
ck_e4512f500811e425,0,0.0029897796128392816,fold_01
ck_9340db25a884ab74,1,0.02195327030777213,fold_01
ck_6ce48c043ce2f694,0,0.016540962355260518,fold_01
ck_485bdc0c26375e83,0,0.01340757313192216,fold_01
ck_c6c42b5720946eac,0,0.008964697745603233,fold_01
ck_0f0a0407fa011dc9,1,0.7992598637184769,fold_01
ck_938feabd065d5928,0,0.054789279955315684,fold_01
ck_173c2cfe4bdf6b4a,0,0.02731920691054741,fold_01
ck_94ec35db3bc6e9c4,0,0.054322146071823556,fold_01
ck_ce9a7492d3e38b3c,0,0.024000350493049695,fold_01
ck_b9ee2bffe1ea3901,0,0.02472966069010979,fold_01
ck_5651f17113596efc,0,0.0007201301204191844,fold_01
ck_b7ded588d2a0407c,0,0.013669646774962565,fold_01
ck_eb0ceb7786ee672a,0,0.00793695630127894,fold_01
ck_a6619576146d4ffe,0,0.2602652237391759,fold_01
ck_ff8f4a9a7fc46d33,0,0.006474672970668787,fold_01
ck_317a5ba3b725ea53,0,0.029220807263858256,fold_01
ck_710739434c0420de,0,0.003599932833795623,fold_01
ck_afd40956e5860e19,0,0.0024921862806107095,fold_01
ck_704e8a35abd8f655,0,0.001769058487560464,fold_01
ck_0c20c9e78ae8e0d0,0,0.012322186485681215,fold_01
ck_de613d62ce647ee0,0,0.010189523419350609,fold_01
ck_747c28e6fd866879,0,0.007121584419275751,fold_01
ck_7415e0a7692cca1e,0,0.00722324790972742,fold_01
ck_df15374ac632e895,0,0.0953453602683818,fold_01
ck_0cc451f0c781c99b,0,0.006657016681463224,fold_01
ck_75d03d052037ab6d,1,0.08865260104050629,fold_01
ck_cb29a13dc1a8ab19,0,0.06826901811124655,fold_01
ck_30cccac2e74fe92a,0,0.022202623854939832,fold_01
ck_2e8dceafabcac459,0,0.2141527244469175,fold_01
ck_65a7cf0f11158044,0,0.00830032243722295,fold_01
ck_b3642840943fe6b0,0,0.03393166700124528,fold_01
ck_626460a9bbe318f7,1,0.2696688629722412,fold_01
ck_5bff1d3d54a5a68d,1,0.9960125648182443,fold_01
ck_236c6f666229431f,1,0.8236236740992344,fold_01
ck_0fde0e0009050f0a,0,0.0028674264996828985,fold_01
ck_ec7a94b19a8ea0b6,0,0.16637056202034753,fold_01
ck_9ac052c78c1674c2,0,0.030419067970196893,fold_01
ck_5502809688dd31d9,0,0.005918545340684025,fold_01
ck_6b4a242d5c544f20,0,0.0025273929674147666,fold_01
ck_57428f7d8f391235,0,0.008022447027366915,fold_01
ck_6007507adba32b75,0,0.009210380698606285,fold_01
ck_0bb039ccc57c7ced,0,0.05827040114755582,fold_01
ck_54c16b16811b00a2,0,0.01970422819496033,fold_01
ck_1cad945c605889c0,0,0.050866220988952916,fold_01
ck_2ec272d0f764a72d,0,0.04420706268946977,fold_01
ck_54989b50d7d1a161,0,0.012761428966878076,fold_01
ck_3a0e4ca8b8b445f5,0,0.04231906881751797,fold_01
ck_8a21aa0bf7310606,0,0.0022781299214210413,fold_01
ck_c4cc935e1bb7d713,1,0.9779108829905461,fold_01
ck_9d548d316343b926,0,0.012940099756451495,fold_01
ck_681125795c5dd26e,0,0.012580853872139574,fold_01
ck_595ab6db8b8a66a8,0,0.004909196823799146,fold_01
ck_56fcc7676f554a41,0,0.012286428548452421,fold_01
ck_81db79216c813a15,0,0.014186081184807119,fold_01
ck_2849e2bd31edcd00,0,0.016054322781753283,fold_01
ck_9267691b9df8bb3a,0,0.010085325481191282,fold_01
ck_2b71ed82202963aa,0,0.0012305910728325653,fold_01
ck_c2a1f9b741297b6b,0,0.006639795099548881,fold_01
ck_4eb70a63aec7ac58,0,0.0010932312164513675,fold_01
ck_1358976872f6d94a,0,0.03164049935971959,fold_01
ck_cc21f316725c4515,0,0.04567225746226523,fold_01
ck_b08d985b891a733b,0,0.004589294566632185,fold_01
ck_b71b1a802dc85144,0,0.016209293395162132,fold_01
ck_dac6b9d9db1b88d8,0,0.012419076685556536,fold_01
ck_977c1cda7a42651f,0,0.005998092670615369,fold_01
ck_c5d7b531c22af96b,0,0.13305579509692475,fold_01
ck_5f248dcfd636135f,0,0.05283787640077852,fold_01
ck_a3c170caf96881f0,0,0.011037600132822995,fold_01
ck_630458233954d71d,0,0.015625825584160057,fold_01
ck_e0db87be826e1317,0,0.003996057367331071,fold_01
ck_83a00d7518ce2bc2,0,0.012488210627865133,fold_01
ck_a22655bf0d70ebeb,0,0.03903973356434867,fold_01
ck_566fedcb08c70942,1,0.619291511035369,fold_01
ck_39e6d0a49663e3f4,1,0.08461746536004135,fold_01
ck_a3f62e6a159d4cfd,0,0.009221517798073158,fold_01
ck_3264a0c82dca3551,1,0.9839686771295537,fold_01
ck_3cfc55e948deef95,0,0.003907649206449728,fold_01
ck_0133a2f7dd76a4d4,0,0.03728934021824545,fold_01
ck_d22ae23815fd7c1e,0,0.05213670087220696,fold_01
ck_52f6b5ba39b159d8,0,0.007846464133848628,fold_01
ck_19ce512f5eae26bb,0,0.019050884559739762,fold_01
ck_215b6eed1ca61c8c,0,0.012245081571936073,fold_01
ck_fcd7ff5fd54ed2b1,0,0.008506485129102095,fold_01
ck_16cdf48cfc0df992,0,0.004978213801398377,fold_01
ck_f72f76dd6cb1c11e,0,0.006861805765064975,fold_01
ck_8d59120db914d8c9,0,0.004865847675384955,fold_01
ck_7423cc7ae58d4adf,0,0.0249903859844533,fold_01
ck_d74426b4852c5e0f,0,0.008178959257913872,fold_01
ck_4b346b0936b3ece1,0,0.0029201334169595278,fold_01
ck_14658d73c68ff93f,0,0.008470939901490579,fold_01
ck_d78aa4dacb792ff7,0,0.01748767930317854,fold_01
ck_2f1b151260de8fa1,0,0.0523318211113432,fold_01
ck_6f02b225a98e6545,0,0.013195610882711553,fold_01
ck_d23294dbada7e766,0,0.013521840379636085,fold_01
ck_372a5402dc6c5ebf,0,0.10537461040641041,fold_01
ck_ad19f9bcc51e890a,0,0.006207924282102313,fold_01
ck_c03500b44ff3e722,0,0.14414412342643804,fold_01
ck_0ab535614acee451,0,0.02551754793417398,fold_01
ck_f5ba95cd5c551b9c,0,0.017104887441374634,fold_01
ck_915035e85aba2088,0,0.031420026079478275,fold_01
ck_77f615c43f02b764,0,0.011676173889901966,fold_01
ck_04b9d77de08f2a8d,0,0.006958970705172052,fold_01
ck_c1d327fe6c4a8f7b,0,0.014283470994463423,fold_01
ck_98207f336140620c,0,0.006454908473916044,fold_01
ck_10d1f2ec7ee73666,0,0.016028320421626725,fold_01
ck_b6fa35c7f5941c62,1,0.821062085846577,fold_01
ck_a3e31d3f317926dd,0,0.007119832253498309,fold_01
ck_93b8a615311e46b0,0,0.031063631735973783,fold_01
ck_cb5360d3cf1d18f4,0,0.036553228830848224,fold_01
ck_f7b1a777a43560a9,0,0.0058383195483722875,fold_01
ck_9d2e6a90b9ebb0c8,0,0.020563392948376537,fold_01
ck_efe75a11c67c195c,0,0.0051808063408822136,fold_01
ck_038e6440c15123ab,0,0.002330146430470412,fold_01
ck_14c0a9ee710d2946,0,0.01696176451110122,fold_01
ck_2786c86cff5469ff,0,0.006257885464049411,fold_01
ck_67261efe88147025,0,0.013898849104515712,fold_01
ck_de89635d41f989de,0,0.02058432869449083,fold_01
ck_a2b80e0685ee3e93,0,0.0274350569169782,fold_01
ck_a34f779401d99ef3,0,0.0016761009276736434,fold_01
ck_080f020b61d6685b,0,0.0018890034955126756,fold_01
ck_473b9e72f84d5141,0,0.006235549599122607,fold_01
ck_3eda736480cf7159,0,0.01749725249485751,fold_01
ck_0406e55657f35860,0,0.04044683300492697,fold_01
ck_4d4bba51c9c942ad,1,0.8403373759955456,fold_01
ck_0bdd8ee687e27993,0,0.0022036250754377093,fold_01
ck_af40840aa82ade95,0,0.00567279666957638,fold_01
ck_2273755a6a02865f,1,0.993316685790878,fold_01
ck_d06c57ea3dcb6d3e,0,0.005281927478355682,fold_01
ck_1b41a4fc62ecaf85,1,0.15799156448003215,fold_01
ck_cdd3d8b2f16956a6,0,0.004012780432879369,fold_01
ck_1053be7cfbe0fe5d,0,0.04381882494844189,fold_01
ck_4009c169f2a9e9c1,0,0.450595891300899,fold_01
ck_cfd5a8326e518cc8,0,0.00657288036382383,fold_01
ck_7150346908556a49,1,0.9984465641626267,fold_01
ck_bbdba04d383524d2,0,0.008387291341254313,fold_01
ck_90a9b40de2783382,0,0.1277254964547488,fold_01
ck_a14837ac86791654,0,0.01804695177309283,fold_01
ck_8bd1ca7f59d4df4c,0,0.02006892936568651,fold_01
ck_03b60b5c2d9d179a,0,0.014111359294108967,fold_01
ck_4f6e717db86373f1,0,0.023854886742441288,fold_01
ck_cf9d0a3d34851ec6,0,0.11476996393710119,fold_01
ck_606a34217f88f6f5,0,0.038795645369565,fold_01
ck_3a76b6b7f382ff07,0,0.00325631945433956,fold_01
ck_47c523e9c23b3448,0,0.00636396292052002,fold_01
ck_5817ccbd493ace58,0,0.00908392338551193,fold_01
ck_e7fbc75fe092d4ab,0,0.008521606854516032,fold_01
ck_0bbb128cdbd7f4e8,0,0.01673745583049903,fold_01
ck_d241f5613ffa843c,0,0.018689600805747157,fold_01
ck_250546c46d872b43,0,0.0013117890795647776,fold_01
ck_b8c708a6400366a9,0,0.03127585855432861,fold_01
ck_f9f8c7040e21d99a,0,0.021445975347141915,fold_01
ck_2f0861b4370fcf43,1,0.9915377725226765,fold_01
ck_2edcb3de63fd97bc,0,0.006488399082739145,fold_01
ck_9842fff4e533e4cf,0,0.01689365775703112,fold_01
ck_d18544a5cd6a03d2,0,0.01864955218496705,fold_01
ck_45213de9e4b9529c,0,0.03189165938517036,fold_01
ck_b40eb1215b35d2e8,0,0.03696188607817746,fold_01
ck_bc4b94f157247581,0,0.029494944899309004,fold_01
ck_5e3677738e80235b,0,0.04336542337417144,fold_01
ck_d809347f3df4a7f2,0,0.02748679942087803,fold_01
ck_3defef39b14a154e,0,0.022172107815319187,fold_01
ck_19bc3b1c674d6d7c,0,0.033817129913547496,fold_01
ck_04140ee65d4b41ab,0,0.011015780487430326,fold_01
ck_6cfbd1e7e30b49fe,0,0.048872008191763225,fold_01
ck_4579074b54cb6ea9,0,0.024556711511388222,fold_01
ck_ed953829dfde1113,0,0.011548400854791757,fold_01
ck_1f00a56c550f4bd8,0,0.02007911244367439,fold_01
ck_810e307314144c36,0,0.00390666462304673,fold_01
ck_8e47020a34df68e5,0,0.01976926090074832,fold_01
ck_f31acc18e4523edc,0,0.02145314359060443,fold_01
ck_455712d99cfb35a5,1,0.19598670482424146,fold_01
ck_e3c0a81a16c3d6bf,0,0.014526993490585957,fold_01
ck_2181dc3ecb361b78,0,0.002222392646001472,fold_01
ck_db665eb9d30ab6b7,0,0.07094394437467823,fold_01
ck_6d7755ebbfe92fff,0,0.01483989915334898,fold_01
ck_696e08607d6eb341,0,0.0074977261651806145,fold_01
ck_a549f65227fc98db,0,0.005255594762056733,fold_01
ck_ad1d8b80ce045994,0,0.0047273866653513115,fold_01
ck_216498fd8898ee41,0,0.029283221726943323,fold_01
ck_4a7dd1a1e2fc1da7,0,0.004699674581775908,fold_01
ck_5ecfb5dab967c31f,0,0.14666957136306874,fold_01
ck_31be303671785316,0,0.030400594929292243,fold_01
ck_ac5520683237f461,0,0.013092036775998333,fold_01
ck_d7868b9955ce8195,0,0.00918437027604092,fold_01
ck_8faa9a1ba379dd6b,0,0.06858690320601335,fold_01
ck_b759a872d70cf8d6,0,0.022816675563522463,fold_01
ck_337009a0f60a9079,0,0.0028268906383698924,fold_01
ck_5ba54a529d4b9fec,0,0.02631223319114879,fold_01
ck_cf1dcd4efcb9cb38,0,0.02974314354356188,fold_01
ck_f87bef8108af9735,0,0.025056102156930042,fold_01
ck_f4152262b3e264ee,0,0.0024577453871499734,fold_01
ck_f618618beed1c10a,0,0.0016637986322295339,fold_01
ck_fc14be1b7737db04,0,0.002771120919031887,fold_01
ck_d45f74272a90f4a9,0,0.18826019155485219,fold_01
ck_8d28610138fd0d56,0,0.0059484249508896785,fold_01
ck_468282c5ad8394e8,0,0.014667399106260885,fold_01
ck_4549b3d55feb4176,0,0.1498745990313657,fold_01
ck_00bbd17bb7121a6a,0,0.08226004107668124,fold_01
ck_ea083133c478a396,0,0.007542666899767851,fold_01
ck_c550ecb3679f8f87,0,0.0016216107514792641,fold_01
ck_7278de499857068c,0,0.01422177076798887,fold_01
ck_d508e04da6093eb8,0,0.018728789790038964,fold_01
ck_ded26e411be9d493,0,0.012385207585856109,fold_01
ck_5dbef1d11f7326fd,0,0.00674470428014812,fold_01
ck_152bab1d146a7773,0,0.014946738366850364,fold_01
ck_ab0f0c733a4a4afa,0,0.0022421222912173545,fold_01
ck_351addf5a620dd54,0,0.011710313048321378,fold_01
ck_6a0824a0cdb3771c,1,0.9345100157639654,fold_01
ck_250c809ac1a2bdb8,1,0.9977735080100013,fold_01
ck_194ebdfb6e6f15f1,1,0.22403284914874658,fold_01
ck_b4d9ab68eef8ea97,0,0.010412818448837029,fold_01
ck_ebfe6f474c231eaf,1,0.9654004828773805,fold_01
ck_07cbeee799ebf796,0,0.011200947597663128,fold_01
ck_f854379aa3d1372c,0,0.00460539424736092,fold_01
ck_2ba12ca4674b6545,0,0.011656458647232781,fold_01
ck_8c9447f76eac3625,0,0.03878565049045247,fold_01
ck_2dbe45a12bc3b6c6,0,0.003229257791016294,fold_01
ck_f54729a527455d8d,1,0.7172370870282536,fold_01
ck_1e16882a63205153,0,0.02644772537575005,fold_01
ck_1f050d9db1f055a6,0,0.0405179251759702,fold_01
ck_71f877385d9da7ac,0,0.006545164435134292,fold_01
ck_6a144481fbfe46c4,0,0.008330260032094177,fold_01
ck_9b3f5175d1266a00,0,0.011069575093925409,fold_01
ck_e65a96533ee56567,0,0.0040205063349233496,fold_01
ck_2bca2fde8b5e71d3,0,0.005795410949890766,fold_01
ck_a924215675b3de5c,0,0.04607641992133703,fold_01
ck_974f569200c79bb3,0,0.01557503908353945,fold_01
ck_9b302fbf052989d4,0,0.006572395393678511,fold_01
ck_f7844a6a04d34428,0,0.010697147524119906,fold_01
ck_b1725024d9588543,0,0.0020584740450956098,fold_01
ck_fac5d168e3309bfa,0,0.038455703770229506,fold_01
ck_c549e536ba0ab6f9,0,0.0068233214221727675,fold_01
ck_f609bd25e3afe993,0,0.004667678152252881,fold_01
ck_07f9cb644d0ec306,0,0.1161398984112656,fold_01
ck_573f66c17c1556d6,0,0.022562550847053872,fold_01
ck_dd9cee0ddc4be3ee,0,0.013513990584748961,fold_01
ck_349992ab01d5d88f,0,0.00257931657417368,fold_01
ck_4bd4d398b1eeb8ed,0,0.012806782258870579,fold_01
ck_e925c17710f4967c,0,0.43827047824310067,fold_01
ck_7e80c8d70f7ef513,0,0.043663856042464116,fold_01
ck_e17eba38619cf4a1,1,0.34816480283652623,fold_01
ck_edbf494e55a80f65,0,0.010198512521706062,fold_01
ck_cf8d169829e74aa6,0,0.012980871809983743,fold_01
ck_0af0b2928d1ad1c8,0,0.0034392726152770083,fold_01
ck_b67dd8180f615b90,0,0.020465334605880656,fold_01
ck_938499b911e404d0,0,0.09490070595631536,fold_01
ck_d312861498eb9096,0,0.008413408820390536,fold_01
ck_e3dec59e3825ff3f,0,0.06838552711804846,fold_01
ck_6fffc988eb770423,0,0.2638839500189748,fold_01
ck_e00a9125e3df5def,0,0.033068525254168354,fold_01
ck_5fd2ce1504f76590,0,0.04393809470302383,fold_01
ck_06db45c4289caf38,0,0.013034780409310406,fold_01
ck_97d61b9b4a68cc79,0,0.14976968821568698,fold_01
ck_0cb222b87035345f,0,0.012736892913939483,fold_01
ck_738a868fec1a008b,0,0.0799815876546873,fold_01
ck_57d8b88393ec0654,0,0.024564803013581656,fold_01
ck_a1915b0647678fdf,0,0.01655028348409218,fold_01
ck_de21e7118c295fca,0,0.02101053783818955,fold_01
ck_c4108c1dd61000ee,0,0.014504052609330869,fold_01
ck_4bcfc212aceddea4,0,0.004510683545836539,fold_01
ck_1685efb32b51dac0,0,0.011029054642018886,fold_01
ck_b6f45b99766ba61b,0,0.028823752630832575,fold_01
ck_75fdaec8b74137fa,0,0.013200182168432089,fold_01
ck_da2528d09bf66ab2,0,0.013494920242118338,fold_01
ck_a30f21d297c7836a,0,0.02081866585582031,fold_01
ck_a8991087f5eafc20,0,0.024785810702970142,fold_01
ck_86ff21793e5fbdc6,0,0.018775609814525907,fold_01
ck_2b47ac48665f6fb5,0,0.06614973337281185,fold_01
ck_ff09a7c13612a6d5,0,0.015164749594178796,fold_01
ck_34158fdf1d97dbcd,0,0.0066773623911277275,fold_01
ck_90c4953caa216bce,0,0.0056351415320122136,fold_01
ck_83334867b2671e64,0,0.022394848010516832,fold_01
ck_7766216775a08af5,0,0.022692226513090274,fold_01
ck_c16c4794870c54f1,0,0.0053910370727081386,fold_01
ck_1620fb8a53d391fc,0,0.010233729592515806,fold_01
ck_588fba301fd4d33f,1,0.8880604610445486,fold_01
ck_30fdb1f6b938fdb5,0,0.011502086113608445,fold_01
ck_07c82743eb85dbdf,0,0.01390012161894846,fold_01
ck_95ca60766b23b4de,0,0.0040543933435807505,fold_01
ck_8efa65fac1ccd210,0,0.0349127881351076,fold_01
ck_dbff6f920f4612ce,0,0.005596944328840849,fold_01
ck_4e89fca81f7134fc,0,0.014038310754902777,fold_01
ck_b9f9e5f6658504ff,0,0.02686843712195433,fold_01
ck_dcce77f971b5c7ee,0,0.010445434478116522,fold_01
ck_bb9a71f8119b8435,1,0.023168992278057313,fold_01
ck_8247db83b574cb65,0,0.05619299025950935,fold_01
ck_6297dafc39825010,0,0.010463740934437327,fold_01
ck_4c860c7d927170d8,0,0.011910634633091296,fold_01
ck_d309bbac4fdd0213,0,0.022199366570055723,fold_01
ck_d1cec458ea94e3dc,0,0.005862855425875205,fold_01
ck_2fe8bdc0472cebfc,0,0.013638236967640178,fold_01
ck_ecf126cc8476be79,0,0.027692432934795102,fold_01
ck_ecffecc5e12105e9,0,0.015273684160564138,fold_01
ck_d36a41ad72f071ba,0,0.007907460992763446,fold_01
ck_72d0d9a99e6510b4,0,0.006185985355688363,fold_01
ck_b970f49624d00b63,0,0.015598589560186605,fold_01
ck_c0ad625636a2c208,0,0.0024733914569229415,fold_01
ck_60eb8d886ef7aedd,0,0.0066246513820199995,fold_01
ck_5270417412282d73,0,0.02375082456624455,fold_01
ck_561b12d3efe5f3ee,0,0.014690735242988376,fold_01
ck_5dd97a284da53681,0,0.003671278118135377,fold_01
ck_690e11dcbbcedf81,0,0.06844952340308787,fold_01
ck_83562a0149d20246,0,0.0034637590299286375,fold_01
ck_9474d0d7871ee925,0,0.011663880404251356,fold_01
ck_74158855409759c3,0,0.0024431862330288163,fold_01
ck_bb14a007998b876d,0,0.0043357829430025205,fold_01
ck_719ada304c635c44,0,0.007909425820279307,fold_01
ck_2ef7d09264488f8d,0,0.01179769074191767,fold_01
ck_720af506348307a1,0,0.00492938980801479,fold_01
ck_900ac7aef0d31b4f,0,0.01565466446675374,fold_01
ck_8e5c58cd8631e6dc,0,0.009243407793536966,fold_01
ck_35765303e6d1fc6c,0,0.006171504332835768,fold_01
ck_7acac363813bf317,0,0.00382092383453587,fold_01
ck_6e195b000c0202d4,0,0.013243478602156428,fold_01
ck_8a23e2efeca7de3b,0,0.009166600461280068,fold_01
ck_a5e54544134f2ae0,0,0.015216070146726652,fold_01
ck_5be12e42cd7f381e,1,0.8825541448248017,fold_01
ck_c4a85807ea87e63f,0,0.18798654820813374,fold_01
ck_20647babd501ec33,0,0.011057951788588437,fold_01
ck_ecc3de5cd1710c19,0,0.0071260772734857815,fold_01
ck_dcaf29de0b423960,0,0.0048458834504881716,fold_01
ck_39b0a58e79afa9eb,0,0.0011045253116477426,fold_01
ck_1344fa4c1ed0e798,0,0.017264569849853015,fold_01
ck_02384c36cd96ea28,0,0.010029743685128377,fold_01
ck_21bf5977b1680735,0,0.01968041085849973,fold_01
ck_698017231672e61c,0,0.001000232468194014,fold_01
ck_d672c382eec221f4,0,0.02333671943249765,fold_01
ck_392810c6460cfe8e,0,0.00529036393261531,fold_01
ck_69eaccf5e1b0fe53,0,0.25321041673486017,fold_01
ck_2f7eef9444a338ce,0,0.004154185206998406,fold_01
ck_9f3be1fdf145d18a,0,0.012418354317956688,fold_01
ck_16d942c33852b64b,0,0.012202631638220447,fold_01
ck_5726bd4ca08901f6,0,0.1363634309820513,fold_01
ck_75bdbf7477dcf959,0,0.07499649556070874,fold_01
ck_fa6fce150437eedc,0,0.012852240816853018,fold_01
ck_b39b8ad7838028aa,1,0.958540925508996,fold_01
ck_4f3e76a6449d1391,0,0.015694372920637578,fold_01
ck_0fe0606f20dcbbeb,1,0.21418065901178412,fold_01
ck_17e199016362555e,0,0.025530341152908764,fold_01
ck_0cdc509b1e6a5c9a,0,0.023268517073554894,fold_01
ck_7f6486cc1cbf2340,0,0.014430803408712398,fold_01
ck_bb53b663d79132e0,0,0.2627275688905767,fold_01
ck_d149059a5070a48b,0,0.002279168900287808,fold_01
ck_c19e915b86be5645,0,0.04249066481172793,fold_01
ck_2208338196ec9e7f,0,0.005905645408419851,fold_01
ck_cb797b973b258db1,0,0.002335004704715022,fold_01
ck_3b0199f981c9c2a5,0,0.020088748043797584,fold_01
ck_7fc4cd0297a42e61,0,0.011978867399942124,fold_01
ck_5518a7a932c7b033,0,0.012339835609502104,fold_01
ck_d2e349582ab8d71b,0,0.02229850213440834,fold_01
ck_a5c8ffe3d9b20b61,0,0.055092296794844474,fold_01
ck_0429537c0f5b6640,0,0.009262489189669477,fold_01
ck_6e497d41c950635e,0,0.033396702947189036,fold_01
ck_3d214bee91cf81ac,1,0.9764473911300275,fold_01
ck_ab0b904cb8330eff,0,0.0027678940884117457,fold_01
ck_a66ae784554321ae,0,0.001981524081612671,fold_01
ck_65eb4aa5891ff4eb,0,0.04458749635535769,fold_01
ck_b111ca1be30555be,0,0.06160720801203223,fold_01
ck_7d02eb72cb205771,0,0.10754471502840789,fold_01
ck_a0623c6d491d05c7,0,0.00655932799940491,fold_01
ck_067193289252b51d,0,0.01341706618038091,fold_01
ck_03be0c9380cea603,0,0.041371765499586814,fold_01
ck_b25379ed0837f7ec,0,0.013227530723823546,fold_01
ck_7b853990028f6384,0,0.006994657182310246,fold_01
ck_366695b7366db217,0,0.03726079086038011,fold_01
ck_47bc08640bd82c16,0,0.032345015362466666,fold_01
ck_cf37336f30b4268f,0,0.005116624962391716,fold_01
ck_4870001439e22578,0,0.012746019947271434,fold_01
ck_55a29c8d92b16abd,0,0.007199154749073832,fold_01
ck_8c0c5090f609ffbd,0,0.02010413640555892,fold_01
ck_0cc4debaf00b2ff0,0,0.009711181878835897,fold_01
ck_3ff095401bbedf1f,1,0.02307221055069475,fold_01
ck_815b83bbc6470aa9,0,0.03383452739918197,fold_01
ck_e7a674f10693df87,1,0.9873245883978918,fold_01
ck_cd7ee28138f826a7,0,0.2515832327200875,fold_01
ck_5a6b8c0b7ef2d988,0,0.003364935410084869,fold_01
ck_3adea385c1a94eed,1,0.311219403599573,fold_01
ck_02624df83fc0f95a,0,0.02599753348265804,fold_01
ck_7a0e660e7729a7c8,0,0.01663058943260836,fold_01
ck_26f0aaa4374c3b69,0,0.04629260140510797,fold_01
ck_8279370b97949d32,0,0.015904914634110597,fold_01
ck_f5d86b86f1eddcd4,1,0.11237867361288421,fold_01
ck_d8a5c4c7e9121df9,0,0.0014871426482240642,fold_01
ck_ce6cbfeba43f35f2,0,0.0008415295741858376,fold_01
ck_5bd264f4608555ab,0,0.030409376359901836,fold_01
ck_31699f088b1c2e0c,0,0.02875825826909155,fold_01
ck_8f28494b80cb2938,0,0.010297977829630291,fold_01
ck_e1642e946d405aad,0,0.01707065609899725,fold_01
ck_d74657ac8ca5d210,0,0.006240308932020642,fold_01
ck_2eee53abb5decfa0,0,0.007730183531928263,fold_01
ck_be436a7ff39d55db,0,0.02369930808321044,fold_01
ck_93879e1a5ebabf54,0,0.014550665818247523,fold_01
ck_7439b746462e70ad,0,0.010875050693926486,fold_01
ck_1ed6a3740cf9a8ea,0,0.016661830371923203,fold_01
ck_d68232b0462947ff,0,0.0025969405007637866,fold_01
ck_7b1804bd50f14a56,0,0.01720006815543784,fold_01
ck_604dc05d8e63ddaa,0,0.020672034218226172,fold_01
ck_61f8ddef5e09201c,0,0.00622905477147329,fold_01
ck_8f4a5acf5437c2ae,1,0.06151946957550808,fold_01
ck_2a4fe389ee4ab0d0,0,0.0030640570636387226,fold_01
ck_e9be5ec02c17c3e1,0,0.006345965788726023,fold_01
ck_1dabf148eb01cd3a,0,0.24095109243743495,fold_01
ck_e28d2559c283660e,0,0.008739467132462484,fold_01
ck_d11634a2ffe27b98,0,0.0017896145995020115,fold_01
ck_9977acf98c309f2a,0,0.0021388106437982275,fold_01
ck_1893d557ab7bcdd2,0,0.004136143858684161,fold_01
ck_8c621a40db5cdee2,0,0.004614240007510149,fold_01
ck_afd20e2c8c57b5ec,0,0.06909465299471576,fold_01
ck_7b5e4ed7f6dcaba2,0,0.02952666137060223,fold_01
ck_838969ff585929c3,0,0.01782913360411953,fold_01
ck_0b6bfb69516dbcb7,0,0.04341299355629446,fold_01
ck_1357eca75ef826be,0,0.012953906679754042,fold_01
ck_0916f33672fd5fb1,0,0.006899336444554506,fold_01
ck_fb504d152b71ec2f,0,0.020144137020866683,fold_01
ck_386b20c364d0fb07,0,0.006963064238665586,fold_01
ck_7151329d7217c610,0,0.11546214675028245,fold_01
ck_3542bcd65f5debd1,1,0.7742937730126577,fold_01
ck_4378c42cd80818c1,0,0.0019545756319481306,fold_01
ck_f68e193df1413585,0,0.02230977608061874,fold_01
ck_99d62705b11ca4ad,0,0.020591090419865385,fold_01
ck_ade2bbedd911603e,1,0.9950730250848695,fold_01
ck_a446659d857f5acc,0,0.0015093658762779477,fold_01
ck_b0d0894955a07b1a,0,0.009893478672940235,fold_01
ck_2d860da17e11151c,0,0.038920217894810774,fold_01
ck_5a66d10bf432f131,0,0.0074556800564495335,fold_01
ck_f8d0f38b61481b42,0,0.01618053906771829,fold_01
ck_9f6c6b4bf8790b84,0,0.024884013267613837,fold_01
ck_3e26c0541c5a7c57,0,0.005456288784527393,fold_01
ck_bfa3329d729e6554,1,0.10036419383278593,fold_01
ck_d59dc1c00e38d2eb,0,0.00796517258024571,fold_01
ck_936a4d735eb3d198,0,0.004335947106078318,fold_01
ck_e75932b3efb0e541,1,0.019584632590155752,fold_01
ck_b43b4ecbce96ee2f,0,0.018513800943119066,fold_01
ck_f56e4244b1774e5a,0,0.03803358939055413,fold_01
ck_62e35454ec3c2543,0,0.021858450614347304,fold_01
ck_1971292508aa255d,0,0.016807918003927166,fold_01
ck_3be204adb69faf4f,0,0.005758156295350168,fold_01
ck_a00aafdfb8b19986,0,0.0031108090715664814,fold_01
ck_cbbb88b9ecd840ba,0,0.012272290068857728,fold_01
ck_69117fd8ea1ce7cc,0,0.010296332001264962,fold_01
ck_1cb51747c34638e8,0,0.013745280002698314,fold_01
ck_59ce7b0b9eaf9fe4,0,0.022213857038847904,fold_01
ck_3591182b1626e7f0,0,0.0025426680835583903,fold_01
ck_c086aeda32b257e8,0,0.2690535119858121,fold_01
ck_b4346a3b4dd207f8,0,0.008468906035336383,fold_01
ck_eae6995d8986e8be,0,0.021424594897561277,fold_01
ck_d4baf35730bf2a56,0,0.16658386328921618,fold_01
ck_cee89bd9bd7b9e35,0,0.01734702360458147,fold_01
ck_304938cb034dd00d,0,0.011668152327914209,fold_01
ck_f9dd9c79ee383855,1,0.9903764403037495,fold_01
ck_e611a8de7791e9e1,0,0.0040448553093389746,fold_01
ck_436b54af9528910d,0,0.012223488268798929,fold_01
ck_645c08cedbf18a0a,0,0.021394508317116458,fold_01
ck_f89cbd726d9b3ff3,0,0.027621882353306426,fold_01
ck_ff321d2f095cd7f3,1,0.9909878938127656,fold_01
ck_0299a317d2a39805,0,0.011261652510909893,fold_01
ck_cd4452be2e927b2b,1,0.05641025163912859,fold_01
ck_426472ca63307a45,0,0.017264729194276036,fold_01
ck_137efb35ba99b609,0,0.013616544862409895,fold_01
ck_44478716c90950f6,0,0.01117421825035585,fold_01
ck_62b39ad6491fd7ce,0,0.022582575569377768,fold_01
ck_f4ae5369a2374211,0,0.007568804486414727,fold_01
ck_11947adc0657ef83,0,0.05000816620077078,fold_01
ck_72d4ad7ac6510c20,0,0.007856869160629797,fold_01
ck_fc480214624ab211,0,0.005222876793363314,fold_01
ck_3e2c6866b462f8f5,0,0.011959496225923804,fold_01
ck_9c81931ba5485457,0,0.018205348679698263,fold_01
ck_1fa8dc03cdea5378,0,0.004523005249330842,fold_01
ck_c5d359c7391bdb73,0,0.036964249776036635,fold_01
ck_dd9e9f88371bd956,0,0.057658731330907716,fold_01
ck_7aa694f72ece3497,0,0.011930448501209006,fold_01
ck_b225717332dfcfd8,0,0.0044267251846242155,fold_01
ck_4d6612b9229548f8,0,0.006275580490429276,fold_01
ck_81eb36f9d20cb4bc,0,0.00351330036976336,fold_01
ck_d07b94bde88783eb,0,0.004160708406088084,fold_01
ck_65bd1cccb6e0d376,0,0.030758000379113536,fold_01
ck_41d392ecb8e0dd96,0,0.008129955443524127,fold_01
ck_94bf8406ec6eab7c,0,0.022008357890815636,fold_01
ck_3e01d8772ada2fd8,0,0.013047649726595747,fold_01
ck_230bbe6b7b09a65b,0,0.012616298404702226,fold_01
ck_59e5ce767136ba45,0,0.051873248803919206,fold_01
ck_234ea08ee0ade68b,0,0.009098695190215347,fold_01
ck_646d155678cb3bff,1,0.9975444717997101,fold_01
ck_9bc546b9673a90b0,0,0.125340529941732,fold_01
ck_5ce3309a3a8f66f1,0,0.004696696392514326,fold_01
ck_781c70e249b80a41,0,0.007880976288275183,fold_01
ck_ff2fa3bea92b310e,0,0.006721840920045805,fold_01
ck_b18d98fa91b47fd7,0,0.021068160934423083,fold_01
ck_7a2b1a49f1f26244,0,0.00679407056904203,fold_01
ck_78d0f7496f830314,0,0.05568230414379594,fold_01
ck_ca84d86c242ce857,0,0.028439320564238757,fold_01
ck_089765019e1b2292,0,0.028312574248031217,fold_01
ck_6ae813daa8c1faf6,0,0.00726513209313827,fold_01
ck_77b61177f7fa5eab,0,0.02256326681512866,fold_01
ck_8463657a485ea1c5,0,0.01314422313223524,fold_01
ck_084bc37805019daa,0,0.031488035378655084,fold_01
ck_876c67b46c47bddb,0,0.2972917969458233,fold_01
ck_d2fad6bb7b039b81,0,0.038022727575475646,fold_01
ck_e69d160ebc50604a,0,0.019263607879754018,fold_01
ck_d1b3baeb22e04074,0,0.005403821044420663,fold_01
ck_5ef3e8929acecd2c,0,0.004455801487302257,fold_01
ck_5088c66dc7dac026,0,0.04499589432447324,fold_01
ck_8dfc047037d1241e,1,0.3516628632578179,fold_01
ck_30cfa8663fe18615,0,0.12610997647245542,fold_01
ck_1a3800da885f4476,0,0.0034299023769782345,fold_01
ck_364445d3ae4d5084,0,0.011937816901072294,fold_01
ck_10e42e38018eea8b,0,0.24720575322510438,fold_01
ck_305871a7f2fd0bad,0,0.005757342678376187,fold_01
ck_d6182235bd8903a8,1,0.43798112168113273,fold_01
ck_b3d17ac370967e2b,0,0.02682082709152287,fold_01
ck_acd66203873b494e,0,0.015275382287643918,fold_01
ck_d2fb76d6eb1db95a,0,0.011195256363525365,fold_01
ck_6a05163e1ed330e0,0,0.01434502740164006,fold_01
ck_7c6876736b422157,0,0.039230796599491254,fold_01
ck_873045f371a5b3ff,1,0.42595255932440323,fold_01
ck_47bd382e768a7449,0,0.23070150951230212,fold_01
ck_1eb7586fae873bf7,0,0.014974805391949756,fold_01
ck_f3e98dc893e0eb24,0,0.0071574197121093055,fold_01
ck_7ceb563e3cfe422e,0,0.5267957463336372,fold_01
ck_104abcab8b7ba540,0,0.1592645374669235,fold_01
ck_9bb1907bd2bbfc26,0,0.006643775994666153,fold_01
ck_96a2953e38ba570d,0,0.007288540989120044,fold_01
ck_9245b3df4723a565,1,0.012806340086791407,fold_01
ck_720204246ad79a09,0,0.012702514270375975,fold_01
ck_82cfe84f71a9bc60,0,0.010061172606251726,fold_01
ck_6ee4468d59b08b3b,0,0.019071974091667086,fold_01
ck_8cae25149255b417,0,0.009317795170551117,fold_01
ck_1cc19bd2880dbcf7,0,0.017244813671367827,fold_01
ck_67aacfe9cc6b443b,0,0.8443541101183275,fold_01
ck_4bb9ecf7c3a187a7,0,0.04549872779147572,fold_01
ck_d847a36ae1b79ad8,0,0.007949782182841744,fold_01
ck_4d44a9e80564ce7d,0,0.007556370737454889,fold_01
ck_a1ea3c9920992910,0,0.011615851348352088,fold_01
ck_20b17133be54e202,0,0.0015374977981431988,fold_01
ck_2e518e0db45ae4b1,0,0.019261432941955956,fold_01
ck_98e397bba46cc32a,0,0.010212614498133574,fold_01
ck_cc6636420cec2988,0,0.003358093743190712,fold_01
ck_2c1b0df7a9162915,0,0.006439087320368931,fold_01
ck_981b52e2288452f8,0,0.006098633452681215,fold_01
ck_71d954bda4e77982,0,0.012717086956003576,fold_01
ck_7ffc1fb5a759d1ab,0,0.0015700818552116256,fold_01
ck_eb8655a55750a150,0,0.020844828217842552,fold_01
ck_cd4b1ae50be85b12,1,0.8897807369910951,fold_01
ck_8750ed41d9484e03,0,0.052025582716134645,fold_01
ck_c26e5a94bd75a22b,0,0.011221339675901764,fold_01
ck_e2579c122db374ac,0,0.007782906242806137,fold_01
ck_77133497760405f9,0,0.003944149930504108,fold_01
ck_ea455e85a6ae73f0,0,0.006173047041225673,fold_01
ck_5c62e4c9ecc62321,0,0.01614196311299078,fold_01
ck_1d63a7dc9ea16827,0,0.16935676804439004,fold_01
ck_e4f23879e176ea91,0,0.008917127787561428,fold_01
ck_136fddb405bb9b2c,0,0.005935963520848161,fold_01
ck_bbbbee60df55e719,0,0.0087233540874494,fold_01
ck_5f48e7eccc1bad5b,0,0.005143945527328342,fold_01
ck_92a0208a327778d5,0,0.013266548313225553,fold_01
ck_ad4a04b88b21aa62,0,0.036476650854990814,fold_01
ck_e7dc6e40f5104e18,0,0.00430710674333036,fold_01
ck_08ba0a4d47d58ac2,0,0.03159290084388587,fold_01
ck_d56e2178e32b0184,0,0.05582049684939355,fold_01
ck_9ff381148dd0a210,0,0.06184226531938854,fold_01
ck_41d42cad880d2128,0,0.022120467558914572,fold_01
ck_bff49326f058ba6f,0,0.0012646062963228336,fold_01
ck_f4640233e45b8203,0,0.008447889020253962,fold_01
ck_b7bc103c145ef300,0,0.18022457933128158,fold_01
ck_2583059af48fdb48,0,0.08748960506059268,fold_01
ck_dad7226098089874,0,0.06350704717330584,fold_01
ck_ff94fd1043c07e1e,0,0.010006004042893578,fold_01
ck_d0cb49aa98ee90bd,0,0.010563987446388345,fold_01
ck_e5b767986f946ba7,0,0.01804022566045964,fold_01
ck_6aaced5949c6a0a2,0,0.022897854096962683,fold_01
ck_26683b595d59816b,0,0.0020942886370353977,fold_01
ck_7ea10b53678336c7,0,0.011306171092002692,fold_01
ck_2c43896d9cb2b398,0,0.007407587597925372,fold_01
ck_e95228ea28b4ea61,0,0.008102442443831213,fold_01
ck_dbfd3e0e8f07cc2b,0,0.039958888708155345,fold_01
ck_d82f38da2fa85323,1,0.21397771513912286,fold_01
ck_b9143a8f0f80231e,0,0.0026479624644904025,fold_01
ck_727e07a08c96b9c5,0,0.015268492378169095,fold_01
ck_3c07467a3053afcd,0,0.009464935137637524,fold_01
ck_9acb68ea2353d349,0,0.011310124211173342,fold_01
ck_1e70bd0f0919a255,0,0.014150298397009875,fold_01
ck_6be6b2b2c51289bc,0,0.0026672920220343036,fold_01
ck_5bc161fadb2b5ff1,0,0.008156958043228283,fold_01
ck_875530552fe87fe1,0,0.028733006754244027,fold_01
ck_3bfc408d109e5824,0,0.010082137307917495,fold_01
ck_e00b869bccfbf9fa,1,0.05150753217427002,fold_01
ck_7ba1106bc9b41cdd,0,0.14154253098436262,fold_01
ck_3163a9998bf8b5ef,0,0.012066596268316269,fold_01
ck_9c2ef4235be00818,0,0.19157173520686244,fold_01
ck_8f7be6bad044970d,0,0.01512300312219732,fold_01
ck_f53fa46d6a25d3f4,0,0.002802221542870524,fold_01
ck_cf63caa75fa6af46,0,0.0596918439505536,fold_01
ck_a492f76814e4344c,0,0.02725494565874205,fold_01
ck_338d045af35a5dff,0,0.008932440814046112,fold_01
ck_a77a1ba307f5d1f7,0,0.029672452030492916,fold_01
ck_8a4899a58d2c5de3,0,0.012191684375451874,fold_01
ck_91b9e68784cb1812,0,0.006518019671593187,fold_01
ck_d9d226ba12c603bd,0,0.0021833791879986492,fold_01
ck_fec4c74d0a67f65b,0,0.02024017498436794,fold_01
ck_5e4ceca6dc1a5265,0,0.1097513998222842,fold_01
ck_92e850f029fe391b,0,0.021858071960544866,fold_01
ck_0e40f46a4080398d,0,0.012334182190921293,fold_01
ck_96f69303e8c2e2db,0,0.006381193248646524,fold_01
ck_52fe20ae05af85fe,0,0.027313848449748292,fold_01
ck_a84ee6125f2edafe,0,0.015605311915622274,fold_01
ck_7ca9f368969cc2e7,0,0.0057769027668440375,fold_01
ck_c1531affa4adf9e7,0,0.02117019100764875,fold_01
ck_56547f00facd53bb,0,0.01958828019451599,fold_01
ck_f48d35c219d72d20,1,0.3105632753451067,fold_01
ck_c719ca2a3042d62c,0,0.01736894102431566,fold_01
ck_7327111376dbf7fa,0,0.020583539461454445,fold_01
ck_ce17ecfe908f9b6a,0,0.04077274265406189,fold_01
ck_2ba34098f5d305d8,0,0.014005484361192332,fold_01
ck_ff1be4ffbc86f28d,0,0.005817560846924829,fold_01
ck_065daab82dfbb5a3,0,0.005123807554365164,fold_01
ck_d7f26684318fd113,0,0.02339911214171188,fold_01
ck_26d0c72f9c07b1c7,0,0.009991830049809183,fold_01
ck_830f25c9c92ddae0,0,0.06077836909109148,fold_01
ck_7a53b9883e615138,1,0.992883658755425,fold_01
ck_099e18716e6cd446,0,0.016668962293701378,fold_01
ck_83a0fed11f5280ee,0,0.004861808493291802,fold_01
ck_fd92060dc68cfe87,0,0.004660460015066098,fold_01
ck_eefbb5ca4495c080,0,0.004470068913813918,fold_01
ck_6042f16f4aebc9de,0,0.14536887364834858,fold_01
ck_1c0ae48babd1fd54,0,0.011475018147058215,fold_01
ck_80b5d03f1b933d2f,0,0.0943577684430179,fold_01
ck_229a2fd1460d2e65,0,0.010819559845428765,fold_01
ck_a545a37170e70725,1,0.9950692200947059,fold_01
ck_864702c7e6213a6a,1,0.025524832671759083,fold_01
ck_d4d7be26247081ee,0,0.0340013200577046,fold_01
ck_65a0877595b6527e,0,0.011015565345594704,fold_01
ck_e220767b53a16939,0,0.012339691776988872,fold_01
ck_cd12f4dcdde05b30,0,0.014515415313517608,fold_01
ck_aa585d9f7353b554,0,0.013807666922968283,fold_01
ck_0079bcdec7174306,1,0.9093465182007491,fold_01
ck_50a49c3cb6b1e3a4,0,0.004110969494169077,fold_01
ck_7bb67dd2ab13b19d,0,0.003755265575542883,fold_01
ck_94c193f8b1270341,0,0.007310963882521967,fold_01
ck_7db8c4acc2bfbcf4,0,0.029706718021719612,fold_01
ck_c10339d7bd159447,0,0.04034817179754049,fold_01
ck_89b970ded2fbf3f7,0,0.11769021529736207,fold_01
ck_d768d819ee63e84a,0,0.015681260821140533,fold_01
ck_b51a0ff1dd2425b1,0,0.0094527913005483,fold_01
ck_916096cca4c994fe,0,0.009162744820358148,fold_01
ck_7568d447a581d3a1,0,0.011569661463984013,fold_01
ck_599f1e35980e51be,0,0.18047074481429415,fold_01
ck_2098e8ecfb8aba8b,0,0.012474046885423168,fold_01
ck_288aeadbffe1c697,0,0.04622949724814412,fold_01
ck_ab948df18aee4f7f,0,0.00654638441914275,fold_01
ck_5c71159e3897b4d4,0,0.003229955622182136,fold_01
ck_c3ffd712994b58c0,0,0.013831471341958461,fold_01
ck_ede7e7fd53a34379,0,0.017076970912343743,fold_01
ck_20065d37d8d47c6a,0,0.003938200490821378,fold_01
ck_ef6c733104b34890,0,0.003057909131230137,fold_01
ck_3619e51baa24b94e,0,0.04827570505454271,fold_01
ck_f15be19b117431d0,0,0.038409235951495986,fold_01
ck_23f510fab94f8f99,0,0.02441576178346129,fold_01
ck_ec12e0d640299d6c,0,0.012026020460434765,fold_01
ck_6196e16c7e56b2c4,0,0.02118898774064446,fold_01
ck_3a66111b1eb6e2f1,0,0.2916765405260439,fold_01
ck_5660f2bf10e5ff59,0,0.6172732125821199,fold_01
ck_0107c3c56a04af67,0,0.007694210367105043,fold_01
ck_b88b20f7e0301ec9,0,0.039926293401385524,fold_01
ck_7528dc01d081a0fc,0,0.012566921372115724,fold_01
ck_3ae1ac7166fd66d6,0,0.035989806132941914,fold_01
ck_d7909ad5224bfea1,0,0.008652479575659634,fold_01
ck_d0eab5452e1a98db,0,0.00826892193824429,fold_01
ck_cbc34792d862a3bb,0,0.016655816737134642,fold_01
ck_9f93059e401c9564,0,0.021032190595767906,fold_01
ck_5063804137632abe,0,0.010083246651404724,fold_01
ck_005802d8a4215738,0,0.12602629418447958,fold_01
ck_63a5101467106c25,0,0.014455410074202327,fold_01
ck_a3b8c3b9e5997592,0,0.08467486802810012,fold_01
ck_ee30494f78134a18,0,0.013223548072969382,fold_01
ck_3b5404dc44331c3a,0,0.030464683273995954,fold_01
ck_49327f9cefa8e773,0,0.019428703365806897,fold_01
ck_a8fe51327e4fe677,0,0.006871940484242505,fold_01
ck_b74a6dcd80332a4e,0,0.02044715183132512,fold_01
ck_d84dfd6a0e46de60,0,0.07814073320339432,fold_01
ck_c72c7b8c4e5f9953,0,0.09493529015169119,fold_01
ck_e4d31ccb3594aa70,1,0.7301312055130856,fold_01
ck_4c0550aa67b91576,0,0.023741703645033814,fold_01
ck_151ec66aad97d466,0,0.050314620297727736,fold_01
ck_629a3ea8897544a0,1,0.714205835852281,fold_01
ck_0c0d223b01786980,0,0.011599834107931075,fold_01
ck_a2f7d1d5d2dd8dcb,0,0.017929921276154923,fold_01
ck_a6813e0cd9fbc37f,0,0.004331949787523177,fold_01
ck_0918d2f0cfac033e,0,0.19009896660107253,fold_01
ck_ae45f416ff7a6b12,0,0.013689605535348742,fold_01
ck_4233bbd79d75f799,0,0.02230501468729213,fold_01
ck_c956c13d06876a86,0,0.004565545982780039,fold_01
ck_f9f7763c9038c13b,0,0.005186202578586146,fold_01
ck_95d6734d6cf49a2e,1,0.8488055828600983,fold_01
ck_5554c4944bc08a28,0,0.008830931848276812,fold_01
ck_d2f70a60e03d5d61,0,0.003757036544147088,fold_01
ck_3a5aa92ecac59167,0,0.008718638473778429,fold_01
ck_9ee385a143ec0f10,1,0.12959513796537603,fold_01
ck_aa119eed2e3f5f65,1,0.8096012526119694,fold_01
ck_f19fdf508c1718ed,0,0.023146747022229054,fold_01
ck_53924c0f6ae18134,0,0.10407554226398898,fold_01
ck_bc8677d5a726deaa,1,0.2556954777194784,fold_01
ck_7e2c10af2fc8044b,0,0.01410023277552626,fold_01
ck_151e049a21504fea,0,0.043757941460296955,fold_01
ck_14e10a9bcd9efb38,0,0.13651224004491985,fold_01
ck_875d99cb137f96c7,1,0.038033957484102716,fold_01
ck_7c89faafacce144e,0,0.005392023532917204,fold_01
ck_4bf998ed96b9b6ae,0,0.006249166157250754,fold_01
ck_496dcca75c28ca24,0,0.01563276969450874,fold_01
ck_0d2d96ba0f30cebe,0,0.044649654456691154,fold_01
ck_a0c07081840a274d,0,0.04089119206553091,fold_01
ck_34994e2ee7090eab,0,0.024655198806988094,fold_01
ck_925e0c2e83f469e5,0,0.026153506368111576,fold_01
ck_00389b209b37394b,1,0.010407071394891863,fold_01
ck_59d59fabfe9864cb,0,0.013217522654431898,fold_01
ck_926b2b93aef792aa,0,0.016949365944108338,fold_01
ck_b98513cdaca06525,0,0.19814019642927166,fold_01
ck_12b512598b599e55,0,0.004209637354219944,fold_01
ck_d3bbc2809e4c621a,0,0.0031610659590994134,fold_01
ck_ef953899b3773c82,0,0.004792597714482897,fold_01
ck_f4488990a88f2429,0,0.04385997536433003,fold_01
ck_fd06a716fc710ec4,0,0.017879732751215266,fold_01
ck_e15bf1bd3f44e49b,0,0.005715121518986047,fold_01
ck_f87eacf47ebe5f52,0,0.005303047527082691,fold_01
ck_2e5a4f37d33224eb,0,0.004369513998602494,fold_01
ck_180afce045ed0b5f,0,0.01660975673522953,fold_01
ck_f1ebdcf41971f82d,0,0.003956894665875667,fold_01
ck_5e64ed19c46ad7d1,0,0.02631671885735518,fold_01
ck_6f46dd99f859c1b8,0,0.01504187052997367,fold_01
ck_e497b989aeed4232,0,0.018856775170847256,fold_01
ck_f70f3821d6c37e78,0,0.004134558280533097,fold_01
ck_439d9158a90ca217,0,0.0246646954047017,fold_01
ck_751cb5bc08a0497c,0,0.013081413105958494,fold_01
ck_4a9ae233dd7b7e38,0,0.013744019762255697,fold_01
ck_501ccc9451c29ab5,0,0.01885562147320217,fold_01
ck_64731ff250e83dad,0,0.17046262879393717,fold_01
ck_3252285c27833446,0,0.008765253444912937,fold_01
ck_1eb07bc65bbb5271,0,0.007199888277922582,fold_01
ck_b8ca4809dbed1cca,0,0.007030273503163374,fold_01
ck_e33953114afecbcd,0,0.00764336361283704,fold_01
ck_7f99f33a9202abd7,0,0.00420039205602284,fold_01
ck_4c992570d380cbc7,0,0.010585749323911764,fold_01
ck_c83ba01bf7a99b91,0,0.014451749954658902,fold_01
ck_96bd35657abf68fb,0,0.007902761834891532,fold_01
ck_3ec51f297fb141cf,0,0.018563887572046425,fold_02
ck_ea1d4c94995d3d92,0,0.006495024986659137,fold_02
ck_ce555093d11484ac,0,0.0012334015171607895,fold_02
ck_7e0b7b5c3dfc6bec,0,0.021999607312132564,fold_02
ck_e3bd6a80355c418d,0,0.005019886068414546,fold_02
ck_db00a70f31227894,0,0.010884361158830628,fold_02
ck_6f421db9ae980dc7,0,0.0018052711575812876,fold_02
ck_d100737a2b5da5ce,0,0.0029631840022254973,fold_02
ck_d7941518146cacee,0,0.007601365430358727,fold_02
ck_76d70fc800cf391f,1,0.21641197311209218,fold_02
ck_6942c73e1a981066,0,0.027625134379187424,fold_02
ck_dde287be5734c769,0,0.008201775354127427,fold_02
ck_0052502c9c01b151,0,0.05937710172391683,fold_02
ck_b29a67e0d2c20632,0,0.01920498308243641,fold_02
ck_8d1b34f1775c35ab,0,0.0035346751683174287,fold_02
ck_b3f709d8f9d2ffd3,0,0.009410484932240837,fold_02
ck_1f4c058bc9fc1d5b,0,0.006662440389761652,fold_02
ck_c80ce19baf1dac0c,0,0.015790632393670536,fold_02
ck_60700db9d5db3ca4,0,0.0006613201364994627,fold_02
ck_d4dae0373d338611,0,0.0024463455743190584,fold_02
ck_7c46e09e1aba4080,0,0.004098590145413587,fold_02
ck_29b6270dd74e8dd0,0,0.0031000029390740075,fold_02
ck_617b8cb16f49ccff,1,0.09070544461081298,fold_02
ck_1c543bfff242eade,0,0.0023251231249600797,fold_02
ck_c506e048c4d17cc1,0,0.009631596409997615,fold_02
ck_c5c49dea525d11c2,0,0.01525792780547627,fold_02
ck_6527eea3de366b96,0,0.012178599474524517,fold_02
ck_5bc4f0b1e0726ee3,0,0.0063704088625893655,fold_02
ck_207a645b133a75cc,0,0.055687967413026014,fold_02
ck_6e5cc5527c1b18fe,0,0.0038536628963048345,fold_02
ck_71a77a8521370293,0,0.006266254267097975,fold_02
ck_4370c9e17afe5efe,0,0.02325754032251982,fold_02
ck_f68d0f40a0d8b790,0,0.022792244124583052,fold_02
ck_bb419710a9e00edc,0,0.07656766917537766,fold_02
ck_72eb27eb2d73c476,0,0.013832920973725644,fold_02
ck_505f1ca689b5d550,0,0.002596286980315898,fold_02
ck_b43b504ec597b493,1,0.40017054644143807,fold_02
ck_c713cfc3e21ebb74,0,0.0019223770194556275,fold_02
ck_32bda0d4e5239e9f,0,0.009627974696469335,fold_02
ck_2b31c587460a3b7c,0,0.04402038990855714,fold_02
ck_510403d71f4ced57,0,0.0027378807699423675,fold_02
ck_4e507e273c6806e8,1,0.5964448599053033,fold_02
ck_a1b23b01e8ac6ea8,0,0.021939563633506895,fold_02
ck_3df766f09758c419,0,0.020093871750395783,fold_02
ck_12ddaaa82e081095,0,0.00648743036157955,fold_02
ck_cdb2bbae5a2615d7,0,0.010799123232065359,fold_02
ck_5599eef5ffbabe5e,0,0.02394845166224088,fold_02
ck_c7ad1582eb4260c3,0,0.006433108848971191,fold_02
ck_9d6dc59f22c01759,0,0.008536181590864295,fold_02
ck_3cd30421de93ccf3,0,0.0034257161098307657,fold_02
ck_1ad5984bcb8ad621,0,0.009339858112136097,fold_02
ck_680722e53c8e95ff,0,0.008235830751551577,fold_02
ck_87647667aa2e2662,0,0.006902259275664324,fold_02
ck_d8f13d31c9510318,0,0.009860594738457124,fold_02
ck_80eb016fa059103a,0,0.03556874649056887,fold_02
ck_509d1b632a24578d,0,0.0023024851017613957,fold_02
ck_6c0026e46a47a1cf,0,0.016707636471568362,fold_02
ck_2adc7e3f3dbf5022,0,0.04743070439242755,fold_02
ck_63bfd54134617ef6,0,0.016750328867477526,fold_02
ck_da46059f0aacaff5,1,0.7224963253442317,fold_02
ck_88660dc17717e7f3,0,0.008962783496477398,fold_02
ck_5b0d70b09bd8c7f4,0,0.013977423122067381,fold_02
ck_5e3a4536a2900518,0,0.015191859206433964,fold_02
ck_e617395dc4a4d1e6,0,0.012910668902375499,fold_02
ck_0cc4043d6a322a41,0,0.0030437741699594284,fold_02
ck_ad29224c813576bf,0,0.07430156839819851,fold_02
ck_6cb5bbcc8f32fa9b,0,0.0029121351412580887,fold_02
ck_3aeba8d835ca0644,0,0.0018355005674111319,fold_02
ck_f400271fc997c878,0,0.02535524645574788,fold_02
ck_0dba52e9d0eba61a,0,0.04820953716982342,fold_02
ck_05f36e2be05f4432,0,0.009890585507157173,fold_02
ck_a783932010263903,0,0.0034945584975021116,fold_02
ck_7ceaa11b09fb004f,0,0.018032880888758908,fold_02
ck_d5fb0ae35f5edc35,0,0.011657167849744254,fold_02
ck_0f04ae12797c8f06,0,0.20735727969028792,fold_02
ck_78b6f2d9069aa9a9,0,0.013056463664818305,fold_02
ck_1c2da4bce2f2bf60,0,0.029102453527698628,fold_02
ck_f4edff9c9923a0e6,0,0.004510906670840115,fold_02
ck_ceadd8ee49d45d0a,0,0.024169135285340305,fold_02
ck_8ec02505be300be2,0,0.014113986892732282,fold_02
ck_6d10887196110975,0,0.004475977299198485,fold_02
ck_bb050583f9fff023,0,0.014971630590815943,fold_02
ck_5630c741c0d36e7d,0,0.0017634811216651154,fold_02
ck_028b7080ac609f7b,0,0.0023066061947814164,fold_02
ck_949104d0d67e4ad2,0,0.011908104588115124,fold_02
ck_422d3b3f713b7308,0,0.00785581408266004,fold_02
ck_657bb91ddda26e2c,0,0.007782740043402604,fold_02
ck_281cfcac00bf0ad6,0,0.06459315417205708,fold_02
ck_e00b32d96305e59c,0,0.015058622567115572,fold_02
ck_4ab7cb8ed78df8f8,0,0.04028684706969149,fold_02
ck_77f44f7f1571cb35,0,0.006604043269646125,fold_02
ck_e8504ae2b9b67474,0,0.003592603891415859,fold_02
ck_6ec01d9803b16e2e,0,0.0035108102552520617,fold_02
ck_55b070b87919cbbc,0,0.007913942782942366,fold_02
ck_aa68bed358240567,0,0.006123505091995338,fold_02
ck_ed7e440e2e585310,0,0.012976834630870987,fold_02
ck_d3e497aed52d0299,0,0.002092890292909228,fold_02
ck_c953a5a382bbe597,1,0.05762871855181069,fold_02
ck_b754a578352913f0,0,0.0037012294214288388,fold_02
ck_a1147bdf23e4d7ad,0,0.03473483247823092,fold_02
ck_202c725b7be526bd,0,0.015712564576387887,fold_02
ck_dee6797dd446548b,0,0.010297202946093088,fold_02
ck_a0ba7683ada181db,0,0.009260215664013832,fold_02
ck_731d3c6556963fa3,0,0.01571631708539574,fold_02
ck_74b5858958c872e5,0,0.00709484243094278,fold_02
ck_d996e24a39ec9752,0,0.009978702313089276,fold_02
ck_542b5d686151f72b,0,0.014101261779253567,fold_02
ck_277fbada000e724c,1,0.004147306089274984,fold_02
ck_3589ad4ce184396a,0,0.023996525477058692,fold_02
ck_f567dfd8cf889c01,0,0.06872024261341873,fold_02
ck_1898565c7e9b1557,0,0.013319223944653938,fold_02
ck_31921a07ceef62ef,0,0.01567156275453225,fold_02
ck_4553b4a094bd0a99,0,0.014480340195309091,fold_02
ck_57a2cf0a56e0b708,0,0.0024728172424052348,fold_02
ck_3d3cc9edfed0244a,0,0.0024262520026272754,fold_02
ck_db9230598f01f62e,0,0.0018252032209704614,fold_02
ck_fd121c8e580d16ea,0,0.006298199120459425,fold_02
ck_8f9c6da28be90f34,0,0.004200325947437098,fold_02
ck_00436d6b09c98735,0,0.01244194474481335,fold_02
ck_c9738f44dd2ca0f7,0,0.0012405854634357143,fold_02
ck_902e1b83a0438843,0,0.009785068965960732,fold_02
ck_8e5df24a225ff4f5,1,0.9010328359683419,fold_02
ck_ea5cdf59e93202c2,0,0.008103873093461519,fold_02
ck_c3749499b8b0b8c2,0,0.016017234036314915,fold_02
ck_9e968e0f99f441fd,0,0.00783633833688639,fold_02
ck_659e4e05af4f3dcc,0,0.0021424754793139453,fold_02
ck_70733e3b2fc2cb00,0,0.006102259762508449,fold_02
ck_7bf20d024507b77f,0,0.014007492109667658,fold_02
ck_548d117292736bc6,0,0.18759475295986047,fold_02
ck_e0266e7e0925c37b,0,0.01056476261016486,fold_02
ck_b5f495496ef34c24,0,0.005261190549979298,fold_02
ck_ba74f55fcf04020f,0,0.011897654967457599,fold_02
ck_94082ef2b7ad12a7,0,0.030527216073572516,fold_02
ck_7318b92995355c0f,0,0.01885819882705961,fold_02
ck_7f82fc09c3e65a0d,0,0.0042518111851478895,fold_02
ck_15e02d4e7af35891,0,0.04907421077838655,fold_02
ck_f29ddd23c11e59e4,1,0.9997471291724522,fold_02
ck_6607d1c62a39a923,0,0.004303153127013497,fold_02
ck_574442658d82b6c4,0,0.025202227550048844,fold_02
ck_278f8345284a55de,0,0.05700717981590938,fold_02
ck_4e5a1070c580b2a7,0,0.01051987757410975,fold_02
ck_ffe2bdd663cea9ac,0,0.034069949709681815,fold_02
ck_1c4d6b6ae96284bb,1,0.941945889439071,fold_02
ck_7531b3b85fb56fb9,0,0.0012025801537187445,fold_02
ck_1e0e84aa1c2b2d9f,0,0.0023407766148129537,fold_02
ck_0131a66271ebceb7,0,0.06658899520533679,fold_02
ck_3b68042140e8764c,0,0.005223682847912834,fold_02
ck_f3deb15a5bbabd2d,0,0.09072883038103406,fold_02
ck_f5af41b953b48237,0,0.01142666295409672,fold_02
ck_7f68cc69f1340d17,0,0.01207560334523983,fold_02
ck_b207d393eef75fab,0,0.07216455911493017,fold_02
ck_40497ff724d311ad,0,0.026179885738603352,fold_02
ck_77e14399aa2e37e3,0,0.009615825800669806,fold_02
ck_7a3c9990833c931d,1,0.9808987465052317,fold_02
ck_b2c89ddc23daee08,0,0.00943045074750807,fold_02
ck_d3a35539d1091ddf,1,0.9966653457945035,fold_02
ck_203b9a15295b113d,0,0.005548428178262932,fold_02
ck_2df09596860fca44,0,0.0028784949651500897,fold_02
ck_d43322c1236ec6b7,0,0.05897078220027287,fold_02
ck_27e16345b6d4cd7f,0,0.1009677618613706,fold_02
ck_c02ed1500ff87583,0,0.01838419487997947,fold_02
ck_6d85a435519bade7,0,0.9305148633763892,fold_02
ck_a7976eca92ee8b2b,0,0.020241888706827308,fold_02
ck_9162a0c8c7faf3f2,0,0.011632866096130024,fold_02
ck_6fa842c5a6c018e7,0,0.031732704355223,fold_02
ck_7205057d9e716984,0,0.023666128743950736,fold_02
ck_81306cd9c7eaa9d5,0,0.0063772042122253935,fold_02
ck_c9a700dbf493ccfa,0,0.002969264414255435,fold_02
ck_0fd5954c0e049557,0,0.013885385937016938,fold_02
ck_2e165c31a8b2e795,0,0.00825550675951988,fold_02
ck_3fa4ce32b5393e7f,0,0.0061271741309460665,fold_02
ck_ed859226a80d6700,0,0.05328132762007891,fold_02
ck_9d1c3b32f11b02b9,1,0.11999282928029989,fold_02
ck_a2e6971fbc5be024,0,0.004086346345129152,fold_02
ck_bacd8b6f08e06317,0,0.0046653810252156366,fold_02
ck_e0c0b2549519d3d1,0,0.05343424629182404,fold_02
ck_598d258e04e7a9c7,0,0.029548194135683103,fold_02
ck_5fde045d20986bbd,0,0.016358824392255708,fold_02
ck_6a27ea737b2d7bc8,0,0.011328131496225318,fold_02
ck_6f7690224d6e8372,0,0.08019357047277839,fold_02
ck_6083b4f6cd8b47ea,0,0.00467012998224199,fold_02
ck_17422f788c332b67,0,0.012751609846001643,fold_02
ck_74fba312de154a89,1,0.9242260978603972,fold_02
ck_2c3e4e8f7408c1a0,0,0.008854503889916274,fold_02
ck_c10d84af51b140a9,0,0.06597333229887159,fold_02
ck_d68bb1236c80574c,0,0.0031203227270137197,fold_02
ck_def05326a05b206f,0,0.0017140305844711942,fold_02
ck_1a98d438169b5a06,0,0.04038501596242006,fold_02
ck_d90ceb4e4892d568,0,0.009834947578579932,fold_02
ck_0ebfab4fe98b94a9,0,0.008293327254537575,fold_02
ck_41a5d7879c8eadfc,0,0.025159972333706787,fold_02
ck_ce6b662768e2a653,1,0.963267670937863,fold_02
ck_f58fab2e98f6d926,0,0.007520436787927139,fold_02
ck_b4586164e7d6de2f,0,0.016243267126621018,fold_02
ck_9d33872d84e28238,0,0.016345135408848865,fold_02
ck_7bac2b7f5cb35e94,0,0.024148897908892332,fold_02
ck_3d7414fb928710cf,1,0.024202550539420036,fold_02
ck_b842b406daa6a156,0,0.004206528757126422,fold_02
ck_6bcdb357f58abd23,0,0.005525478933685325,fold_02
ck_014c4ce90b33c6c2,0,0.005462671697506938,fold_02
ck_85037de9a913db83,0,0.0021614117119756354,fold_02
ck_ea4f7f0356934e67,1,0.8460731434664764,fold_02
ck_6b2ba1bde4133fef,0,0.003265657840409545,fold_02
ck_cdced011e3d5a7ca,0,0.020454351459610394,fold_02
ck_c035df8a920085d4,0,0.005533105339236922,fold_02
ck_113987b1883844a1,0,0.004383068639610804,fold_02
ck_1de9abd3f123dc7c,0,0.004700641700334102,fold_02
ck_9dd2ff916632c3e5,0,0.028240749550178156,fold_02
ck_40d94b1368cea521,0,0.0052427104370172325,fold_02
ck_32ae3fcb51d4f069,0,0.0015049829391626422,fold_02
ck_fd7286c79df0a106,0,0.01717118435687574,fold_02
ck_1327de2e587fd9e6,0,0.026759257369882574,fold_02
ck_1fa0ee9f182e76ba,0,0.007301345331135718,fold_02
ck_0fdbef4af6b3e479,0,0.009919813321520709,fold_02
ck_b30b27f9e5a22a36,1,0.9863956876116678,fold_02
ck_5f6a6fe389ff91e5,0,0.0014327864687365866,fold_02
ck_e511982c45e168ba,0,0.001454276775522169,fold_02
ck_a20ff93db90316da,0,0.01496861129671557,fold_02
ck_179b2294e43a1baf,0,0.08535449119841408,fold_02
ck_9fa33f453fd48cc7,0,0.003695690766941695,fold_02
ck_be9eddc27ce15d09,0,0.04363506324174701,fold_02
ck_ae2ede38311c64c7,1,0.48936789120015034,fold_02
ck_80a684745f76c3fc,0,0.002549680577662404,fold_02
ck_d485643ac52f7c27,0,0.013980051680870421,fold_02
ck_ca73e441f34670cb,0,0.011937912311923597,fold_02
ck_ea7988bb70ae3184,0,0.015737307947810183,fold_02
ck_1e16190eef1bd112,0,0.004074931061121042,fold_02
ck_9657785637ece157,0,0.05085112244297947,fold_02
ck_bd81760899adfef2,0,0.0018496088551750644,fold_02
ck_da51549f7196ab12,0,0.014191203738480714,fold_02
ck_62f1e708aa56a472,0,0.008160715892674867,fold_02
ck_5d4299e6fcae3a21,0,0.01428738930645869,fold_02
ck_382011aebbb98f60,0,0.07726841032246926,fold_02
ck_fdb8b65fe6927ab0,0,0.02807864705602054,fold_02
ck_2a3859d52a442dbc,1,0.9743119300421714,fold_02
ck_e03865a975e72fe6,0,0.13416547412534505,fold_02
ck_49a003707a9f16fa,0,0.0065422684630408205,fold_02
ck_41522e573d7b858d,0,0.00427153122084727,fold_02
ck_e61892bcb40b537d,0,0.005379953884083012,fold_02
ck_42fcf5c6150aba3f,0,0.0023935721038238792,fold_02
ck_d10391fbd1f966c9,0,0.022068187175901366,fold_02
ck_be2236a9070357d3,0,0.014193986002175906,fold_02
ck_57fabdef984bc9ba,0,0.005293853385454885,fold_02
ck_73330623ea328068,0,0.0271136876672553,fold_02
ck_7f3b88bca197425e,0,0.021706211347093295,fold_02
ck_c64491839f0c9b27,0,0.016893613590084715,fold_02
ck_d1934567d938862b,0,0.012676611915829932,fold_02
ck_1ae11a40f6772efb,1,0.9977705333432754,fold_02
ck_19a61af107d6b8be,0,0.02880329816446864,fold_02
ck_990866fa343e5221,0,0.012909432619783192,fold_02
ck_558ad60a215aa4c5,0,0.01841335468320369,fold_02
ck_b84fe2f288ed6f45,1,0.9959917210936728,fold_02
ck_7d4cf83ae9f193ad,0,0.0028175550014731044,fold_02
ck_1da4c6e4b497d084,0,0.019178255887088654,fold_02
ck_f7402903dec05d26,0,0.006249228823788345,fold_02
ck_3d6e4c0c556ddf04,0,0.024109811541787637,fold_02
ck_d824996ca03bb93c,0,0.028013457912521442,fold_02
ck_720403185820175e,0,0.004789472409386086,fold_02
ck_54aebc191ddad4c3,0,0.006970780357085244,fold_02
ck_6b823ebb86fa6593,0,0.007082136231725147,fold_02
ck_b1c6701697a9f63e,0,0.00268941064645345,fold_02
ck_4d0a0a924feea433,0,0.012012870769490383,fold_02
ck_3160e4d5b8042b05,0,0.019980430182601133,fold_02
ck_639673dbe59486c9,0,0.007201123215106851,fold_02
ck_fe8ffc5cb7f44c73,0,0.010449006499629496,fold_02
ck_c0eda6273d79e670,1,0.968448811727398,fold_02
ck_202a1d176ac859c4,0,0.002905472924672406,fold_02
ck_46409faeb2b0f76b,0,0.029624203502048002,fold_02
ck_cd70d2a92ebc7a58,0,0.031368437809950994,fold_02
ck_8466724668601708,0,0.011956227058971553,fold_02
ck_4cb2b0b47644cfeb,0,0.0044288752837805525,fold_02
ck_291e15c520c8b955,0,0.020372339661004005,fold_02
ck_7cdd0cbf6a5bf2ff,1,0.9778329758229306,fold_02
ck_203ae93785f8e60e,0,0.004966683538723437,fold_02
ck_ebca022c6d2ce0bb,0,0.020546619862312522,fold_02
ck_3a902239e31de286,1,0.9992784155608057,fold_02
ck_00ea14e4142a35af,0,0.008817707447469908,fold_02
ck_bd5e6b0558ba34e7,0,0.0047127042512259566,fold_02
ck_2c51a53ca1453356,0,0.07589620344379538,fold_02
ck_c824c941fb08cbdf,0,0.022915179712025245,fold_02
ck_e946388ec99deb8d,0,0.0029206770092743816,fold_02
ck_8c260fc1a4dfdbd5,0,0.007972590155105983,fold_02
ck_d99299960ccfd0ec,0,0.09863972764647388,fold_02
ck_fa977fb0189be58f,0,0.0017983683849048134,fold_02
ck_222f3a158277539e,0,0.010468152391270108,fold_02
ck_284ad414769dfca3,0,0.02143250935330326,fold_02
ck_733b147b036842f2,0,0.006765307549087581,fold_02
ck_482070971a73da13,0,0.006496369443909165,fold_02
ck_94bf4e84d574f9f2,0,0.15938862832951012,fold_02
ck_d800faf6f9c2cc84,0,0.0024905422650930314,fold_02
ck_b3b93531e949c292,0,0.010407305246546943,fold_02
ck_35fae5feec9a2e38,0,0.004417897258043865,fold_02
ck_35905a9e82d23ea1,0,0.004594080067440944,fold_02
ck_1d75f3f6f051ae3b,0,0.01305651990692401,fold_02
ck_65d99071720af02c,0,0.0038695987858724406,fold_02
ck_ab6726980095caa8,0,0.010452307454057957,fold_02
ck_d55840cb81a1345a,0,0.02753870279767163,fold_02
ck_60dcef11355fb243,0,0.003493863089657829,fold_02
ck_3085558886d0546c,1,0.7340537893075221,fold_02
ck_4d7b3d4b8cc50dab,0,0.03722871981746728,fold_02
ck_704a74f15d27b5b2,0,0.020902966717586378,fold_02
ck_27251c74e4000136,0,0.049515896043970456,fold_02
ck_c802f28f0a1890d9,1,0.6959023008299179,fold_02
ck_6f25862f41c3aea1,0,0.011303304328061994,fold_02
ck_67378c20d7678343,0,0.012469219169445558,fold_02
ck_dc667e679d9e3031,0,0.002673653388670631,fold_02
ck_a5b014fcd9224f2a,0,0.011298720599115656,fold_02
ck_b8c044dfe7da97bb,0,0.004579837015533583,fold_02
ck_f320d8cd259b4f34,1,0.5612179238795768,fold_02
ck_82a8893fb591ca5d,0,0.012762771631441995,fold_02
ck_be2f2d27f013fdeb,1,0.6604590633930278,fold_02
ck_00433ddd95d069b1,0,0.0873726897136018,fold_02
ck_53f36d6b5d03e964,0,0.01908022717999865,fold_02
ck_ed356bb2bb08b5ee,0,0.01332335989672995,fold_02
ck_6e25b01b4b9912dd,0,0.023341650436900698,fold_02
ck_667aa1105462b9cb,0,0.010104026263675254,fold_02
ck_22bd856ee67cf075,0,0.024008484632240222,fold_02
ck_d0406b4ed13ec952,1,0.32468193520432936,fold_02
ck_69621cec77dd8782,0,0.046317059617022545,fold_02
ck_206aa4647ab40716,0,0.009652663051778861,fold_02
ck_6e7c6d1445dab5b8,0,0.008403116026253665,fold_02
ck_1513f76246257d80,0,0.012977206065889901,fold_02
ck_e9719edea731c462,0,0.013019048340144758,fold_02
ck_82875238c8ecdbaa,0,0.0019281664659798617,fold_02
ck_ebd86c69a74c738e,0,0.24741228255672426,fold_02
ck_37b6c04d685b702a,0,0.01921608913238118,fold_02
ck_52c97d6ae08954a4,1,0.9979880444709974,fold_02
ck_dfeff090f1f13b16,1,0.9962621788483936,fold_02
ck_00a55ab2b8cb798b,0,0.004921707847006472,fold_02
ck_d21d0b811fffcc7e,0,0.007229224765207467,fold_02
ck_81611fb100aa547d,0,0.006225178848755184,fold_02
ck_71d3e0aa8da4d79a,0,0.011509319821366543,fold_02
ck_60adbaeb7df35b87,0,0.012977392874121342,fold_02
ck_30911cadb0bbdfca,0,0.006270377960410292,fold_02
ck_65c4c8c39faea60b,0,0.0019512820962590115,fold_02
ck_03fb3e9738d4759c,0,0.006557380495968301,fold_02
ck_c549a76c880bd3e2,1,0.6593919621569316,fold_02
ck_7836341349d88047,0,0.02010482809971749,fold_02
ck_b1bdb3c7c335ca05,0,0.0023384553582467037,fold_02
ck_0a1b3638b4b80cb7,0,0.009482860074905213,fold_02
ck_bb3a4713f1286074,0,0.009845257923105708,fold_02
ck_aedd70fae5a5ad2b,0,0.00934527664408214,fold_02
ck_df095a65df014fb5,0,0.011142716763633199,fold_02
ck_a569d4ddd179b063,0,0.023137705898449306,fold_02
ck_80aedf163867d8f9,0,0.0018887714095797673,fold_02
ck_42af727fa60f0bd8,0,0.015872796468414652,fold_02
ck_e9fdca0e5fb2eb25,0,0.003540695376841729,fold_02
ck_047e452414925eaf,1,0.152874550890432,fold_02
ck_5838200310ef5e09,0,0.013712447266560662,fold_02
ck_cf71a2c8134e8392,0,0.00797675442521478,fold_02
ck_7193551f5f675006,1,0.929264521507588,fold_02
ck_5a49d83b272af9f4,0,0.14839582698354903,fold_02
ck_4732e43addf96c0f,0,0.005021393867112934,fold_02
ck_7babf1ddda2d746d,0,0.0026946616199027204,fold_02
ck_40947b030dd37ac2,0,0.012428550690333114,fold_02
ck_b14b3cce8df2d0ed,0,0.0025800938379309177,fold_02
ck_811cd18b5f18710b,0,0.0036399366718799673,fold_02
ck_81957126a4a7b2af,1,0.1727052362384333,fold_02
ck_118bc3f0eb980fff,0,0.005477354037353327,fold_02
ck_da1427859c65c4f4,0,0.012285651674341952,fold_02
ck_6a78f4bff3d4dd78,0,0.011587770376000693,fold_02
ck_b550d63468f2aecf,0,0.04110204706948403,fold_02
ck_c2cc1684e793331b,0,0.024370757457434843,fold_02
ck_5df59ca564788951,1,0.985860010015413,fold_02
ck_255c9bb8b7d9733c,0,0.007402972789072993,fold_02
ck_533c98f2ed5017ac,1,0.9943254805995756,fold_02
ck_6f53b97bfa032d66,0,0.009485027726411821,fold_02
ck_fe198aa52f69c496,0,0.028989694435002013,fold_02
ck_6e9308935da54123,1,0.029203750852634058,fold_02
ck_5c2b1ea0f322496e,0,0.008285512286115277,fold_02
ck_61cb37367a84e73c,0,0.023565924282976183,fold_02
ck_cef86f6b1dee0472,0,0.005281981425253634,fold_02
ck_eff8944eff0dfdc8,0,0.011604846200866038,fold_02
ck_bb6c72734bb204d5,0,0.061792704553460365,fold_02
ck_a197d37972786e85,0,0.0064770512167140765,fold_02
ck_7b9d3541ce6aa723,0,0.0036165473835323017,fold_02
ck_42f10fff9127e1f5,0,0.005718786047510297,fold_02
ck_c2b52600fac91040,0,0.012949745110308325,fold_02
ck_390360a7d4ba5f58,0,0.013537602305780778,fold_02
ck_a95ece3d35d6e7ca,0,0.0256552292599968,fold_02
ck_a2af8ffdf6153c49,0,0.004711808971356815,fold_02
ck_d05f061bf0525726,0,0.026246046619548352,fold_02
ck_6fb95aafbbe8abc3,0,0.0026967569044287283,fold_02
ck_320df1d00218f5aa,0,0.0012561361676518927,fold_02
ck_9b5fef82c6ab768f,0,0.021163068502779277,fold_02
ck_6c7e2c4f87c2d723,0,0.009762661921754954,fold_02
ck_ecfbbd00ad82328a,0,0.008264970105584812,fold_02
ck_5ebf6433c3efb296,0,0.0023873357985340782,fold_02
ck_b215d773841b2d1a,0,0.003890098729660172,fold_02
ck_d638379566ff273f,0,0.027009822371924532,fold_02
ck_9894f361516c1edb,0,0.028787648222529723,fold_02
ck_075d52727d1ae1f7,0,0.02175868011493777,fold_02
ck_a6fa803d1836f5f5,0,0.02030802569148717,fold_02
ck_31972ccd68c6460b,0,0.0065854301013683085,fold_02
ck_9c48b4638bef8709,0,0.01042875204096739,fold_02
ck_20a9653dfdc2f197,0,0.007563209181007999,fold_02
ck_f6e4952ce2583e7d,0,0.0036421722647683916,fold_02
ck_b14277ff1b30496d,0,0.023493768634801362,fold_02
ck_f09384f0d3ca65d6,0,0.046310509758808086,fold_02
ck_3b7359c8baee9e84,0,0.010228025079796357,fold_02
ck_862b229ae20222fd,0,0.011933969360702151,fold_02
ck_58d28d49078fb7f6,0,0.002715345042113482,fold_02
ck_4a7974be5fc907f0,0,0.005266635625282514,fold_02
ck_3ab8688b7b08096e,0,0.02838969487246611,fold_02
ck_b4b83d28e18ae9f9,0,0.007981687426479457,fold_02
ck_812aeee22ecb5544,0,0.008121412412890305,fold_02
ck_95f2cb65ce8e9efd,0,0.016219236342984677,fold_02
ck_8c6633b5155c60a0,0,0.004189948499828713,fold_02
ck_0a4d7e17b961345c,1,0.9980289223055642,fold_02
ck_d0c717e1c266b743,0,0.0285332589115246,fold_02
ck_5525991b6279fcd8,0,0.0106779215214565,fold_02
ck_79268bca8d486a17,0,0.009229042180361472,fold_02
ck_b9a330a30a432bfe,0,0.002018013020540439,fold_02
ck_a9874e3d1281b4c2,0,0.02110440294887951,fold_02
ck_12b0e64218569422,0,0.01854817244124628,fold_02
ck_045bf4d916976deb,0,0.0027189748868160055,fold_02
ck_405b5b0e5c4731a2,0,0.005041643327112643,fold_02
ck_cea0ecc411c43429,0,0.04385309746089621,fold_02
ck_46a484466148e16f,0,0.0041206650604203275,fold_02
ck_963ab871c428c360,1,0.026946905958289403,fold_02
ck_c24dc595b21d0a81,0,0.9397316658115621,fold_02
ck_b024971e4340c018,0,0.005178724146687711,fold_02
ck_2ad5605dade8cb50,0,0.009146304299787305,fold_02
ck_f82621beb1704865,0,0.007402867806365078,fold_02
ck_87b8c8ef7678c8d7,0,0.006847088632215728,fold_02
ck_a71aea62a6a9adc7,0,0.015969145578761182,fold_02
ck_41c8653066e874d2,0,0.0024544064304352813,fold_02
ck_d5ec25fe5228caea,0,0.006598149898904098,fold_02
ck_8eadd67bf2176f02,0,0.012989174779360244,fold_02
ck_0c57d050683d082c,0,0.0267489434121744,fold_02
ck_f84a4afbdf9a4919,0,0.019184261797195512,fold_02
ck_1b2761596e67b6b6,1,0.62044494770298,fold_02
ck_d3f617eb6e90793a,0,0.004299310903076768,fold_02
ck_bafa2a2d1bbaed78,0,0.006947060683896059,fold_02
ck_8493543ab3be6a25,0,0.0020602183307309183,fold_02
ck_bbbc2f4c7df95925,0,0.0321032056617446,fold_02
ck_8cf60b9d8e4601d1,0,0.015111567948361423,fold_02
ck_2074e2a6d6e7e54f,1,0.9980928086315121,fold_02
ck_4d4a03563cef5f00,0,0.007852618035430222,fold_02
ck_086083204171598a,0,0.003385436775163994,fold_02
ck_c5885090802b71f7,0,0.016165095036881644,fold_02
ck_122e797e93b0f1f1,0,0.09687588208553442,fold_02
ck_b1ffda9d6fac6275,0,0.0032048886409299583,fold_02
ck_feeb4fb3dea26b8f,0,0.07756868758727321,fold_02
ck_577f1b65519a9c42,0,0.00995728306691283,fold_02
ck_3b627801e387824a,0,0.016318289586547262,fold_02
ck_e0abefeb3689eeb8,0,0.010550137745675453,fold_02
ck_f9e7ace51fcc0f6d,0,0.01810545607498688,fold_02
ck_9bca43b3b6f120ff,0,0.006656441746641611,fold_02
ck_f9c299726afbf95a,0,0.0013440270000206612,fold_02
ck_e0ce5ebaa1782e22,0,0.0010119031185845037,fold_02
ck_1d37f4bc620edc80,0,0.012256242613827512,fold_02
ck_8ea9fbaeb56b3079,0,0.0020788664051123095,fold_02
ck_4f253e146a33ccec,0,0.005638210613654497,fold_02
ck_50c297cab80a1bd8,0,0.005736050949917292,fold_02
ck_d9c9ac71ec2bb82a,0,0.0037521238497610788,fold_02
ck_797b1a0a6f302631,0,0.014101173444161898,fold_02
ck_396867780e3e4381,0,0.024481595735086747,fold_02
ck_1bb156d2efb65625,0,0.00427457633391105,fold_02
ck_6fb6fe4014ce0b73,0,0.04660334957391156,fold_02
ck_26bfad5afd8574b9,1,0.8557834817603454,fold_02
ck_eef85cf2d94eef15,0,0.0318945187001222,fold_02
ck_050eb6615a03d502,0,0.01926157043417663,fold_02
ck_b56dfa2f9958fe2f,0,0.011845232635353982,fold_02
ck_2d943da9f8f841c7,0,0.011850597266461822,fold_02
ck_9ea2325cc12dad1e,0,0.00791409598207426,fold_02
ck_06018243b7c22aa1,0,0.0033557121852577855,fold_02
ck_9b934735f1d26e60,0,0.012070405344562695,fold_02
ck_4103e10f3a652288,0,0.01319206381155685,fold_02
ck_f469707f25fa90f5,0,0.005743952317101366,fold_02
ck_3e28d8728d461860,0,0.006031554096385592,fold_02
ck_cc47af0b69523158,0,0.006400861911067352,fold_02
ck_ad9fadbb5da88ee3,0,0.024004124666216074,fold_02
ck_7d9cf6654d829428,0,0.005606942836655408,fold_02
ck_778f00f2c44cd5d7,0,0.023268902630602037,fold_02
ck_464fe5b0c97f7dcc,0,0.017808116776765623,fold_02
ck_ae5e689f1f6f7ae0,0,0.015397612495092024,fold_02
ck_00dd35563f53c1cb,0,0.012175337642059615,fold_02
ck_5242b74102a73758,0,0.008344616924072379,fold_02
ck_ff4b27a595a21cc2,0,0.020527255681231836,fold_02
ck_f33cbb0abcef5234,0,0.107502184950395,fold_02
ck_c0513fe82452ec51,0,0.0064095694334188385,fold_02
ck_271fee487b92c655,0,0.031825407946522714,fold_02
ck_e526e3916e779e8b,0,0.013725424773515685,fold_02
ck_a319a53129c21bdb,0,0.2348256039254808,fold_02
ck_0d97d9fd78905d8a,0,0.007301791013192947,fold_02
ck_4847c44b338d462a,0,0.014297522143490187,fold_02
ck_480fabcfe608dbde,1,0.9998782255146558,fold_02
ck_5ea808b93cb2af9d,0,0.011027568220307142,fold_02
ck_5e16480bb19934d6,0,0.01370959176542472,fold_02
ck_4adc379b59b511f9,0,0.011112593057427593,fold_02
ck_7b5906dc6ab203ae,0,0.022104957318533045,fold_02
ck_cd506d9b787d4f2f,0,0.0037603875680832055,fold_02
ck_0f7845a8d487a91d,0,0.005499695114228527,fold_02
ck_dd5cbecde8692114,0,0.03887236801614075,fold_02
ck_409765cec3299c2e,0,0.021622864774723954,fold_02
ck_643b89d9bd42ceea,0,0.018036554834697998,fold_02
ck_930b508c841a5f92,0,0.0019982895931907186,fold_02
ck_bbcda769b9e02c5f,0,0.01111946918678574,fold_02
ck_36d54df65c782649,0,0.06754923791587078,fold_02
ck_1af75e26e82d477d,0,0.022446393283234382,fold_02
ck_d344c8d44fcafd69,0,0.012210811476597925,fold_02
ck_dfe2323b5001ff28,0,0.07657318876932034,fold_02
ck_86b6f3ef546b198c,0,0.03292634976916429,fold_02
ck_f1a9cc5be170bed4,0,0.01013342301680678,fold_02
ck_648f1f6eca33b94c,0,0.004730196687108288,fold_02
ck_82441cbe5295e602,0,0.031350004452516726,fold_02
ck_c6d7e36b0b686754,0,0.001807030729383311,fold_02
ck_370a1db0f6a518a0,0,0.014192358581117538,fold_02
ck_e3585d56b4eb9ae9,0,0.013372438016988408,fold_02
ck_5156cc2543faef44,0,0.012863361712932815,fold_02
ck_1104cd02525e8a89,0,0.007341548033534679,fold_02
ck_b3eab9a57a17b653,0,0.002829497822948056,fold_02
ck_a774728ef0e6d94d,0,0.015081265989521845,fold_02
ck_2d4d49822f030044,0,0.01683424534193363,fold_02
ck_fedac379365b4ed9,0,0.01802916390224507,fold_02
ck_40ae2dfb35566efa,0,0.28822072355310435,fold_02
ck_cd32569be1c0688b,0,0.009862920383786767,fold_02
ck_4ddd5dedc4b116b4,0,0.025299777859145084,fold_02
ck_c1169e0698b16fa1,0,0.06880563111315773,fold_02
ck_8a1cf62d31e1b007,0,0.0019889407190419226,fold_02
ck_9c90d0c049651bf8,0,0.008801406621577636,fold_02
ck_2268354b23c8330d,0,0.0007861916688724195,fold_02
ck_085c82bd6f9b104b,0,0.006497856155398138,fold_02
ck_8ff562dc56aaee1e,0,0.006424612360925697,fold_02
ck_7f134fb64c990b56,0,0.0061366487182651355,fold_02
ck_7ad52944a8be8b3d,0,0.01173983469109224,fold_02
ck_356d0356adfa7090,0,0.004670633036302984,fold_02
ck_8705346a30b4c6bd,0,0.005299262676875356,fold_02
ck_23f3742a732382b5,0,0.004358880275141366,fold_02
ck_5802b86b0cfe2773,0,0.011767039791374058,fold_02
ck_fedc0283b7104427,0,0.03785978687416219,fold_02
ck_e4467431d187da92,0,0.14783696599046064,fold_02
ck_bfdfc7639f9ef6a6,0,0.010599002567851427,fold_02
ck_c8aaedea847df4ae,0,0.01603847511133459,fold_02
ck_b974952b20e398a4,0,0.015549680063767899,fold_02
ck_5e98fa50e88251d2,0,0.031125952091592055,fold_02
ck_8be1dcb0290a767d,0,0.003495449842532458,fold_02
ck_546fb835b1f9874d,0,0.0024929081207640553,fold_02
ck_58ff931c2eb77129,1,0.9150537800847135,fold_02
ck_c04ff0cff9deb1d7,0,0.1466053714317778,fold_02
ck_8813e2ed4a90b148,0,0.005747914167165149,fold_02
ck_c1d32979d5297e84,1,0.9990562148020113,fold_02
ck_5dedd19be9985f75,1,0.9006515311503627,fold_02
ck_cba7c8cd366837a9,1,0.7380028938097534,fold_02
ck_34d9cb603aa6c732,0,0.16161800752986424,fold_02
ck_4333f046ff413559,0,0.015373309921893391,fold_02
ck_7db613f962e0129c,0,0.03354703370623196,fold_02
ck_a1e08a8be2c894b8,0,0.006151195024842239,fold_02
ck_3e0dfa273d04ed96,0,0.018533918800206373,fold_02
ck_80e5db0dc1fde535,0,0.07347036873942683,fold_02
ck_62e2ab55a72f744b,0,0.010209402347586804,fold_02
ck_3a9eaaf406ced19d,0,0.007603357406966217,fold_02
ck_2499ea1a44428b85,0,0.013598490935147325,fold_02
ck_bb69b6d875b205c6,0,0.003995741555393124,fold_02
ck_0e7bfebae3b5efaa,0,0.04154949518863358,fold_02
ck_7826580fffdbb82d,0,0.0033880403434287396,fold_02
ck_7ecf31fc0348a865,0,0.010380418836967019,fold_02
ck_62fc0e2e67cf075d,0,0.009465667905819522,fold_02
ck_dae0b3e5513200dc,0,0.08215993902800557,fold_02
ck_05a062299b4dc519,0,0.014240844621635326,fold_02
ck_ce26f955b7649da8,0,0.04577556185961845,fold_02
ck_384e509d0ec52e20,1,0.9991883576018682,fold_02
ck_62571c037b3c2aae,1,0.2100369351201987,fold_02
ck_bef9756f9e3b4154,0,0.03275557859158377,fold_02
ck_59fc87232c1c035a,1,0.9434000106098356,fold_02
ck_fdfdca94c19f6c91,0,0.006723470583366592,fold_02
ck_893c046e080970bd,0,0.015402367242154153,fold_02
ck_ef0abe1c7d86eed5,0,0.013474606853578285,fold_02
ck_736653cb17bbb740,0,0.021601276329743697,fold_02
ck_9b5e0739bc1a9e9f,0,0.005656018426684993,fold_02
ck_7a56a46e6109926e,0,0.017141537347733098,fold_02
ck_8cb2a84b2bc93666,0,0.013273171145149705,fold_02
ck_7f0fc88888452d18,0,0.018073613782700088,fold_02
ck_0d5e435142173dee,0,0.017747340799659103,fold_02
ck_b0ff415d37a96684,0,0.03062987809474105,fold_02
ck_2f5e05deaa9967c6,0,0.11042662504585182,fold_02
ck_41027968a50bdfc1,0,0.013663000601277231,fold_02
ck_d5f8595079e493f1,0,0.06372320061406364,fold_02
ck_22bd0753d075a0a2,0,0.0066770492203652105,fold_02
ck_ca75b646a89a1b02,0,0.018706355615746333,fold_02
ck_611eccfd81a42cb1,0,0.004546254716899972,fold_02
ck_1c2d556d442c7c4a,0,0.003783480962175973,fold_02
ck_695c504c4dd85646,0,0.1283366192200325,fold_02
ck_5a2cd27719ec2a66,0,0.008548705770100477,fold_02
ck_e99b761a569203ae,0,0.013267286096463519,fold_02
ck_c5c7f1eb3db41b65,0,0.0042368533658262274,fold_02
ck_189556004c73a5b3,0,0.019122790816944273,fold_02
ck_74f4042e3984a1ca,0,0.007971675490622152,fold_02
ck_f6116c3b14d5a1c1,0,0.0075440405272286445,fold_02
ck_6cdf7ee2dc363b85,0,0.0027631601920756407,fold_02
ck_348c4618af0b1a23,0,0.004636865788685436,fold_02
ck_3c010c65171f4a80,0,0.005984079244800699,fold_02
ck_90cc4c6c545eb56c,0,0.010639903706718967,fold_02
ck_1e863432fd65c6d7,0,0.006730007585793226,fold_02
ck_974784d4adf02d78,0,0.03559970669358018,fold_02
ck_b1925c278e078e11,0,0.010052610737141162,fold_02
ck_97a76b3a1f90dab5,0,0.004366812000584659,fold_02
ck_c3721a38c323794f,1,0.004467009739351569,fold_02
ck_b88110ed2cb86956,0,0.002270328443548788,fold_02
ck_dde2a7f06279a078,0,0.005942428254695258,fold_02
ck_0eb0d54f73d87251,0,0.008670640101298656,fold_02
ck_f6c9581ea6649228,0,0.004648998565071788,fold_02
ck_ef93531b10769328,0,0.0118909674766659,fold_02
ck_338ed2e096f9bcf8,0,0.00476480772233065,fold_02
ck_f9a1f2ac64c610b1,0,0.0427605149297378,fold_02
ck_a45819124d3ebf6a,0,0.0013203622242244464,fold_02
ck_c74ab3ef1e9bd0c6,0,0.02737487637084506,fold_02
ck_27345145442b7009,0,0.013486170807393423,fold_02
ck_7fc919e6e40e4361,0,0.014018480225641079,fold_02
ck_90796d0bcd20ffc3,0,0.03305482392579934,fold_02
ck_c83fe6c881bf55aa,0,0.00977145381253876,fold_02
ck_f287de749ec168ff,0,0.0028870198696371034,fold_02
ck_90c8ca0bd2e811b9,0,0.17471061410922709,fold_02
ck_711ba7b75b840644,0,0.0028851705654828865,fold_02
ck_0e3668eb5c9d1025,0,0.005914715822989498,fold_02
ck_42780e1be18b2085,0,0.010877377214558163,fold_02
ck_4d8ef9c58607a08b,0,0.0039001219815297757,fold_02
ck_65e3b77b5c2d7565,0,0.0043608828026811056,fold_02
ck_a2973a4152f68f3a,0,0.005367990635747527,fold_02
ck_a46f40d9f7e0cd11,0,0.02970855175221023,fold_02
ck_3be48c1588b004b6,0,0.014542308784084454,fold_02
ck_df962957355cd5da,0,0.0044022512580763175,fold_02
ck_7c398427e12726de,0,0.024050882327029087,fold_02
ck_be3b0fea2c5e8695,0,0.014212893707231665,fold_02
ck_23ee65aba7774f45,0,0.005567947684309337,fold_02
ck_62afe862a813b283,0,0.02312647667496563,fold_02
ck_6a55b5c203a1e19c,0,0.008974715472310695,fold_02
ck_3cd6cea5d00aade2,0,0.010688210251491899,fold_02
ck_d6348d1d3de03eed,0,0.032478232889414864,fold_02
ck_2557b3ca171d5a82,0,0.10629072310348392,fold_02
ck_4003717ce82eae8c,0,0.01467079307496515,fold_02
ck_398177f82f90dcd8,0,0.03339561790129065,fold_02
ck_a5ff523efcbb77ea,0,0.009169291560696907,fold_02
ck_a788d16ac3ac5431,0,0.023497335798913464,fold_02
ck_80da24eed4f323de,0,0.031191837322047652,fold_02
ck_bcbdefe06b8e4638,0,0.16343896125657278,fold_02
ck_71436a4b75f050db,0,0.01042009443747345,fold_02
ck_18601617a9482311,0,0.004495665652535123,fold_02
ck_3f0595d115540348,0,0.04452553089888814,fold_02
ck_e3c64961bf65b42d,0,0.0044682152855358695,fold_02
ck_c9d0b85bfb723266,0,0.0361330783476067,fold_02
ck_1e5cddeee9949a92,0,0.022389951554111595,fold_02
ck_3b3600f82c9fffe8,0,0.010858066346125041,fold_02
ck_74c6b3b891e583a4,0,0.029613595511240754,fold_02
ck_9004ad59a90e8484,0,0.010660473448361527,fold_02
ck_34e58b9c89476dd3,0,0.06982372425480916,fold_02
ck_1f3adf13c99d8c43,0,0.00945202407810071,fold_02
ck_ae7be498d0879beb,0,0.004994011404851772,fold_02
ck_8d4e72ddf47a4940,0,0.02474155908491865,fold_02
ck_f1fd480e7c6bad60,1,0.7896801071440278,fold_02
ck_ac28adaa25a579d1,0,0.014132000652053427,fold_02
ck_e9882d33e7d7a424,0,0.003948934660892707,fold_02
ck_ac409fc361f807e2,0,0.001895498539472262,fold_02
ck_87c7da7a874e7f85,0,0.009254173274476266,fold_02
ck_c7cf8a367dd09769,0,0.017797512360111775,fold_02
ck_69b42fb0095dd810,0,0.05453029387706734,fold_02
ck_c1084f3e680419f6,0,0.0478612877915364,fold_02
ck_428388054cc8fd8c,0,0.011293585900786655,fold_02
ck_9759905bde2a7521,0,0.013091877816083484,fold_02
ck_b3fb91a6c2284936,0,0.07671955013885613,fold_02
ck_433cf04ac6827e4e,0,0.010297564452490752,fold_02
ck_e0c5fd6e56c0c57a,0,0.002316357132661146,fold_02
ck_73fe9f07bca42adf,0,0.08787177548507415,fold_02
ck_dd168cfd610da0de,0,0.018001869501721918,fold_02
ck_38905519dfc0ee22,0,0.005225686461535348,fold_02
ck_13a3712a017d93f2,0,0.007190540011246416,fold_02
ck_8c93ee95660c1723,0,0.01186201108940798,fold_02
ck_2db4cd3109a8900f,0,0.001440961232741272,fold_02
ck_918597de7490b97b,0,0.033899076695559444,fold_02
ck_58001d7c6f699a2f,1,0.9908863125039798,fold_02
ck_186f22a8d121d19e,0,0.009324468355413557,fold_02
ck_895d6a34e2419e1c,0,0.010473863034544248,fold_02
ck_82936a76d966284c,0,0.003732103320054451,fold_02
ck_7796792df9a08dd2,0,0.004037494223003401,fold_02
ck_b5cf3b70dc63c8e3,0,0.011837797128899858,fold_02
ck_22aee306e7c7719a,0,0.03216946994920192,fold_02
ck_492482b8c42c936e,0,0.008220308041854191,fold_02
ck_90b831b2cab9208f,0,0.002851613129500402,fold_02
ck_fed538f030ee4137,0,0.0033575187085183125,fold_02
ck_279825a4897786f4,0,0.005212635367501493,fold_02
ck_52d1ac7129066ed7,0,0.013078947574317792,fold_02
ck_b2bc7ce800b08b95,0,0.005500092790148097,fold_02
ck_d4084ce301b26c1d,0,0.03046180198696682,fold_02
ck_4de0a5587f891762,0,0.01872614670430645,fold_02
ck_a29d7730e244f8c4,0,0.025032151774574598,fold_02
ck_317e9c4bd9c012ad,0,0.01698606499834425,fold_02
ck_7fac295ab7cde1eb,0,0.022046092831034994,fold_02
ck_8c11dc23abba74bf,0,0.341225542049121,fold_02
ck_13584243f3eacc04,0,0.0027405647960799732,fold_02
ck_00dd7159a6292ed0,0,0.004942172851961265,fold_02
ck_abbc9966412ed9de,0,0.017148801990166277,fold_02
ck_4b162dc39c8106aa,0,0.009814293248644888,fold_02
ck_260eb4cf2a0fd4d8,1,0.007613120575738752,fold_02
ck_a897bf92960cc517,0,0.06836096941859592,fold_02
ck_749e712745878a38,0,0.011108117350487615,fold_02
ck_9a248e7e46af922d,0,0.005685848722695528,fold_02
ck_134560269719dcaa,0,0.009413970644092409,fold_02
ck_a9fee4d15725cad9,0,0.31752510428706093,fold_02
ck_56ddb2567b4d9743,0,0.043288824247581514,fold_02
ck_67fa3088326e496d,0,0.01283536682313346,fold_02
ck_2ed96fb6b3ebdfe6,0,0.008770575392978581,fold_02
ck_883a1ea8da5d6e87,0,0.002105069644969863,fold_02
ck_37905c1092401d50,0,0.004125605864515915,fold_02
ck_13481791f0eb97fa,0,0.004495252783830703,fold_02
ck_0e22aaeefea11c21,0,0.015251569469865557,fold_02
ck_9f348d294b5db65c,0,0.029116663765703966,fold_02
ck_e0f0ebc05d1b09e7,0,0.005145216005985938,fold_02
ck_d09fcb25cd65888b,0,0.008465606506053597,fold_02
ck_2756050caedb3c5a,0,0.015564035687413127,fold_02
ck_7ede2f3cc76e569d,0,0.012923959307068909,fold_02
ck_7c0c8c9e79a8cd96,0,0.02547540860016691,fold_02
ck_cab6ea36c5238aac,0,0.0076065918829740665,fold_02
ck_bb31d3edc6b824e5,0,0.013603268166650901,fold_02
ck_fbd3d70e0bb5185c,0,0.008225725941455007,fold_02
ck_51d77576447152ba,0,0.006380062432737795,fold_02
ck_de64732a2127dab4,0,0.003342062661485734,fold_02
ck_e584ec5d0727be66,0,0.0281090263150834,fold_02
ck_f51da7582c4db39c,0,0.016021584046178813,fold_02
ck_d2785017b4d2cd5e,0,0.026055538052420436,fold_02
ck_988449be20462f11,0,0.019567224963344072,fold_02
ck_ca11faaf18568cec,1,0.9994931727933184,fold_02
ck_b9ce378f2f599374,0,0.009153948541293953,fold_02
ck_3d0616e1cbb92904,0,0.0016944363337630375,fold_02
ck_2b76ff818a95110a,0,0.008301092728835138,fold_02
ck_cc73c28778005ed1,0,0.00388453297411095,fold_02
ck_43086d88dbe05c10,0,0.006096179924736599,fold_02
ck_25f3de705e71d8d1,0,0.007093065899140487,fold_02
ck_494d3a8c948f36b3,0,0.013520749771619616,fold_02
ck_96f737cacbbfebff,0,0.006128688535986583,fold_02
ck_d36ee4ffacd66e50,0,0.002100369028402533,fold_02
ck_ee7e7b93ba016570,0,0.013011191970211168,fold_02
ck_7093955759b1c40a,0,0.057910611165586136,fold_02
ck_9748ea62fe37c137,0,0.03643862263375461,fold_02
ck_af7f72ce18cc7dad,0,0.011405014027162319,fold_02
ck_31222894b30f8f26,0,0.030032571363988216,fold_02
ck_d898e81d68464335,1,0.4067871122082941,fold_02
ck_e16c3ff91a77d973,0,0.016777436612599617,fold_02
ck_4041d7ee1736e819,0,0.006758312998311675,fold_02
ck_7f7e6cc2be9ce963,0,0.043681717312061344,fold_02
ck_05473fa3caef9524,0,0.8306300924632313,fold_02
ck_920407c1a18a350c,0,0.0068764714385851754,fold_02
ck_c729e22a3ee4d873,0,0.0231989450453098,fold_02
ck_409f4412acca02d4,0,0.3567514269407503,fold_02
ck_aed3a70510a7ccc5,0,0.0034740643942612467,fold_02
ck_691e9510c80e792c,0,0.004120302151861605,fold_02
ck_459cdd36e026dbc8,0,0.004594938748457812,fold_02
ck_5e79b4387753e309,1,0.04959482369551169,fold_02
ck_ecdf680a42e52a1b,0,0.01298285132665245,fold_02
ck_ba26e71ee201ee72,0,0.005159460050254714,fold_02
ck_99963bed1d5bfddd,0,0.02920505881566515,fold_02
ck_73ec86aa06290120,0,0.009629645955377807,fold_02
ck_b4c6380e7663db40,0,0.003516327676442014,fold_02
ck_825c3b8742ff1c16,0,0.0058729894625965,fold_02
ck_51d3f0507e1e8339,0,0.0010905612283206854,fold_02
ck_253e0fe2d0455db1,0,0.006183039120962413,fold_02
ck_3d9fb4d774c89ba6,0,0.010839357353063522,fold_02
ck_2c903b6b24c7b4e6,0,0.01773026072023811,fold_02
ck_486dd45c2dc19ac8,0,0.0070709793073921,fold_02
ck_34c1d54ac33144f3,1,0.07074240997160161,fold_02
ck_349e524280bfc4ab,0,0.003613523536104237,fold_02
ck_5b06cf7fd483ecbd,0,0.0015215803361066024,fold_02
ck_e64e5a78a31a3f87,0,0.013981594454058817,fold_02
ck_072d852b4d7a881f,0,0.007705710280329609,fold_02
ck_357a9287ec2cc14e,1,0.9713476076667663,fold_02
ck_0ddb7f05f96ab6b4,0,0.009281834645232296,fold_02
ck_c55f9697250a3274,1,0.31400026688904964,fold_02
ck_369934e5a246fd7a,0,0.008894903649252025,fold_02
ck_d2acdc57a4377d1b,0,0.010281588783203609,fold_02
ck_ed3069cdab888c95,0,0.011578890051696903,fold_02
ck_9e8cc920f16228cc,1,0.9981011554239976,fold_02
ck_e74b91fc7d4dc246,0,0.004457867928536671,fold_02
ck_adcc74cd968ee285,0,0.0226991624433533,fold_02
ck_e0fb3544cddbee60,0,0.01691525413623103,fold_02
ck_d036ccce3e3664ed,0,0.28625261570508037,fold_02
ck_46cfe6e2ebafcd6e,0,0.006022045922277667,fold_02
ck_b4e08f01868afb3f,0,0.12559638689344765,fold_02
ck_104b3865383fb5c1,0,0.010025904743090506,fold_02
ck_8327b5a3d6afa89c,0,0.020410753562988423,fold_02
ck_fde9c63ef314a414,0,0.3220310958424155,fold_02
ck_b1dfee50dc9d3984,0,0.006310337988120249,fold_02
ck_921253e9da1d85d1,0,0.012318127753901039,fold_02
ck_3ccec7106c8ff311,0,0.013780650603250006,fold_02
ck_9cc153471c3e7e4b,0,0.01532641210670288,fold_02
ck_84c57e60d6e9ff37,0,0.012042975359439396,fold_02
ck_0aa4c3c68cca4693,0,0.01075661039703258,fold_02
ck_07f55d0151f8ab94,1,0.9788536074538827,fold_02
ck_15dd0007a76cb4bb,0,0.004363517096684336,fold_02
ck_536d598282f535a6,0,0.004607301882303007,fold_02
ck_45e7a4bb796b22d5,0,0.008022254177133547,fold_02
ck_0010e31baa4a1fb7,0,0.001589089891604928,fold_02
ck_362423cdad5641a6,0,0.007057626867932574,fold_02
ck_56abe0473592b8be,0,0.0007812601131345267,fold_02
ck_ccbdf9e3f0fe3ac4,0,0.007095624217165403,fold_02
ck_809ef8800f5b856c,0,0.008888564042123357,fold_02
ck_9aa35b761430943a,0,0.009931029448244805,fold_02
ck_4ec8b1a1eb4c1319,0,0.002462048096640388,fold_02
ck_6f9f6ff7b58a5912,1,0.997486728254527,fold_02
ck_206eef87627cd5a4,0,0.002285750898916258,fold_02
ck_2bab2bb134e4dd5a,0,0.012139939680549808,fold_02
ck_19b9846baaee49a9,0,0.008988282942348906,fold_02
ck_fab17baef1559ebc,0,0.009523735566894493,fold_02
ck_a261301f1cde36bc,0,0.9450646155357598,fold_02
ck_bf6888b3bd6abdb5,0,0.015278779565907737,fold_02
ck_4408994072989b01,0,0.004108785533497408,fold_02
ck_4ab89c81a9f487bd,1,0.15611879869274814,fold_02
ck_5ed38135e3a798a3,0,0.003630861184377837,fold_02
ck_48cf1da82cdace97,0,0.009950286306193804,fold_02
ck_c47bd0e6f9ec26f8,0,0.019108426057614,fold_02
ck_159b5dc2f058d003,0,0.006001630807111159,fold_02
ck_b35bf80045d741f7,0,0.006367102026225249,fold_02
ck_4d5197b17fb74b8d,0,0.0019122787054557757,fold_02
ck_8c29dca6b626b531,0,0.01970994891977631,fold_02
ck_5fd56724f94bae59,1,0.7101344838740327,fold_02
ck_c1368e8be29eb32e,0,0.018349070637025407,fold_02
ck_b4806b181727ba5f,0,0.9419432143384153,fold_02
ck_b8a08ad29f7be086,0,0.012208579094732396,fold_02
ck_4d354b2cce077a2f,0,0.14304050063920984,fold_02
ck_c31a130a5e90aa5b,0,0.021433666419560533,fold_02
ck_da64193ada74fb0b,0,0.012525744345265554,fold_02
ck_ec3e8b990bfcebce,0,0.09009370301932869,fold_02
ck_eb8ee62bade366a6,0,0.01953257335532137,fold_02
ck_e7e2c6a17ee36aea,0,0.03781037501650843,fold_02
ck_d19e70484f00c289,0,0.008119054783548978,fold_02
ck_35e4c37a47fa5105,0,0.009303511680120368,fold_02
ck_d5963211e99b58fe,0,0.005191120359366367,fold_02
ck_0adc32a343689b4f,0,0.008221212096455687,fold_02
ck_593e8d938b9d930b,0,0.08243441152283948,fold_02
ck_5dd0a382a488b4c3,0,0.03452106848189818,fold_02
ck_5f9e618671c92927,0,0.014074352192996919,fold_02
ck_19cb4142e6581efc,0,0.03857926736819701,fold_02
ck_d6ad60abfa17f32f,0,0.004564457681640741,fold_02
ck_cff4eb024cbd5f20,0,0.017785117679202458,fold_02
ck_b1740529b0cef616,0,0.01726400473206379,fold_02
ck_3c97faad73ed98ac,0,0.03064123735114798,fold_02
ck_f49dae7f78bdfe71,0,0.012996828447271586,fold_02
ck_abc894c54c83134d,0,0.02947144490735073,fold_02
ck_60b150305b694709,0,0.015069912885884506,fold_02
ck_3a0a3eb3ff5ccbe8,0,0.0022641361038702327,fold_02
ck_06be8d2870dc4bd1,0,0.013628925290965923,fold_02
ck_f65d3964c8ca2c88,0,0.0054253252970459945,fold_02
ck_3707049d644e46b0,0,0.010648356249614915,fold_02
ck_58dca4d721811609,0,0.008976224746204476,fold_02
ck_1829fa14d3087725,0,0.025495184620178836,fold_02
ck_0434e70f996c4296,0,0.0020597073511547863,fold_02
ck_1bbdef0d5b1e6d25,0,0.014338832037323706,fold_02
ck_33e3e65e22edec49,0,0.0033499511050071166,fold_02
ck_90bb5f6b2f72d13f,0,0.011990299448578741,fold_02
ck_a1fdac700a5aad7b,0,0.0065259764139318065,fold_02
ck_1c02ca570141ea8c,0,0.027686161255688797,fold_02
ck_5b4bfd8848200caf,0,0.0212701615231857,fold_02
ck_79b39c89d31d7ca4,0,0.0032644049071367943,fold_02
ck_799e36b1a439d361,1,0.9128126974552819,fold_02
ck_19bbbe996ab1114c,0,0.054437701970776256,fold_02
ck_084e1a2a250d41bf,0,0.0062743655158856715,fold_02
ck_c202732046194127,0,0.012703061931932476,fold_02
ck_b4a75e5cf24cc4ce,0,0.008373490316851456,fold_02
ck_e6cdd6b4d500b8dc,0,0.00680321287782577,fold_02
ck_8a78a1e515d803af,0,0.01016201082560643,fold_02
ck_6db99105e86d85ba,0,0.007930785636355821,fold_02
ck_e9fe9f4733406ce6,0,0.0007929925193771559,fold_02
ck_7f38afd0b40839f5,0,0.00394219086566537,fold_02
ck_10ced6cf73e00327,0,0.002591206050913742,fold_02
ck_9185c512a2acb418,0,0.00460839334059797,fold_02
ck_f475a4886f930ba3,0,0.005707177438742436,fold_02
ck_3dc1357d87ab085d,0,0.01867832811530735,fold_02
ck_abbb46d611a813f9,0,0.01729478566500548,fold_02
ck_d69e68fe80966db0,0,0.012901955387629149,fold_02
ck_972596f7048fa8ee,0,0.01724487930365609,fold_02
ck_18ebc0d2e71ec4e3,0,0.006322093968752609,fold_02
ck_6d7f19255159d308,0,0.004030502141601485,fold_02
ck_c2a32a0f7ff82577,0,0.024333907380955342,fold_02
ck_21c8f3b8410d963a,1,0.9725883232728246,fold_02
ck_4963e76e8801bd4f,0,0.019592833443997513,fold_02
ck_3440c828207d463e,0,0.0010801750494655795,fold_02
ck_dd8c5a9f3ff168c4,0,0.007741525804428538,fold_02
ck_58e69766b5f9c08a,0,0.006499989246528567,fold_02
ck_306052a14c9cb87b,0,0.0064712300346573106,fold_02
ck_770ef6cbd1e4b079,0,0.020124640480688044,fold_02
ck_e82462f21ba7f182,0,0.12359733744282107,fold_02
ck_4224def9a23aa7a0,0,0.015967429813087713,fold_02
ck_721f6df88cc1ad98,0,0.015161631322026352,fold_02
ck_7a74cd6536345052,1,0.4143244968334036,fold_02
ck_45da551678fa7eb7,0,0.010352307430625648,fold_02
ck_fb6bd03246407507,0,0.002901062729402738,fold_02
ck_78e5fc195cb6383c,0,0.006517390103048522,fold_02
ck_37f0dd16eb1c9612,0,0.013148165296646178,fold_02
ck_225aece5cabaddf2,0,0.003578898729784998,fold_02
ck_32441c7faeed39b0,0,0.01029507192574349,fold_02
ck_432bce6aca81a165,0,0.004803382914567245,fold_02
ck_6666cc57f7f0eef3,0,0.008475628990885713,fold_02
ck_e4b0dc1db6c7daf5,0,0.028792188179323996,fold_02
ck_1354d7aaccfe3f93,0,0.004527132648347364,fold_02
ck_4fb077e35d1273a5,0,0.19528283157862192,fold_02
ck_b5afdb8227be165f,0,0.007189538536840879,fold_02
ck_1ec8c56361600998,0,0.04514737857928554,fold_02
ck_ba390d42645b68b6,0,0.1140748399894319,fold_02
ck_9cf2335a8cebda9e,0,0.01361292359907293,fold_02
ck_5608a58fe227ca4c,0,0.004645217678548682,fold_02
ck_dfdcea1c04b47cc5,0,0.008502538005478127,fold_02
ck_ae4a0719686f2e3c,0,0.01728899729783766,fold_02
ck_00ca83555bf3a8c7,0,0.0033040347281065217,fold_02
ck_0df9055e33bfb490,0,0.01640659437442099,fold_02
ck_e4621554e5aee2ce,0,0.007529884243509572,fold_02
ck_93083da647120268,0,0.09491474615590713,fold_02
ck_8482c5fe94a5d356,0,0.010640484120052888,fold_02
ck_bebe809e33270a21,0,0.00852930076192644,fold_02
ck_bec8bf865d2e18d6,0,0.006317722049790672,fold_02
ck_29dae3001c82f375,0,0.0009403122585201817,fold_02
ck_2d903a5ba7279da0,0,0.005437776872519993,fold_02
ck_e12d827d27808680,0,0.00568110430958765,fold_02
ck_e4d91f26378a9acc,0,0.0038810536923369688,fold_02
ck_306d78f09ddbc6c7,0,0.004204750807348294,fold_02
ck_3f6880a2074c1ade,0,0.01294470614739092,fold_02
ck_dcb0d58bba795b34,0,0.0932535358024908,fold_02
ck_09775b19c41a845e,0,0.013564366135758656,fold_02
ck_f949a0afe4e008cb,0,0.031031168665017237,fold_02
ck_35a52ccb75f85ace,0,0.005208246667055873,fold_02
ck_a4761a17fdbab33d,0,0.05198892900699502,fold_02
ck_c957954943fa9336,0,0.00528252836891811,fold_02
ck_f6623a93c8416e1a,0,0.028028820505716832,fold_02
ck_37a13fd55d444785,0,0.013083686496173749,fold_02
ck_b905e69159df9591,0,0.017204646827396076,fold_02
ck_621d5cc44857620d,0,0.07926915256570652,fold_02
ck_856f770c864e58be,0,0.011159893750718722,fold_02
ck_033281bbcbee1fb9,0,0.009189701751533328,fold_02
ck_079f4ad65c13e2be,1,0.8986901972589134,fold_02
ck_3f7e54b73f9a53cf,0,0.014877027355752028,fold_02
ck_be7729edc3151f6d,0,0.009561627399411065,fold_02
ck_a3c63b297ed7ec77,0,0.0021600638507922993,fold_02
ck_67778c88ae7d1b2f,1,0.999763149240575,fold_02
ck_3af0b65345d2971f,0,0.005641703196350502,fold_02
ck_61eb76fcf32103a0,0,0.0019346285281022773,fold_02
ck_b3efc53576a709ab,0,0.012477033236815246,fold_02
ck_bf62b1612637e9f0,0,0.012470893171186642,fold_02
ck_7519afe32a71c624,0,0.025701080124162178,fold_02
ck_6898b823bd2f9bd6,0,0.0030522470278327215,fold_02
ck_dfdacbd7afdd8bf1,0,0.002718539108177794,fold_02
ck_6d03cf8d87dfcce5,0,0.003172453659216142,fold_02
ck_b7f3e01ae09d0cfa,0,0.010449119835149071,fold_02
ck_8ab20a41771a3b1b,0,0.004602820132428751,fold_02
ck_10bbe987e524d1b4,0,0.025184887565860323,fold_02
ck_2f0577ddbb8ec0d9,0,0.04640209465438107,fold_02
ck_309b20b3a625d5d1,0,0.05096795293305765,fold_02
ck_2599eaaaecd03f64,0,0.016852633782555596,fold_02
ck_8907492ce8fc59d1,0,0.005247648797840819,fold_02
ck_b15ffc923c1bad15,0,0.12202378135437239,fold_02
ck_e68b994f61cce9ac,0,0.02538727939450684,fold_02
ck_3e860ef3015b7d81,0,0.026242283956538114,fold_02
ck_999fce6d2bf6247d,0,0.006707281619956473,fold_02
ck_675103eb5dd91704,0,0.0028104100298054057,fold_02
ck_9e66337f376c470c,0,0.006795652182116515,fold_02
ck_4f29924dfd473646,0,0.012252409536129976,fold_02
ck_efa5a839e244d697,0,0.002638778996152936,fold_02
ck_3d8eb9762c96f1f1,0,0.03862259581655882,fold_02
ck_8b102bdf260a5933,0,0.11169405881215373,fold_02
ck_1f95d382e7fee1c9,0,0.002101091363967357,fold_02
ck_bc6e1700814a07dc,0,0.010322642918768554,fold_02
ck_d64a82148cec4f67,0,0.0041680519189655025,fold_02
ck_9cb57a5e99598c28,0,0.013407831343681282,fold_02
ck_1cafbe5a8b637485,0,0.14054489512367024,fold_02
ck_bfeced5bda4ce82d,0,0.003408044569334578,fold_02
ck_a350dcfe51a357a9,0,0.04090178813379304,fold_02
ck_a0c2ce7c62f530c6,0,0.013528076988359875,fold_02
ck_41f9b674aaa5abbb,0,0.023060136029464613,fold_02
ck_6eb8d504bccf6b6a,0,0.03095661625500363,fold_02
ck_e570f9b844a53b10,0,0.012799638061445729,fold_02
ck_9eba3cbed2a5ef16,0,0.007028041459203548,fold_02
ck_9c79e5cd1f494df6,0,0.004598886749826465,fold_02
ck_7cfa14da07132a44,0,0.009205246409386338,fold_02
ck_59c4885fe5738e65,0,0.016960962287558955,fold_02
ck_9e7bc0838d7cd173,0,0.008428544281279,fold_02
ck_03fb35b90cac4405,0,0.0007031871977360051,fold_02
ck_1a0362f53ffa27df,0,0.01729519318506479,fold_02
ck_ae266f1e124f266d,0,0.011756750101607044,fold_02
ck_d470e0c71eb09e97,0,0.020076492393461053,fold_02
ck_a6ed08e32af6331b,0,0.002633797005937965,fold_02
ck_ee6a2b02fc0aeb56,0,0.11495430302017834,fold_02
ck_74d9919049eb1cf0,0,0.04799021388334901,fold_02
ck_a5f6cfa6ececb8c4,0,0.009851034872114176,fold_02
ck_38d19558e80f5cb2,1,0.9815618376437835,fold_02
ck_a38a4f1135e2655b,0,0.0022468886321968438,fold_02
ck_eedb81131639f872,0,0.014929839356012761,fold_02
ck_8f400973d40403e4,0,0.025488826206415047,fold_02
ck_4862daaf04a0dc34,0,0.01398896374891199,fold_02
ck_08d2b8d59bbf6387,0,0.01436394415746367,fold_02
ck_cef255f98ab187db,0,0.010829392752022167,fold_02
ck_16f049a554252d4e,0,0.062474595654826486,fold_02
ck_7a8301ee9373a107,0,0.008421141021732293,fold_02
ck_44f881b7e3569ecf,0,0.0076319375938130075,fold_02
ck_6e436bdf0f1e7f24,0,0.005495853247724997,fold_02
ck_8fa98819d5364927,0,0.008005523166635081,fold_02
ck_13a70f4380ddff0a,0,0.05270754519804779,fold_02
ck_b501b5041e685057,0,0.02261521958862221,fold_02
ck_df9248dce1a8a6de,0,0.007991495446770105,fold_02
ck_824cf2c900e919d5,1,0.031125933173404237,fold_02
ck_4ed5c734a19f902f,0,0.006173289423365176,fold_02
ck_0c17be46c9c84739,1,0.9898506949751852,fold_02
ck_51061c2a3fcbcf4b,0,0.012959530880734047,fold_02
ck_ec65b32d0f48aeb3,0,0.042109431909877044,fold_02
ck_49ed8e2c61261653,0,0.02173801162136948,fold_02
ck_cec363a9fa191cf1,1,0.979696029406081,fold_02
ck_d43170579d3a2da7,0,0.12572279020259486,fold_02
ck_c865671968087ab3,0,0.0010919073493150806,fold_02
ck_1a99d74601593aef,0,0.008320628817749892,fold_02
ck_45c51d122ae85a3e,0,0.2377571276917727,fold_02
ck_c001acfa63c7e08c,0,0.020783812698829916,fold_02
ck_8390f88ee985c4e4,0,0.048249001078490915,fold_02
ck_190c7f5636b3c8d1,0,0.01705766433426224,fold_02
ck_a9fd64080a09fe53,0,0.0076276439650986875,fold_02
ck_4835228a5865e660,0,0.002328874196869683,fold_02
ck_5bebbb85ae2e1b9d,0,0.003881018485739722,fold_02
ck_4b2cb34ade0fabf9,0,0.001238474152813801,fold_02
ck_2a9a0550ce98f8e6,0,0.0250799010257864,fold_02
ck_de84ef69827f916b,0,0.008053460166238468,fold_02
ck_90b1c11f69588331,1,0.7150834972318726,fold_02
ck_82695fddfcdfc2df,0,0.0014345782279288689,fold_02
ck_2a208f29edaa8535,0,0.022218747113932225,fold_02
ck_338c7a11237070b4,0,0.02853005931850636,fold_02
ck_9373a40b02046da6,0,0.010961587659578617,fold_02
ck_8e108cc6d101fffb,0,0.003422734632705989,fold_02
ck_e9e43076dff654ef,0,0.005948774756185885,fold_02
ck_a425ce2385bce250,0,0.002775488413636295,fold_02
ck_ca08417228c63f73,0,0.003940413661319132,fold_02
ck_5c1a460dbb7cb452,0,0.002516272421682959,fold_02
ck_18f2a4489a7b38d5,0,0.010567844532329075,fold_02
ck_1e3f2b5b075f9644,0,0.00730095505432675,fold_02
ck_f92b7b92ab3a656b,0,0.00183376087835268,fold_02
ck_777837395197d7d1,0,0.012055547792474884,fold_02
ck_c68133edcb86ce94,0,0.005820132626458742,fold_02
ck_1644e1e12972af30,0,0.010373485892077811,fold_02
ck_fdc13af5c33a433a,0,0.015006103653249845,fold_02
ck_60967829c0d10423,0,0.1607020065565226,fold_02
ck_b9ac93aee7d1f363,0,0.009453876041739452,fold_02
ck_bb8db03ec6049c90,0,0.007718033101806385,fold_02
ck_c6549746dcc43d0b,0,0.03430385823961452,fold_02
ck_872a37ddcff867ad,0,0.007982628245369999,fold_02
ck_98069e78ada50399,0,0.16114862527444757,fold_02
ck_b343d606e12f2083,0,0.004449172242093079,fold_02
ck_e3f3803237948fbc,0,0.020950844982590932,fold_02
ck_9f267d9d63b897b3,1,0.40843614776211473,fold_02
ck_a2082240ce9e4350,0,0.00924736433810382,fold_02
ck_1a5b4fc4122a13c7,0,0.010279879094910467,fold_02
ck_15294afa452bd362,0,0.0249562147596018,fold_02
ck_776f120dbaa2b76e,1,0.9713344124354196,fold_02
ck_8eac9b868e471dfa,0,0.00780232662394609,fold_02
ck_a84e3115725eb491,0,0.8603051381175351,fold_02
ck_0f673998f81cff47,0,0.014921720402746029,fold_02
ck_cd1107503a49f054,1,0.9989317007595732,fold_02
ck_f021db71b89e99db,0,0.003626315121703509,fold_02
ck_95654bddfcf21e39,0,0.014998919091076585,fold_02
ck_0ae01776d259dcf2,0,0.002980682994492703,fold_02
ck_db92305cf38c4196,0,0.017794527854576875,fold_02
ck_3ce843f89e007e90,0,0.002738437544454545,fold_02
ck_c9565eae3ea73e3b,0,0.07962235414926938,fold_02
ck_bf4de5e56093138a,0,0.006821718586760289,fold_02
ck_e776f1855488fe57,0,0.016253919919938555,fold_02
ck_8121f92b16dd46c8,0,0.048531750736153415,fold_02
ck_a04e40417d820602,0,0.0055656698477298695,fold_02
ck_ff021890dc4375b6,0,0.0039197554642760105,fold_02
ck_021699ec585af905,0,0.013344721465706012,fold_02
ck_cecac42f635eb167,0,0.004808706880113261,fold_02
ck_5e85c9e41cdcb817,0,0.01677395783617348,fold_02
ck_f2cb0129c1f347a9,0,0.004388710148047771,fold_02
ck_f7edc8d49ed00993,0,0.004612489647976548,fold_02
ck_f0be92897a7aae44,0,0.015099848848746246,fold_02
ck_14983e57c3dd1003,0,0.15440869730318557,fold_02
ck_050f1a889056fed6,0,0.002031750102717664,fold_02
ck_a3b1123e3ea1a6d0,0,0.014298518143094447,fold_02
ck_15549d9bd61eadfd,0,0.0074853536348470015,fold_02
ck_dad551a7bb3647c3,0,0.0402391193299027,fold_02
ck_35fb3c635f1f7c3f,0,0.0012407308413100821,fold_02
ck_6cb63837b710b3b4,0,0.009556262669247497,fold_02
ck_bc2f8633680ffb5a,0,0.028695284500704195,fold_02
ck_e457a40bf2fac1fd,0,0.02205388481576623,fold_02
ck_e7f7be528936968b,0,0.011988864598096748,fold_02
ck_85f0ad0db5002bd7,0,0.03897855803722283,fold_02
ck_ae4f315163cdc9e1,0,0.034793379144243894,fold_02
ck_4ba9f1aba87df86f,1,0.980441924618329,fold_02
ck_802e8bc729e337f7,0,0.01789888786134322,fold_02
ck_fe0854b47a990b0c,0,0.0024117537861458854,fold_02
ck_f3a408d9d90ac407,0,0.08346915959192291,fold_02
ck_d31676d3151ed1f3,0,0.08920811279069975,fold_02
ck_b494050822e3d679,0,0.018242085978726234,fold_02
ck_55d5acf5e28870c2,0,0.11192998605683971,fold_02
ck_5446adf9652f7baa,0,0.009874933304047425,fold_02
ck_abbf4d37684baf8c,0,0.015170011324419072,fold_02
ck_6abb93dda08215d6,0,0.01668667693849017,fold_02
ck_7d8cf38db1eed61b,0,0.0025046353249131054,fold_02
ck_48dbf6c6edabd08d,1,0.44407658029032115,fold_02
ck_f28a2ff217821306,0,0.0018518087318252748,fold_02
ck_c81d654653c52597,0,0.015261652563840704,fold_02
ck_edceaecedf7dfd65,1,0.745583703831977,fold_02
ck_5c7e18ca81a81cd6,1,0.5829553079756646,fold_02
ck_fb4a4b48db967378,0,0.016760676029680576,fold_02
ck_39fb5de59e9031c4,0,0.015623598086759843,fold_02
ck_622fd187bde30e74,0,0.004162432690180067,fold_02
ck_432eea52c0b6eae0,0,0.006762877777370807,fold_02
ck_25b31db8c46573f0,0,0.012691802639886056,fold_02
ck_b37fd3e64627ca99,0,0.013311833841556939,fold_02
ck_c16a2237844bb10e,0,0.20596925739656896,fold_02
ck_05cd6f9cb163bafc,0,0.008472095688906549,fold_02
ck_cd9d169b3bd093a4,0,0.008859558080060172,fold_02
ck_db9bcb1df0f27434,0,0.00940259336955969,fold_02
ck_97fdd54cdca98fd9,0,0.006477293332387499,fold_02
ck_8941ae2621f55dfd,0,0.0022496452708149406,fold_02
ck_7a46b43adaee8a82,0,0.010487116173610577,fold_02
ck_9a2b2f74fb59bfd3,0,0.005995876927491638,fold_02
ck_2d0b88945d2ee16d,0,0.004479020150143082,fold_02
ck_51ee80386e9bc0ff,0,0.015564857372224208,fold_02
ck_2bf31492413c71e6,0,0.026159174268894008,fold_02
ck_01ee8f58929fd663,0,0.007949327618936963,fold_02
ck_1d137ce1de7ef18d,0,0.0123157588442623,fold_02
ck_908af74eef527efa,0,0.018810491747522556,fold_02
ck_06195b4ed0f68082,0,0.0042256684098070305,fold_02
ck_8cdc06dbc392b92a,0,0.021714602820201653,fold_02
ck_d60e116bfe380eff,0,0.0020341537056911834,fold_02
ck_36dc27437bcb1b93,0,0.009885432617276124,fold_02
ck_1f7a574b86d0432c,0,0.024217114509605224,fold_02
ck_2ade80fc5fae961b,0,0.028865168611313812,fold_02
ck_4d493c1913a48d5a,0,0.00488753949253732,fold_02
ck_2f7f3e54011d3776,1,0.8188574770768223,fold_02
ck_1ee6513b9c702ac2,0,0.009737159997031054,fold_02
ck_b4d8ea9bfb9d7821,0,0.004885162319688504,fold_02
ck_e7b5ab235af12bdd,0,0.021369923120342922,fold_02
ck_b68aa6fbc6ed24fb,0,0.04584918082476956,fold_02
ck_d598c99c845fd3dc,0,0.04885351677801643,fold_02
ck_93d1af491c4f990e,1,0.023818045035201997,fold_02
ck_996c1181a5a8fd0a,0,0.009521884740807054,fold_02
ck_9bda866f3e4eae01,0,0.015773592536755657,fold_02
ck_cba7b949289b0165,0,0.00595891214478777,fold_02
ck_abf755540edf9d92,0,0.009073227231011742,fold_02
ck_8d40290f38b61a49,0,0.10640138899824239,fold_02
ck_fcafb91c8e60b58f,1,0.0359626943582287,fold_02
ck_2ac0359e12efc089,0,0.008934479731803717,fold_02
ck_8844fad2aab4b77a,0,0.002070850067986193,fold_02
ck_c4b953a53f20c22e,0,0.12794675621303006,fold_02
ck_a6fa2737b5167a80,0,0.0011105859537745043,fold_02
ck_0b6c24790cd91f9c,0,0.0026473273617152746,fold_02
ck_c98adbe562bd5f30,0,0.09796800282695917,fold_02
ck_3aba86ade13f5ed3,0,0.0010559161173400583,fold_02
ck_83a2dc5d48afa7da,0,0.04504379315883636,fold_02
ck_02a58cc1bb40bb6c,0,0.004621113457421786,fold_02
ck_b8d142731fd84d86,0,0.003523042228558255,fold_02
ck_c9ed6c5e57ee85ad,0,0.0068425965855539615,fold_02
ck_0291320c806c1eea,0,0.019337518412161258,fold_02
ck_ef487097e48b2c6f,0,0.005630043209984585,fold_02
ck_f262978856af5c35,0,0.02133115054561515,fold_02
ck_41afb8e616f974ac,0,0.004505209142720049,fold_02
ck_5ae605a22d6632aa,1,0.6085778483353711,fold_02
ck_f7f15595de3b368e,0,0.012897042809492176,fold_02
ck_d6f631ce63b12b1d,0,0.17073547553207893,fold_02
ck_2288e785e83fc4cf,0,0.014259784177526916,fold_02
ck_35200851dec0e75c,1,0.5970292859617454,fold_02
ck_883b1096048aa92b,0,0.009971226797204871,fold_02
ck_dbe52981b75d1f05,0,0.005173361685030648,fold_02
ck_a5de7ea19f295d3a,0,0.013484331651579352,fold_02
ck_27cc5eb5cecb3c6b,0,0.0465792180764372,fold_02
ck_a1c9a2a4629b0598,0,0.03586393681814043,fold_02
ck_f2adea95a7f44d88,0,0.005964475967582219,fold_02
ck_3ed33aaadcff9556,0,0.014337455531986096,fold_02
ck_6ad583e3204b0357,0,0.0068203249794094,fold_02
ck_8171a08b19d5190f,1,0.915625701677767,fold_02
ck_f294cd9430460935,0,0.010865247678090006,fold_02
ck_42a3195b7de3f471,0,0.04177825187940812,fold_02
ck_8daa006b33de9214,0,0.01692349420192711,fold_02
ck_b7e1bdabddf1b29c,0,0.016406736295260314,fold_02
ck_c7c0bc013e463eeb,0,0.040038587120990114,fold_02
ck_5855c8ec8cb98f51,0,0.1100879694262502,fold_02
ck_c4742915044cee1c,0,0.028652437037979553,fold_02
ck_8212cc4ff1eddd0a,0,0.008340200740343853,fold_02
ck_2b5e62ab836342bc,0,0.058831956645637444,fold_02
ck_95e227ae27881d1a,0,0.025829238140198614,fold_02
ck_24760643474fb190,0,0.0036080440792957366,fold_02
ck_078af688e02c73db,0,0.015617041544378154,fold_02
ck_933bd3d5058aee1f,0,0.005911373028561465,fold_02
ck_ba8d9ffedc210ecb,0,0.041183708045010696,fold_02
ck_488f214ed69346b3,1,0.563188686989845,fold_02
ck_986da7dc74432db4,0,0.011027833510104518,fold_02
ck_9fdff0db49daedf5,0,0.01550177403605226,fold_02
ck_0663be2ea3d3d3ce,0,0.015086671019189887,fold_02
ck_aceb98a9bf5d8ee8,0,0.0035138117389334864,fold_02
ck_ab6a35cc2f8e26fb,0,0.6904668946700061,fold_02
ck_d0e72f37e19fa09c,0,0.01705489214646646,fold_02
ck_3e29488c92156532,0,0.014653883938766944,fold_02
ck_06ff18395be0d351,0,0.009670427708704013,fold_02
ck_b0c8fa7fc1876ae7,1,0.7426664823753598,fold_02
ck_d6b0ac9854165f7a,0,0.011899497830932452,fold_02
ck_e5f1961b72e368e4,0,0.027913915596324123,fold_02
ck_7bbfca92945313d3,0,0.0026231665774714454,fold_02
ck_296dbe39301830ec,0,0.06456439469138792,fold_02
ck_95b3d2a53b419c49,0,0.009071121705930142,fold_02
ck_b4406e837e4b520a,0,0.010518050610799677,fold_02
ck_038e8ace7249f2b5,0,0.004585972489772718,fold_02
ck_84b42d1b8f97f4b4,0,0.05251259401224485,fold_02
ck_dec51babc0610645,0,0.0087125164987356,fold_02
ck_cb8673e233856a4b,0,0.0090820744660528,fold_02
ck_8cdb9bc96785421f,0,0.004352769480903128,fold_02
ck_11569b642e2b241b,0,0.009217712907651695,fold_02
ck_ae644cced332c134,0,0.013528456356208486,fold_02
ck_16f28b5b2c615e0d,0,0.004246198304264365,fold_02
ck_11c1b2145281d434,1,0.7006553064334395,fold_02
ck_b15e43ce37f853f6,0,0.06318753088833166,fold_02
ck_505755c5e733bbf8,0,0.026564632680646585,fold_02
ck_a20e599348170030,0,0.012995204498938684,fold_02
ck_9f455b586208a111,0,0.005860927445492549,fold_02
ck_bd0342f3ea66107b,0,0.010950736042005313,fold_02
ck_693a1d0ed904186e,0,0.03331269492980743,fold_02
ck_01383ee95aac0908,0,0.004145380345757007,fold_02
ck_ff0ed000da1b0216,0,0.0030712090075196044,fold_02
ck_79aba6791f696d1f,0,0.014470530340305153,fold_02
ck_766316d85ac7effb,0,0.004182743975638205,fold_02
ck_e4e17c9e7bf4b28c,0,0.06027296705370172,fold_02
ck_424e9fe1a98db698,0,0.012754206000136242,fold_02
ck_126b81767d20d9c0,0,0.04939524100806867,fold_02
ck_7dc4942b0797bf2b,0,0.022862817461194,fold_02
ck_2e31889f022da848,0,0.009344421920722946,fold_02
ck_8ef99abf67bad6bc,0,0.031160035210546545,fold_02
ck_3a077855d790a15b,0,0.0027242550451606258,fold_02
ck_a5aff7710d2da56f,0,0.010226180165614721,fold_02
ck_3a41cd16305209bc,0,0.013117461887245323,fold_02
ck_b2e44e6b927b2a2f,0,0.6267270480453817,fold_02
ck_5998599a0684b133,0,0.005739761516968644,fold_02
ck_a961886fe979dd98,0,0.008113296750465841,fold_02
ck_267be5092be278fc,0,0.0075648386321035535,fold_02
ck_73518c6819cc3948,0,0.011894603028302609,fold_02
ck_d0b95e9fcb865b39,1,0.9913601681929859,fold_02
ck_be088cba3981fffe,1,0.820638926657421,fold_02
ck_c2899c602723f668,0,0.013240187275268074,fold_02
ck_4fc91ba40548d19e,1,0.09746494452478824,fold_02
ck_af44046cc0346d5d,0,0.010004803546603892,fold_02
ck_62a3f26dcf8ea165,0,0.03884889396895991,fold_02
ck_d2442bc4ad953d56,1,0.8730468373754325,fold_02
ck_baf7389f76bb7a74,0,0.004790233127773273,fold_02
ck_6d05c0940e13b39d,0,0.004790867740155707,fold_02
ck_0ae650f42d87366b,0,0.02389617304103087,fold_02
ck_76dc83a0c3e9234b,0,0.002887648921728452,fold_02
ck_ef79b4788192343c,0,0.03937088208539959,fold_02
ck_3c406752569da11e,0,0.025635734682495345,fold_02
ck_4fbd22d9368794e7,0,0.006299550374314579,fold_02
ck_1c01476c9003ce2d,1,0.45218325093969347,fold_02
ck_25408a35f1716508,0,0.01164065106625497,fold_02
ck_15a221e1aeca493a,0,0.0030625821240467623,fold_02
ck_ba9ce4bbc942b822,0,0.007745332597094913,fold_02
ck_832da501d07c93fd,0,0.015445167137201017,fold_02
ck_c75ef9a9ede92723,0,0.010826426531656323,fold_02
ck_086b592a7081f980,1,0.29405453231100503,fold_02
ck_281de659e23c2d2a,0,0.010670234826904762,fold_02
ck_7bfc13efa7e4dc70,0,0.0019106372858214901,fold_02
ck_c5b0f8d6c24772a5,0,0.001892911544406272,fold_02
ck_4d4945e7690b52c5,1,0.08419243543900978,fold_02
ck_97e997858da00cd4,0,0.008260989208296,fold_02
ck_5c2b05df361288f5,1,0.2267550611207706,fold_02
ck_65b419fc9890bde5,0,0.029141136246592377,fold_02
ck_b75458f0cc6a7abb,0,0.009179161031666935,fold_02
ck_209021ad1f79afa0,0,0.012268481630495945,fold_02
ck_a06665cde4cb4613,1,0.9212680659249627,fold_02
ck_a44ace7d45929120,0,0.008340600335945775,fold_02
ck_3879063989f95bd9,0,0.029292406083673866,fold_02
ck_200129e29450ebc8,1,0.9966729585441325,fold_02
ck_0d842e73ab340814,1,0.3522624326929011,fold_02
ck_344f2fe6b5611405,0,0.172508090354661,fold_02
ck_9da576cc435eeb51,0,0.01754105991370708,fold_02
ck_fdef662dde2fa71a,0,0.003782717697253523,fold_02
ck_05fa7e05cfea06b0,0,0.014609220296592685,fold_02
ck_432abdaea69dea67,0,0.03735139894313292,fold_02
ck_f6643e9355e0d570,0,0.00958647217838081,fold_02
ck_a130a4380647d638,1,0.1938181598048589,fold_02
ck_5a656f04ab57a400,1,0.00780586175945773,fold_02
ck_f710013a1c2ef15d,0,0.005401089670166567,fold_02
ck_11e33752f879103c,0,0.004145800444301067,fold_02
ck_bb4bed125e62f83a,0,0.024534588375281483,fold_02
ck_768f9e783710c8a3,0,0.010845940041909554,fold_02
ck_51db5af1af0597c6,0,0.006773591159639025,fold_02
ck_6c2ee0bedaea53e6,0,0.0008599343069796353,fold_02
ck_6abac35c762a5efb,0,0.004997327437517371,fold_02
ck_9f073ecd2e7cf089,0,0.0054881012677956255,fold_02
ck_5a43f2e9e43adf4b,0,0.01266823530907204,fold_02
ck_15df88ec20e58a81,0,0.005411912346559952,fold_02
ck_d0b9df9de56c5f0f,0,0.029316657320316217,fold_02
ck_ed97a461278ed0ac,0,0.008613368241737774,fold_02
ck_66043b8e50011276,0,0.013350537174109068,fold_02
ck_ce2371d0962ef2bb,0,0.026057683197519242,fold_02
ck_92e2b44108ea9b5e,0,0.042431643091404486,fold_02
ck_a760c00469f37efd,0,0.011627471214178536,fold_02
ck_1a9580fb0b0d976d,0,0.09343744453161185,fold_02
ck_f0559f8017b9e2ec,0,0.011036625925120029,fold_02
ck_dd2bc9154e14d27b,0,0.04052065203489668,fold_02
ck_7c80ed0cafabe28e,0,0.021920341667832133,fold_02
ck_12ebca052275364d,0,0.09685235222215058,fold_02
ck_3c5936dee6a1b559,0,0.011350939649673736,fold_02
ck_d1b45aedb6708758,0,0.020633429301566395,fold_02
ck_a4008fd8e044aa60,0,0.004640686125994463,fold_02
ck_c541d7d0002c31a1,0,0.006907358431812447,fold_02
ck_b913b7c590facf4f,0,0.2959181624921777,fold_02
ck_89ff660ffb95d5aa,0,0.0038945878657658797,fold_02
ck_4dec03a5ec43d301,0,0.022265601091948434,fold_02
ck_348b7112aa33ffe8,0,0.03225914639520383,fold_02
ck_5435d5a67b8170e2,0,0.013969840643875667,fold_02
ck_941c047ff326f6b3,0,0.011363865868666239,fold_02
ck_64e9f21ace5bb759,0,0.0180439716928254,fold_02
ck_973eeffcb72b8da4,1,0.7961862283719048,fold_02
ck_28a84ac6107f1dee,1,0.08014199450559656,fold_02
ck_d64798536c431d9d,0,0.00442653073437977,fold_02
ck_5d039f6671dc1f01,0,0.003072862018558731,fold_02
ck_467de67646a4a6bb,0,0.022278555520883522,fold_02
ck_27d0792c9e9e8eb1,0,0.04720907181266278,fold_02
ck_90ee3749269d5e1b,0,0.01124168840118039,fold_02
ck_cedcd71d702559f8,0,0.018710032421782846,fold_02
ck_f9579bea4e321445,0,0.004708521892510522,fold_02
ck_0e96de48d2bfcc81,0,0.0035160130324257055,fold_02
ck_7df2e0dda90ca454,0,0.006041426817779755,fold_02
ck_3aacbaced2307497,0,0.004169171381686034,fold_02
ck_ec056416179fe7b5,0,0.0027325870080266747,fold_02
ck_507e7f950ac4be2b,0,0.045520146963591766,fold_02
ck_e3f4010ff5349df7,0,0.008505519422825205,fold_02
ck_e917f88d791ae630,0,0.02445766959198265,fold_02
ck_cea1b8a29fafad62,0,0.11982276535347343,fold_02
ck_2372e874ad12b056,0,0.006071158639092338,fold_02
ck_f954b28e7c80e98d,0,0.031579920606088475,fold_02
ck_595995d5ad0832c5,0,0.02425511203568383,fold_02
ck_6bae15bc0fd809f7,0,0.005383920954570906,fold_02
ck_381f632bd03be657,0,0.005484022422010699,fold_02
ck_5cca559384dd1832,0,0.010559372802839402,fold_02
ck_b4a3cf29e45e943b,0,0.028546536695827376,fold_02
ck_5b3c6ffd827af04d,0,0.0862412061894083,fold_02
ck_b24fd35fd7378366,0,0.0012071085848108403,fold_02
ck_0baa9c8bec044c8a,1,0.006770899058274075,fold_02
ck_745899a97e2ca0a4,0,0.3306748227170545,fold_02
ck_4cc4562db0554a7b,0,0.008495620296356546,fold_02
ck_0568e431b62d5471,0,0.007853575850310573,fold_02
ck_33f1dfd7eb36cf79,0,0.03250793112858294,fold_02
ck_ebdb27e339a8241e,0,0.017542089839139203,fold_02
ck_3fcdfe6d08d83f94,1,0.9983893059826939,fold_02
ck_88766907c1ebb367,0,0.015208290762235942,fold_02
ck_ec6797a3c88813ce,0,0.006754080843430818,fold_02
ck_3263dc1978bad64e,0,0.004003806425292116,fold_02
ck_2da925b28d3c9454,0,0.002744129771643159,fold_02
ck_1f6a027785456b34,0,0.002078232676969363,fold_02
ck_5f65ad56c9003717,0,0.01656496157314761,fold_02
ck_25ebe3d8420cdef8,0,0.004350176474175075,fold_02
ck_ea0dc47f719ae4a6,0,0.01766914056471252,fold_02
ck_94eeec6232604262,0,0.0013465451919942276,fold_02
ck_2140a2cfcb729b36,0,0.0048177582764762595,fold_02
ck_4a38f8b94e50215c,0,0.006746381369391372,fold_02
ck_523701adcaed3b43,0,0.023482578679454323,fold_02
ck_c655bd06c696ead5,0,0.003803058782494994,fold_02
ck_263001dc21765915,0,0.10397784874315942,fold_02
ck_d3f0c77a5ea32bc1,0,0.0037547440735063212,fold_02
ck_ed2977558ec0eac1,0,0.009854943068516173,fold_02
ck_53c7dbf70607d329,0,0.03943264955799122,fold_02
ck_46efd8f63cb02a6d,0,0.007885748283250952,fold_02
ck_06cda2298e14b060,0,0.017649439136950676,fold_02
ck_92f8cde796f1f4a3,0,0.005821665198935563,fold_02
ck_8fe1bec1f793de32,0,0.0032624685523625946,fold_02
ck_2063cb7eefad98e3,1,0.9970255812211395,fold_02
ck_be4fcc664c2b24cb,0,0.03435469200382856,fold_02
ck_2f6cd49f5fad71d9,0,0.17989204131572656,fold_02
ck_788b7a1d1879bfd4,0,0.0026107526281583544,fold_02
ck_280b67e765424f88,0,0.9957585843156026,fold_02
ck_ba27aa43bf7a7e48,1,0.9982636190997626,fold_02
ck_a7baa1bd09b3669c,0,0.006301941155119216,fold_02
ck_700d0eec2d36e866,1,0.517145469289577,fold_02
ck_8f5772d19f6efad4,0,0.008786207522400434,fold_02
ck_3b63b339f0249a3e,0,0.009956305178644433,fold_02
ck_d797e7fccdcb03ef,0,0.041638118243965454,fold_02
ck_e4db37b11a503c9c,1,0.9979260965465485,fold_02
ck_f0dabebcdcf913fa,0,0.011237567341199566,fold_02
ck_2b8fdbc7714da8d3,0,0.005825305151256802,fold_02
ck_672e5b4edee26f78,0,0.007166730905124132,fold_02
ck_ce490f41d4fc9628,0,0.0031622568338944487,fold_02
ck_074638fb0fc28b25,0,0.005147534267873662,fold_02
ck_7dd286982290b8b1,0,0.040647875043979355,fold_02
ck_f6e5048309f10ee4,0,0.018986321404891173,fold_02
ck_752b3f1a4afe9d51,0,0.038531250483925965,fold_02
ck_f7abda7b54497887,0,0.01064541834834798,fold_02
ck_a54f79a89e3337c7,0,0.016841883519161743,fold_02
ck_d46c40a92daa1afd,0,0.0016930110657864157,fold_02
ck_d3685ed83b50bdd0,0,0.01723934080525149,fold_02
ck_be9aa9b032bd7719,0,0.0412557183392837,fold_02
ck_2d4d715e93897514,1,0.05047316902006903,fold_02
ck_d9b8038ea82a4e6b,0,0.0021275727285201647,fold_02
ck_a14e684a46836269,0,0.029312316142153776,fold_02
ck_7d4c15961add45bf,1,0.7309174482632562,fold_02
ck_81b4cc4ab4670864,0,0.01735444771765581,fold_02
ck_4b539ae09e411147,0,0.012218362951713413,fold_02
ck_edf962684b530038,0,0.05169780464835593,fold_02
ck_41b061ee6cbcea76,0,0.01186114041494406,fold_02
ck_5e08809baaf0f4ca,0,0.0021752052349544894,fold_02
ck_9cdd9821cac6554e,0,0.004354400298793652,fold_02
ck_c86a122a6c1cbbd7,0,0.01144000838824811,fold_02
ck_6470f8224faacb50,0,0.019289692415249814,fold_02
ck_ba343ab211d62217,0,0.005417282380133054,fold_02
ck_de08deed9f32d58f,0,0.0074898060443809675,fold_02
ck_9610b7ba19f8f2a2,0,0.2775470469765056,fold_02
ck_f7fbda7b94b220a9,0,0.00495841629983261,fold_02
ck_9a65a44d8674efbe,0,0.03576278282431446,fold_02
ck_e471dc2e892b8af4,1,0.024668599964546373,fold_02
ck_4d37bf6fc773e687,0,0.060774514517932955,fold_02
ck_7a4955f8c2a9241b,0,0.018219127302591454,fold_02
ck_635836e7b28c6674,0,0.02241593704935712,fold_02
ck_4089fd48cf1445c2,0,0.012350252765708702,fold_02
ck_5e40d2452cfa20c5,0,0.015776358155431623,fold_02
ck_a4bfb12f54d6f1c6,0,0.04456091418185198,fold_02
ck_d6575b49b4e75f6b,0,0.020758498348767886,fold_02
ck_95deec588d114dff,0,0.026481523716625356,fold_02
ck_728fca864ad43f6d,0,0.0036622314239339693,fold_02
ck_5d66a08ff40fe0df,0,0.0041014758628388605,fold_02
ck_b3ca9f3aa957118c,0,0.01350373332818318,fold_02
ck_0b703536b39bca84,0,0.06804902027159872,fold_02
ck_5ee5a452422441fe,0,0.011868347531894245,fold_02
ck_a03e3cee7d9b6973,1,0.08807677270762614,fold_02
ck_86549ffd18a58c19,0,0.010700101161583838,fold_02
ck_c1327804a94fefe2,1,0.9999774480236108,fold_02
ck_0e4a3367313e75b8,0,0.003114109854146015,fold_02
ck_291536602550b001,0,0.0022164245379076757,fold_02
ck_5f73be4843c26420,0,0.027594145510726947,fold_02
ck_e65240feb456e0ed,0,0.01669026655818114,fold_02
ck_900be3bc3cf725c3,0,0.021411057172597378,fold_02
ck_f45deb3f733df0ba,0,0.01499403620636127,fold_02
ck_1657ef3e56c55ac1,0,0.013734873152182662,fold_02
ck_3d9ab7f58f4d4f5b,0,0.009634698130969524,fold_02
ck_63f9c1d8dc49da14,0,0.00515756446939435,fold_02
ck_cd9728414b759c03,0,0.005460924722810749,fold_02
ck_c5ff27c2b0b8183d,1,0.9651951544453763,fold_02
ck_c84c5f1abd5bb798,0,0.001767186672167939,fold_02
ck_bc3b1c012dd48ee5,0,0.01414165703633619,fold_02
ck_f2622d28ecdd1dc4,0,0.022896680730302852,fold_02
ck_5343dd38b4af822e,0,0.00881885290393847,fold_02
ck_bbd793b8b33c95b2,0,0.009344061812310848,fold_02
ck_8c51bf342e36d135,0,0.02175016261270176,fold_02
ck_a9ac656c026a2bb9,0,0.07735371940078847,fold_02
ck_a7e12ae676f6c18d,0,0.00646460401257431,fold_02
ck_7a7c4498a1e5e800,0,0.007310193490426092,fold_02
ck_c29df34057a45fee,0,0.008446195863122629,fold_02
ck_e79b8d35eeaaf5e7,0,0.016843942749471832,fold_02
ck_61469942613974b1,0,0.15001860758620847,fold_02
ck_3ce4c717e9c1bcf1,0,0.008844202998593379,fold_02
ck_a32f77b912ad44a7,1,0.9960298626914202,fold_02
ck_94ddd2bd7db290ec,0,0.10950073095542788,fold_02
ck_5131bc1823d23c78,0,0.0014083855816326974,fold_02
ck_41b99a0853bf1152,0,0.005348739773106914,fold_02
ck_6bb1ba8a6f189111,1,0.03637315267655231,fold_02
ck_1a333abec59f3bda,0,0.005273097975553785,fold_02
ck_1b878a1fcfca4297,0,0.03311947605119958,fold_02
ck_e721799cc7d56021,0,0.020429849851986384,fold_02
ck_ca93973518cf4dfe,0,0.15584092725516993,fold_02
ck_80552cc62e57cccf,0,0.009817926284260781,fold_02
ck_8be03488a4d4428e,0,0.028251521245904562,fold_02
ck_2db7a60839faec18,0,0.022016513595212953,fold_02
ck_9c3099e134d554ac,0,0.0017943268687823193,fold_02
ck_a235fbdc34eb2a41,0,0.007574142271859836,fold_02
ck_2be07038c63028c1,0,0.03891062347600582,fold_02
ck_5a887589eee544ee,0,0.020502903167816822,fold_02
ck_125d8adff805cc8e,1,0.017125962665804722,fold_02
ck_4d54241403e60180,0,0.0074097680192953845,fold_02
ck_4ab34f379cd6eebf,0,0.04544613434535724,fold_02
ck_a3245d53c4d215e7,0,0.0227907850712474,fold_02
ck_0d6f04034962d80b,0,0.006434911028884034,fold_02
ck_b9396cc4a26906a6,0,0.00887767730712489,fold_02
ck_951e2fbd7299f422,0,0.021568487917023843,fold_02
ck_0bb6ea72f6b5e0b1,0,0.007148487466892567,fold_02
ck_72ce4c3d9ef98c00,0,0.002118888407412147,fold_02
ck_cc30660271e05b2d,0,0.01517389046124935,fold_02
ck_4530ac0b791e1835,0,0.023652917005111584,fold_02
ck_f1501e8146cb0210,0,0.02556935851275852,fold_02
ck_6966b6a42efd0214,0,0.014005608693855268,fold_02
ck_124360fcd039a514,0,0.08512833474032548,fold_02
ck_811828a96b1fee18,0,0.006160870792515813,fold_02
ck_a1ef6b88450e3961,0,0.020687933132373094,fold_02
ck_6a7e6fd1a0d59f18,0,0.008975205013360082,fold_02
ck_5f96ff63ddfd6206,0,0.05041823703433991,fold_02
ck_52122e0f9bb3de26,0,0.08363848343345548,fold_02
ck_2cfa280f18aaf8fc,0,0.0035744976419155136,fold_02
ck_db43729c73514243,0,0.0012842616630764929,fold_02
ck_e55314198dab4a0b,0,0.013941102209675501,fold_02
ck_f45633c347df84cb,0,0.009628641309908115,fold_02
ck_909c0acaf22e06c7,0,0.01774481829036344,fold_02
ck_dcd0c37e023086ad,0,0.025980374538352103,fold_02
ck_28628ee7c144ba82,0,0.04248242235744057,fold_02
ck_732261fe86d3b39c,0,0.06669024918983359,fold_02
ck_2db131765261129f,0,0.026202596606589284,fold_02
ck_5e6bd8ce513000cb,0,0.013977015238122479,fold_02
ck_c19012b1cbd0fd8f,0,0.003792189912227264,fold_02
ck_d22fc7e47cbe0ec9,0,0.012532272708705657,fold_02
ck_d512696b67c02f1e,0,0.03174801380238419,fold_02
ck_2866cdc0b51d4522,0,0.009537585816241654,fold_02
ck_c86b805961282822,0,0.006165971342863438,fold_02
ck_bb7d42b1bd8957e0,0,0.0023360803594681136,fold_02
ck_a5d68036d06df0ad,0,0.1007759563164207,fold_02
ck_56e7b0f764e293ff,0,0.009738385167716836,fold_02
ck_5dad81f5a1ecfa5b,0,0.06370321172948812,fold_02
ck_c2ac73f63decfaff,0,0.00424215235361672,fold_02
ck_97e1bae0a0bb7276,0,0.03893226681534024,fold_02
ck_714967fc140f6779,0,0.008073710891561413,fold_02
ck_2c7c3d915ab8c7f1,0,0.015564793733331441,fold_02
ck_7cc7e9fe0ad35b18,0,0.0027320122184577855,fold_02
ck_77b7e9da7c4a8eed,0,0.009589664821298253,fold_02
ck_6ccb5097f0e9e233,0,0.041946617460817105,fold_02
ck_a846b67d2c320cf8,0,0.012175731547881059,fold_02
ck_53118d06e424b0fc,0,0.06881496771265347,fold_02
ck_0f48fb782e989ed0,0,0.0038024712559619873,fold_02
ck_8e58ae33a115274e,0,0.002295837183234451,fold_02
ck_7c303762f3ed8dac,0,0.0015988299173284662,fold_02
ck_ec90dd5ef8048a8f,0,0.08242989356199347,fold_02
ck_21ed699b09b1dd25,0,0.0045959018901330926,fold_02
ck_8b1b4a27e6822225,0,0.005973473050987756,fold_02
ck_be6ec9c35100758c,0,0.022404102286371092,fold_02
ck_86d19deddbd9003a,0,0.008811473384575826,fold_02
ck_b496410fd21396ad,0,0.013307757493376284,fold_02
ck_e5db97c4f4c5cf9b,0,0.0024524149823347448,fold_02
ck_483e08cfbb09efe8,1,0.9924605423546604,fold_02
ck_bc36dca4d32ba94f,0,0.0423460967404371,fold_02
ck_7af7e819a8db5333,0,0.033361421028214024,fold_02
ck_301442604d203d17,0,0.015451389647027892,fold_02
ck_3ad44718c94f5cf5,0,0.019899842352618113,fold_02
ck_ebb43fd54a42421a,0,0.005701586256585232,fold_02
ck_87c3c1ba78257678,1,0.612883020444267,fold_02
ck_a29b0f2b23bb37b5,0,0.03156635526423453,fold_02
ck_0516da353808aa39,0,0.03144634237830145,fold_02
ck_156620f6a3e1042a,0,0.0370751083996,fold_02
ck_5d765c4d38112f0b,0,0.010178550009149249,fold_02
ck_0a12b6eeacd04fec,0,0.0037453093773193516,fold_02
ck_4b6ea213a8b2d656,0,0.009259151572363677,fold_02
ck_799e9ad64b0a84fa,0,0.01667054463916101,fold_02
ck_c0833681f366aa7f,0,0.007417454454528532,fold_02
ck_ec4d67f094ad7eac,0,0.007350251661454538,fold_02
ck_d9381fecab012fc8,0,0.00524941731065258,fold_02
ck_8457c11a72693b50,0,0.004198952594120142,fold_02
ck_d25bb03cec3ff1a0,0,0.015506960711518778,fold_02
ck_cd572ca63756ad48,0,0.005802535846116839,fold_02
ck_d37314b957b13829,0,0.003406388366216156,fold_02
ck_0567a36a42f09e92,0,0.025988618685719805,fold_02
ck_0739a55256698bb0,0,0.01966786357779867,fold_02
ck_0512303bf95c7d36,0,0.03725734594919539,fold_02
ck_004ea2031eb47626,0,0.020345058634643733,fold_02
ck_c0932cbd77e50395,0,0.013053136027700989,fold_02
ck_d8ce5b8e09f07914,0,0.21606863165417803,fold_02
ck_90354fb779dc344c,0,0.002444161741020954,fold_02
ck_86458c11bed79785,0,0.004439203134041342,fold_02
ck_c093fbe4e6d907b9,0,0.022065961162855138,fold_02
ck_37d44ec457a9a95d,0,0.010700026391077304,fold_03
ck_7c70c5a33c3ca6e0,0,0.030388710284323526,fold_03
ck_af7c6d40a87a42c5,0,0.0008024987589894115,fold_03
ck_39f4206fe2490eee,0,0.01408222914727912,fold_03
ck_3acb72cb1354c082,0,0.005175932887980524,fold_03
ck_90117408096a2fc8,0,0.009663119848336626,fold_03
ck_9afefa2e1278ab3a,0,0.005234417193368183,fold_03
ck_8fbac74980c53364,0,0.00312472919478754,fold_03
ck_318ed05c6ee14c4b,0,0.013857587701129413,fold_03
ck_6f5e262feb3a009b,1,0.990569458038696,fold_03
ck_f326c38e1996a909,0,0.09533695944758577,fold_03
ck_e2a6fa5b9290acc3,0,0.0063909228655223424,fold_03
ck_af3a854a40d79eab,0,0.003481341269860294,fold_03
ck_d116aa516515a079,1,0.998597281333713,fold_03
ck_5d746ba53ab28586,0,0.008664982353323393,fold_03
ck_5592f83a91ab63c0,0,0.08963897914571443,fold_03
ck_f8abfd2981ace5bc,0,0.03620500335999607,fold_03
ck_abcb33d9e334de90,0,0.06009904413297349,fold_03
ck_d0e4362233cc1602,0,0.04845846777714369,fold_03
ck_bcb82e74605026e0,1,0.011993700945121108,fold_03
ck_d4c2a0994d1b34e2,0,0.006120764127277776,fold_03
ck_df2f216c9f5ee1c3,0,0.0068994592367239635,fold_03
ck_1447749fdc45c5a7,1,0.03532911529750235,fold_03
ck_e13efb8ec5a9af12,0,0.012396362280576462,fold_03
ck_22cd6c985e9ca304,0,0.0037866032101030343,fold_03
ck_4d70e8e03b078415,0,0.008147063053632041,fold_03
ck_39cfbe1933808a99,0,0.01872582441142762,fold_03
ck_bf49f7e44b3e20c7,0,0.036110341699659355,fold_03
ck_70435042f6652f4c,0,0.017928319687984497,fold_03
ck_b440fc20fa90520d,0,0.01955968828533052,fold_03
ck_cc8ae376443b5896,1,0.05920163428709733,fold_03
ck_0448c1ed66704109,0,0.0014248627800541914,fold_03
ck_133db011035c94e4,0,0.0026531110050619405,fold_03
ck_9d5612aa95127356,0,0.06790376584944359,fold_03
ck_20e91b4805b20cbe,0,0.006593840522613674,fold_03
ck_d485cf00a3760434,1,0.8739504209830927,fold_03
ck_491599e6793133cb,0,0.0018832856760291358,fold_03
ck_dc35008bc9673e6c,0,0.006223181178191548,fold_03
ck_b8568c2cb718f6f0,0,0.01990909698169504,fold_03
ck_45445bb2c5310f36,0,0.013485829137008095,fold_03
ck_8948f84aa0f27388,0,0.009989591730308495,fold_03
ck_10aeb919289b4d9f,0,0.02838401333147686,fold_03
ck_32f93eebe85c0004,0,0.0015103579004459471,fold_03
ck_de3318cb6187cdb0,0,0.006315938874901385,fold_03
ck_f3a1f100f29ab9c6,0,0.01832167705443428,fold_03
ck_f20ab77da4471537,0,0.03635371568483827,fold_03
ck_38a804eb622ab178,0,0.009230782778990095,fold_03
ck_805e5c12c289840d,0,0.0052007429215568494,fold_03
ck_131fe270ce555917,0,0.011644074500910616,fold_03
ck_75eeefcb57296cb9,0,0.03986200277077353,fold_03
ck_47165eab5ddbf175,0,0.053076724385954725,fold_03
ck_d8a29ff95d7c830a,0,0.0026544991065545584,fold_03
ck_a5fdef5e8647a0dc,0,0.007432618503427318,fold_03
ck_96ec9983c9d6ad4b,0,0.04758982359685935,fold_03
ck_8b2c7ab7e6ce4188,0,0.0070212243086444255,fold_03
ck_323942c2612fb547,1,0.927004940357451,fold_03
ck_f9bbfe352ee0cd2c,0,0.00894006461026806,fold_03
ck_7713cde5002edefa,0,0.7615838968796858,fold_03
ck_35696932aa146f3b,0,0.007495786012836276,fold_03
ck_ecbd82220e537cd4,0,0.010401833094715833,fold_03
ck_d68369d57bd827dd,0,0.0026242471047819398,fold_03
ck_f8ed6d73e837e1b9,0,0.0039851812259474656,fold_03
ck_c9b7d3abe8a07ffe,0,0.00445387545961468,fold_03
ck_c1c36757b46811e3,0,0.012927676839567713,fold_03
ck_1240d9f099215567,0,0.005935261436825791,fold_03
ck_1f7f5c5336f5b693,0,0.023013314054150004,fold_03
ck_01563097de731a96,0,0.009873286845886477,fold_03
ck_1963255eaee379f7,0,0.010617682070419,fold_03
ck_80c743f3ad404ea0,0,0.016241028852858875,fold_03
ck_57b5c7bd1b0a425f,0,0.007740620021365157,fold_03
ck_56305198ed661d85,0,0.0024429324056494473,fold_03
ck_7dcbc0e53b47b3da,0,0.00958695330241435,fold_03
ck_80792149f32bb4c0,0,0.02136883985956532,fold_03
ck_990b60a2367c22f9,0,0.028279210625745795,fold_03
ck_1d04942adfef9382,0,0.014551658202306089,fold_03
ck_88c274fe753313f1,0,0.01930204262418934,fold_03
ck_b233de47151981ee,0,0.016404369209491555,fold_03
ck_44354872ee5e00c1,0,0.01869322925902631,fold_03
ck_c2bac7f08ef5c149,0,0.02298371834286105,fold_03
ck_df3469823ebd7e37,0,0.08175506302378613,fold_03
ck_3021f3aea5d975ed,0,0.004827341724303724,fold_03
ck_43c4e0b4e96ba0fc,0,0.001543711428569807,fold_03
ck_744b07d4798ff854,0,0.016586680896900748,fold_03
ck_6984026f4c5a015c,0,0.003783561809020281,fold_03
ck_ea8fab037609fcf1,0,0.1554379761596565,fold_03
ck_1571c349130d78d5,0,0.006025303053793055,fold_03
ck_86a716fc2b61ef57,0,0.004952962705722107,fold_03
ck_6e5f9928dc9f8748,0,0.014770242688194614,fold_03
ck_2228bc8bb31b2d36,0,0.004366450268623249,fold_03
ck_217f9501d71cfd74,0,0.08885936927740667,fold_03
ck_c648aed42305fd21,0,0.007520025399557966,fold_03
ck_621d7272f53af443,0,0.004501369365177817,fold_03
ck_ea9cea58f3b3e987,0,0.003004468862071045,fold_03
ck_edd37f4c65a00724,0,0.2094059536762427,fold_03
ck_0a91cdfdcc451f5e,0,0.004463265970194626,fold_03
ck_5687843ff149a073,0,0.015472755952345034,fold_03
ck_c83d968a2f5c65e2,0,0.045792155099926506,fold_03
ck_1dc9a6251387b2c9,0,0.0026834597489405073,fold_03
ck_224f76d36aeecd6d,0,0.006037563910287418,fold_03
ck_07c0a3c5ac1fa7a3,0,0.001618910981962976,fold_03
ck_285829eb3995d391,0,0.00464686202734928,fold_03
ck_0083d83db2fabea1,0,0.0036950140210408877,fold_03
ck_fc72a7e167709a09,0,0.1349585539539554,fold_03
ck_660ccb531c2cca3b,0,0.004640826891650264,fold_03
ck_26921b109d12df0b,0,0.009137689435802166,fold_03
ck_77130037bef38766,0,0.002153356253342763,fold_03
ck_dffbe7012e5b5682,0,0.02526216261695225,fold_03
ck_492caaca9d0fc1f4,0,0.022647857122783454,fold_03
ck_1b1f133b9cc74ad4,0,0.00782578582370192,fold_03
ck_eec9325873140dbd,0,0.038564807543504415,fold_03
ck_d15d67b4158442e8,0,0.041373832769955904,fold_03
ck_5a736a4add733e12,0,0.02013694983531101,fold_03
ck_60f11be59a644f68,0,0.028839336948030578,fold_03
ck_fb92f179be683c87,0,0.03217690351993689,fold_03
ck_f84020106f37b751,0,0.02414856228452932,fold_03
ck_ed22997779411f22,0,0.016961034239074135,fold_03
ck_cdd435000c157f3e,0,0.015435964284677679,fold_03
ck_c01626b3a0357a14,0,0.9513200413247052,fold_03
ck_a43ad74e52531c0c,0,0.003885421731460594,fold_03
ck_67ae6116fbafd629,0,0.005529047733516618,fold_03
ck_d77ecf800320b5d2,0,0.036113138245536254,fold_03
ck_fbed2d850e7a4359,0,0.010000739085661122,fold_03
ck_02198cac9e1cc48a,1,0.021633535949506805,fold_03
ck_cef41230ba94ee28,0,0.02064290747362681,fold_03
ck_5eb1c40b5f5c1ee8,0,0.004170671973097289,fold_03
ck_c32fe89a0203f02f,0,0.0034562824878746137,fold_03
ck_e83dc19d828d85dd,0,0.035201108176852236,fold_03
ck_b841c20bbf7ae005,0,0.008928488439190927,fold_03
ck_f1311c8df8ff8f23,0,0.03671945146734954,fold_03
ck_f53e7145c3a02b3f,0,0.009924161293343113,fold_03
ck_1ca36836a9ddbd32,0,0.021453863845321556,fold_03
ck_c63138280bf964d7,0,0.0358446601926383,fold_03
ck_a8cfcee7f92c8d00,0,0.002239194565271877,fold_03
ck_084fbf95ec59f1cc,0,0.044548048828332965,fold_03
ck_915c4911f1984e7c,0,0.006022418436424762,fold_03
ck_a6df1c2ce10f02ba,0,0.013638232303279638,fold_03
ck_74bead69546c2e71,0,0.016941958410225492,fold_03
ck_e349b24051123eb8,0,0.0035123212806758824,fold_03
ck_265af1783f0e8aec,0,0.023507667923579164,fold_03
ck_8d4f2cd5136b4127,0,0.0048907453150243115,fold_03
ck_db73ac719a51ee21,1,0.9956267270001833,fold_03
ck_8f27e407b5113c32,0,0.5562672880117135,fold_03
ck_7936c015bcfaa2a4,0,0.005281540965882827,fold_03
ck_4f00cc49f116aea4,0,0.016068933603072513,fold_03
ck_b350b8911fc55265,0,0.03566535068645341,fold_03
ck_c5af226b41d3e852,0,0.004318490172482415,fold_03
ck_3c93859636bfffba,0,0.00652724439621714,fold_03
ck_b4c90908ebb57138,0,0.003904471149339072,fold_03
ck_e0a97847b2533def,0,0.0194333899360969,fold_03
ck_f924c1d7c7f1fd1c,0,0.1821449148992722,fold_03
ck_fabd22773385720c,0,0.003940079186819407,fold_03
ck_b80ee6c8eeb7e50c,0,0.014711406791237561,fold_03
ck_e1be6a3cb458669e,0,0.007846180507588025,fold_03
ck_1e3be84191c55b11,0,0.013939404773163014,fold_03
ck_10dfe45c60292599,1,0.017632111780031854,fold_03
ck_68c42fa554587bd2,0,0.2203835151548846,fold_03
ck_2fdddb60f2dd450a,0,0.017741525769803642,fold_03
ck_39d508312f007759,0,0.013445642635370998,fold_03
ck_2967fa8fa5bde9ff,0,0.00436064158476099,fold_03
ck_8fe7914569bef6ab,1,0.9709586235088831,fold_03
ck_ed85d57b0542b428,0,0.024046981846920182,fold_03
ck_a2f8e6aab307afe5,0,0.0449873103502069,fold_03
ck_f854451e2d418545,0,0.005098203772852259,fold_03
ck_5cdac93d72b73d25,0,0.07368045565762811,fold_03
ck_4e0e9d6efdd1b772,0,0.0228083272935968,fold_03
ck_0976d0fbc6ee6569,0,0.010662438902703592,fold_03
ck_b609711e310af3f8,0,0.009351601599517954,fold_03
ck_e03a364f8423623f,0,0.002522517920705016,fold_03
ck_0f94bd15255d0a1a,0,0.07255052392860077,fold_03
ck_168a6e6a5291a369,1,0.9566081406589579,fold_03
ck_41f3e3774988fe6e,0,0.004282943455913499,fold_03
ck_e7fc436ae058e57c,0,0.009060176133685666,fold_03
ck_dcc5d1bae71e3e67,0,0.01403450131415455,fold_03
ck_7761fd49fc02f634,0,0.007881147816934655,fold_03
ck_f5778d08c59bd537,0,0.05538332304693685,fold_03
ck_2ecce376503d7391,0,0.007067029357150065,fold_03
ck_fda5a529fb2af432,0,0.007829297107716043,fold_03
ck_332308fb1b66ea13,0,0.008379820649113237,fold_03
ck_5c12edc59bd4557a,0,0.02097518482285325,fold_03
ck_5d30b3ecc4fd291d,0,0.007797051834032115,fold_03
ck_ff5ff4693d8786c9,0,0.0034332838963207235,fold_03
ck_cfa52d412cf9e3d9,0,0.01865670344731133,fold_03
ck_3f35693aa5081ad6,0,0.022695159331960566,fold_03
ck_8de9feaf8f6ec48f,0,0.005498906919761063,fold_03
ck_117576184558749d,1,0.4447651222374894,fold_03
ck_e3ba9281c5220c26,0,0.2560660247428149,fold_03
ck_bda76b4d59879ca3,0,0.02975139673577643,fold_03
ck_4ec3d9b361e7eb5a,0,0.09820500876183696,fold_03
ck_e82573d69a50fb53,0,0.016462229196373707,fold_03
ck_f2cb58dc95d83a29,1,0.4038322793872147,fold_03
ck_418dc2e7fe20048f,0,0.003952303947398319,fold_03
ck_2f5c56f7104bb642,0,0.015465129320924979,fold_03
ck_614f5fd9d8bf8772,0,0.04193633167497782,fold_03
ck_79e6d356c98cd4e8,1,0.05607207354364136,fold_03
ck_9379ce9c7aaebd74,0,0.05850076828525859,fold_03
ck_e86612d1f966cb53,0,0.00289269836661655,fold_03
ck_9f76996137b03343,0,0.004571232228689285,fold_03
ck_53e11beeb653c7e4,0,0.005455576206735766,fold_03
ck_1b82a8109b3ebd24,0,0.7514545767470752,fold_03
ck_d6e0cd93b8d1565c,0,0.003913028777087785,fold_03
ck_e756209d407a39e5,0,0.007756538944582013,fold_03
ck_ddc229df8e675b6c,0,0.014018759665416991,fold_03
ck_c375c0c755738871,0,0.02160062166633264,fold_03
ck_b8351ac3e829be0c,0,0.03328022412712417,fold_03
ck_f7379afae6aa176b,0,0.00874435779137792,fold_03
ck_a9c0851b37e3ff09,0,0.011578966761217334,fold_03
ck_e8fdc50bcd1f62f1,0,0.0065945625538060375,fold_03
ck_7c6a33b775818bc2,0,0.003699654974191141,fold_03
ck_3bd09b9d83213fdc,0,0.011231855292046705,fold_03
ck_5f804d38a744fb3f,0,0.010441935603802275,fold_03
ck_c0e6bb24b41ca649,1,0.013833756954204851,fold_03
ck_85f1f9afa9f0bb10,0,0.019277199594819317,fold_03
ck_0d7e121f3f699cab,0,0.17963171864833546,fold_03
ck_dde080162c74ce75,0,0.0061572929625840125,fold_03
ck_a532b62b024afe78,0,0.008399799845222421,fold_03
ck_a276c3111b1b33f1,0,0.02166495821532211,fold_03
ck_f326a4cf8ed9cc50,0,0.005809461410317295,fold_03
ck_bb4ebc25a8f3db4e,0,0.011585468236087455,fold_03
ck_1559aeb18ce29912,0,0.006723718278112694,fold_03
ck_9fe6c8ee79beb043,0,0.005379836007774566,fold_03
ck_13f913b6be555a29,0,0.030310012170609617,fold_03
ck_5905314511c362f6,0,0.010669647983088096,fold_03
ck_495ea069f43d3a14,0,0.005105055319107011,fold_03
ck_381728c8d11ed2f1,1,0.35977714272283096,fold_03
ck_498722f464cbb737,1,0.6176273904544313,fold_03
ck_aab61af8875c9300,0,0.00472126518281436,fold_03
ck_eaf14b83394a6758,0,0.10803899628540589,fold_03
ck_95aac7224ecb8f47,0,0.031232779389842844,fold_03
ck_b52dc944482402d3,0,0.012279337030465054,fold_03
ck_c4f5d7d3b97ca6d4,0,0.005512494997472977,fold_03
ck_0878306c77d589a3,0,0.0026330821364244955,fold_03
ck_455dc40e3ef0d89a,0,0.0022344816085355054,fold_03
ck_5e2cddf9f39a0203,0,0.006131884097688165,fold_03
ck_80304e94785bd573,0,0.00469951977520625,fold_03
ck_9bb498ded5bc997f,0,0.013252974429702837,fold_03
ck_27c49ce6a70db588,0,0.0017708100551291246,fold_03
ck_663ae9fbd4204640,0,0.007485877396615294,fold_03
ck_d507e821322e7d10,0,0.004542381965572418,fold_03
ck_166c9635324fcd2f,0,0.004637815773196963,fold_03
ck_731ec1f751fb8ba8,0,0.024908859743746924,fold_03
ck_a216dbeae7034b8a,0,0.02885527644097082,fold_03
ck_7cce1494b756693e,0,0.0030399489440626607,fold_03
ck_e3009c0fc132cfcd,0,0.041408168950691576,fold_03
ck_e5790560f695af8d,0,0.0029515871621339338,fold_03
ck_0b9be06f106ab080,0,0.0255133098514752,fold_03
ck_ddda5cb48cd31185,0,0.00877721439386604,fold_03
ck_454d3dbf39a0142c,0,0.00635484723724535,fold_03
ck_a6fc89e2bf6bdb84,0,0.007356261567453774,fold_03
ck_27d64d0126e7b405,0,0.007122723996517665,fold_03
ck_77e47bc3e44cad05,0,0.9787583180048972,fold_03
ck_b95bb10f3c61c1ba,0,0.02581078209170728,fold_03
ck_7868bb90e685cb7c,0,0.014365206026522281,fold_03
ck_91bfa20d68b21766,0,0.01575788207449599,fold_03
ck_9e47147ccfde7949,0,0.013906710392866109,fold_03
ck_c18b0c28ee8e9a21,0,0.036762358419579706,fold_03
ck_6c873c2e5e910ace,0,0.011201782483466984,fold_03
ck_ca8903fea9d42b45,0,0.007444124129537081,fold_03
ck_e3f94603658f5630,0,0.01982417022165407,fold_03
ck_4218268b15729151,0,0.003544035058105038,fold_03
ck_457f22491bb14fff,0,0.02009018432802824,fold_03
ck_9c64127667080270,1,0.9994752255364231,fold_03
ck_85de9f9380f791e8,0,0.008907614727912468,fold_03
ck_4f5e35a77e2c9454,0,0.0035797813318345956,fold_03
ck_2388a6cd4f542860,0,0.03044013347750626,fold_03
ck_068852d898e5dbb5,0,0.010164582207364959,fold_03
ck_190ea666bb40a9d3,0,0.002543646760074232,fold_03
ck_53bdb1544c4db845,0,0.00512759207065136,fold_03
ck_9c57c9e97f373e1c,1,0.8178679055923863,fold_03
ck_ffc78b3c4904b08d,0,0.009613587300427263,fold_03
ck_daeef9fbe17d6145,0,0.000914139983648864,fold_03
ck_34c12d4dcc54956f,1,0.9453297617691948,fold_03
ck_c3e89677e5c4cac0,0,0.007321108209321506,fold_03
ck_de8a6c6a3023b4ee,0,0.02037020277856586,fold_03
ck_b158a374f2b3aac4,0,0.008527335355114433,fold_03
ck_e9b52d096dfcf3da,1,0.6415301430723571,fold_03
ck_7cf66c9d3e32624c,1,0.9824029426927635,fold_03
ck_6a9e3a2d4fbabcc6,1,0.5420896964983661,fold_03
ck_0611c69e66ae4df3,0,0.013577917922469063,fold_03
ck_d276021da44caced,0,0.022148422176289845,fold_03
ck_0b03c71b8935f086,0,0.030939953901597022,fold_03
ck_131b7787453b28a7,0,0.010010254823977207,fold_03
ck_f65220877934e815,0,0.026595085373238316,fold_03
ck_87a3f468a86898b1,0,0.004684298788882713,fold_03
ck_e4e6cd2e1bbd0e8c,0,0.024302594736173803,fold_03
ck_45ae7df559cf757c,0,0.0026952083118163355,fold_03
ck_3f7825233479fb54,0,0.017566561531946554,fold_03
ck_8e3d0302c3e8ae5d,0,0.00920593793482144,fold_03
ck_c803c88d0e5e3bb1,0,0.001362939142541207,fold_03
ck_b06a4bff7c754581,0,0.017109138060230678,fold_03
ck_2288e80d016a583d,0,0.01191003945645127,fold_03
ck_e18d107001f819e9,0,0.06265154479102028,fold_03
ck_2d9b1786ab73d9ae,1,0.9723837007566599,fold_03
ck_c3f2e581b2d302c3,0,0.009351345953195023,fold_03
ck_5e3f72ca51f78822,1,0.9944369995676339,fold_03
ck_ef3051fb4862499f,0,0.05110315075727964,fold_03
ck_0fb4869b8db5b3a2,0,0.060178270358995055,fold_03
ck_5280ce384f94ed2d,1,0.9033085951308039,fold_03
ck_32ab5e462d1b927b,0,0.009471253231839305,fold_03
ck_c6844fec3de250fc,0,0.0029366773058293136,fold_03
ck_cb2af0ac20ec304a,0,0.020821489331971726,fold_03
ck_a8a85b8df5c831ee,0,0.09846034333046758,fold_03
ck_73956accab20d095,0,0.0026741534570944676,fold_03
ck_d5fa66b256177448,0,0.029143957001080356,fold_03
ck_885672afb4401d8d,0,0.2313156191394994,fold_03
ck_c47e1a4dd4ee5f78,0,0.009600946419579664,fold_03
ck_e12e7445a5e785dc,0,0.04866751353617039,fold_03
ck_9d7865246dc41d03,0,0.0026993169161975755,fold_03
ck_6b8c4b5c4b2bdbb5,0,0.0014514553099171455,fold_03
ck_c8dec2c5e46df27b,0,0.02663726642171407,fold_03
ck_1e79326ac97a6156,0,0.05083792494590445,fold_03
ck_cd87f99c7566d018,0,0.00335972064373221,fold_03
ck_d59901f79fb2b19f,0,0.05343162520229984,fold_03
ck_a8956dc5c5bbadda,0,0.03794310118614158,fold_03
ck_b05785b12646e907,0,0.0037503742535422153,fold_03
ck_d7b5f08b55b393a2,0,0.028670407898241962,fold_03
ck_eb2eef155d250f01,0,0.01205285000357227,fold_03
ck_f4b7a7721a7ccf70,0,0.00231500804755479,fold_03
ck_14cc50bfc2b0b512,0,0.04198742839704298,fold_03
ck_cf1ab305f08ba376,0,0.012850699845275732,fold_03
ck_f72dd377134d07fc,0,0.006025702383942425,fold_03
ck_fff88a7920fd0fb6,0,0.005191579670869971,fold_03
ck_1f28a75d0131d534,1,0.99619449123172,fold_03
ck_a27b5b8d0f6f722e,0,0.014488448546558065,fold_03
ck_516a76c80530affb,0,0.011050252454498949,fold_03
ck_b3636721d0430be4,1,0.8543935102619754,fold_03
ck_10ad7d7880e11518,0,0.005301725731377766,fold_03
ck_70eabc2541eb25cd,0,0.16752809284097145,fold_03
ck_9c9059800a7eb72c,0,0.005829559818835035,fold_03
ck_df4135dc22b23895,0,0.009604816975766452,fold_03
ck_862e23da466fb105,0,0.008294034869454188,fold_03
ck_8f50631f6d592576,0,0.010618991222038862,fold_03
ck_ce95f09722357600,0,0.004051764456762634,fold_03
ck_d3069d19ca14edb5,0,0.005243171996601337,fold_03
ck_c849a8e0eecc90d3,0,0.0053217661816941965,fold_03
ck_f30fbbe95006b4a1,0,0.0032274079365613765,fold_03
ck_08b13a59803f63d3,0,0.00711737149747451,fold_03
ck_a52dc4386638ae3e,0,0.012019041651554306,fold_03
ck_15b6de619fdcc608,0,0.01253871905325979,fold_03
ck_318d5b1e9566d572,0,0.0014821432621299434,fold_03
ck_67f256b3e7ed9271,0,0.002493907595423197,fold_03
ck_bfcc8625a4f43525,0,0.006476388238850453,fold_03
ck_547b7afaaeba99e0,0,0.00534056054895923,fold_03
ck_d85dcd5873a285db,0,0.01003228903721293,fold_03
ck_c806b065e9a34de0,0,0.009360701539726131,fold_03
ck_8123e9aae639ae49,0,0.003640954369421896,fold_03
ck_c003bf808744555c,0,0.01363174852021603,fold_03
ck_75d8c8710c15793b,0,0.00409858851426125,fold_03
ck_4e2fca91212d3634,0,0.003231571982488264,fold_03
ck_54539e498d5bce38,1,0.9820277121087293,fold_03
ck_bf75fd142d280d1f,0,0.015591309909440252,fold_03
ck_404c7de4619a722b,0,0.0015286339077924514,fold_03
ck_096ba2b1890b8de8,0,0.010294500157631541,fold_03
ck_2d2dd3f309b49f6e,0,0.010140483412253933,fold_03
ck_0b050e8d6adc22d2,0,0.013505957723083144,fold_03
ck_cc31776a89811ad5,0,0.049256150922866386,fold_03
ck_e0a9cf4a0f7ff47d,0,0.0032817135245866934,fold_03
ck_0ad24a6e3748a760,1,0.007644699555916833,fold_03
ck_f3f8c6474f8bc327,0,0.045072986488363366,fold_03
ck_4d0eb820b163ed8e,1,0.9984292146466714,fold_03
ck_69202517c9ca608f,0,0.010437397085027581,fold_03
ck_eeb29101015f19d2,0,0.014601358406366496,fold_03
ck_da53c4d0086824fc,0,0.002826619524626132,fold_03
ck_1265c7321672ac77,0,0.05456145068167278,fold_03
ck_078d74873f7e24c9,0,0.018028758867544705,fold_03
ck_b0cf72d42576875a,0,0.01913019161447289,fold_03
ck_4933721e18d399ed,0,0.00899552884081667,fold_03
ck_590d143618287449,0,0.004000788455588366,fold_03
ck_a946ef0e4e1ffdf5,0,0.0060125485193219304,fold_03
ck_4941c2737e34999d,0,0.009372209230513262,fold_03
ck_38468d8316b0953c,1,0.1305257042805929,fold_03
ck_9839de517c1351f0,0,0.005979191907607127,fold_03
ck_f13df9f4def3a21e,0,0.008954970735760473,fold_03
ck_b5585811a4fbec7b,0,0.03025526935238638,fold_03
ck_1c93a17f3e3a0e06,0,0.005675378976633272,fold_03
ck_5310122e6f4404e4,0,0.023862050475881667,fold_03
ck_22c066abae38cc05,0,0.03254580096775318,fold_03
ck_543748f91c3a011c,0,0.013188540713579019,fold_03
ck_4400f9253344062a,0,0.006626172581929878,fold_03
ck_9cd055d14c8f3011,0,0.0016745153565518092,fold_03
ck_b11bbdec8a676cd7,0,0.008151802449701888,fold_03
ck_12914b8fe434ef24,0,0.006812983378665501,fold_03
ck_4aa9857739877f60,0,0.008981296692569692,fold_03
ck_308d37633d0a48ba,0,0.0023728951265691647,fold_03
ck_db6d41cb1eb7ef88,0,0.007809981363680116,fold_03
ck_294d92ea1fbfdaaf,0,0.03093808062689476,fold_03
ck_f9d4d99d6c11cc1b,0,0.023306275343633963,fold_03
ck_6923d53c16683171,0,0.0014544797686712669,fold_03
ck_c7cfb7c565cae773,0,0.02298963610873833,fold_03
ck_ff68533f5787ec2e,1,0.9518390288688499,fold_03
ck_f18cabc96cc2477f,0,0.001671726842200903,fold_03
ck_0799698e48333f17,0,0.0180889995937846,fold_03
ck_dea6861668f1674f,0,0.006290712685668928,fold_03
ck_12595c7d5fff93aa,0,0.26940655790539514,fold_03
ck_217cbadfdb1918f2,0,0.028134919336920427,fold_03
ck_3d67d602c34be512,0,0.00864185799484355,fold_03
ck_947a9c170786e028,0,0.0047086255687301985,fold_03
ck_355867804c06ea27,0,0.01919959857568356,fold_03
ck_1ea7c4065bdbe453,0,0.014103157500644245,fold_03
ck_4360ebe4429643dc,0,0.08541552448894167,fold_03
ck_85248c8fd121282b,1,0.9937846895610264,fold_03
ck_7ab511822d1e8904,1,0.6415977884971114,fold_03
ck_9dcd862b7f143735,1,0.9808655719525337,fold_03
ck_59a6ea35f3bb5834,0,0.128897938580495,fold_03
ck_426a8884fa7c8229,0,0.004828615795673992,fold_03
ck_ac0ed1b7246633a1,0,0.002806013710692513,fold_03
ck_4db391d52f0b0e8e,0,0.004196513597936271,fold_03
ck_46698762ef843385,0,0.03731866149753547,fold_03
ck_067254f3230084da,0,0.016241334155685964,fold_03
ck_f814f2fa07b63fd9,0,0.014554123387980228,fold_03
ck_83a3ec2e2ce16595,0,0.0037579687302893025,fold_03
ck_1e4097b1df91233b,0,0.018433130195107023,fold_03
ck_cc6cdb2b78741f50,0,0.003352399611584841,fold_03
ck_31fb2edfce7ff9a9,0,0.004112720312027486,fold_03
ck_5ec0d8cdb9391b2e,0,0.012694307278651121,fold_03
ck_fba9fd332fcc3356,0,0.02010543265576334,fold_03
ck_5e2910ddd2967e1a,0,0.07081700719731844,fold_03
ck_a98d57d0feb6af60,0,0.0030380276157737445,fold_03
ck_9e6961d9ecce8e39,0,0.005020987901554285,fold_03
ck_99dfd9c8b1ef960b,0,0.009556304362599929,fold_03
ck_3d686f65a1fb76ed,0,0.01518293837702718,fold_03
ck_4d3eb288be380971,0,0.012267725801430472,fold_03
ck_f9143f66cc39fba0,0,0.005552666338291131,fold_03
ck_c83a6c480763928e,1,0.9815698161640244,fold_03
ck_a76602fd0b3d8aaa,0,0.0281979300159447,fold_03
ck_431c03e8d372540c,0,0.011767693069306792,fold_03
ck_37c02d66d221645b,0,0.011880699496483545,fold_03
ck_b5a8248ac1fcbfa3,0,0.027036197363227155,fold_03
ck_57d914d9ebfe57ed,0,0.00827068547388475,fold_03
ck_93ed0340d9813411,0,0.025596611979067565,fold_03
ck_397532d5398020f8,0,0.03318897623028966,fold_03
ck_f85bf243ce07c788,0,0.016537961632199505,fold_03
ck_71bf19c32e232ff5,0,0.10895202119403333,fold_03
ck_4dfc788dbc95e242,0,0.013922997593490034,fold_03
ck_e4fb0223e635080a,0,0.02844090001563529,fold_03
ck_d0c3f2821df89770,0,0.010020854187678955,fold_03
ck_dce4f06bed01b961,0,0.005460834220127205,fold_03
ck_33cae864a1c779ab,0,0.009768519684147284,fold_03
ck_98d7fd1c3cc199ed,0,0.004081745665482194,fold_03
ck_92b6cdb286349983,0,0.03875154059454133,fold_03
ck_3c9a5960f13eb7e4,1,0.998388462230597,fold_03
ck_9adf3a980b3a5d89,0,0.006465818274547158,fold_03
ck_19fc80860d18454f,0,0.007047705294227251,fold_03
ck_141b6eefcc7315a1,0,0.06798317313496959,fold_03
ck_455d06f107d25fd3,1,0.9484949838277604,fold_03
ck_c644dc43c4291ecc,0,0.011087767177766267,fold_03
ck_260175934430b8d8,0,0.005347319198126754,fold_03
ck_dabf5f538f631a87,0,0.013554979417895784,fold_03
ck_85753c8c5fe369c8,0,0.004731653474863882,fold_03
ck_1ae4223703fd11bf,0,0.012767939427353917,fold_03
ck_f448a14a82375c55,0,0.009413759872000101,fold_03
ck_bf8d5e94c79b51bf,0,0.008173956891439517,fold_03
ck_129255257bc76a34,0,0.06813128869896738,fold_03
ck_3a2505ac70685314,0,0.01609194799609539,fold_03
ck_8afe7990471e02c9,0,0.008230075068181103,fold_03
ck_bfaa363e190fd4c7,0,0.060787583363038494,fold_03
ck_7b746aad00f1a015,0,0.00806499918630724,fold_03
ck_41cdc23667e3be28,0,0.03929477488532961,fold_03
ck_6f578356d30f0bf9,0,0.0059697272725192764,fold_03
ck_4099731c9f205e89,0,0.006105484390119135,fold_03
ck_e905259a7a52db73,0,0.0025305843313907696,fold_03
ck_e3a5d57a57288169,0,0.015905909027495307,fold_03
ck_3423f07ffe337b9e,0,0.011368435592209913,fold_03
ck_9782a7a504d78a2a,0,0.019891727801771588,fold_03
ck_e80a5e6d9cbb9144,0,0.0026686373521290323,fold_03
ck_06ad60cf3aa94ba5,0,0.007544201091673055,fold_03
ck_9ff85782d428e4bc,0,0.012126380585682406,fold_03
ck_14e591ee0fb4efc5,0,0.08634881336954582,fold_03
ck_4fdb29f4b4fd6f6a,0,0.014832650183305788,fold_03
ck_4929ee469e2029af,0,0.02256665954369424,fold_03
ck_3ad15d52508c0e0b,0,0.00592136330494832,fold_03
ck_153ab349debf9909,0,0.0012784394360247672,fold_03
ck_96fe6a0559fa22f3,0,0.011630826379322556,fold_03
ck_d8d9e5e7ecfd8de5,0,0.006057425552284877,fold_03
ck_e9b204bb3f64aaaa,0,0.3370010018470633,fold_03
ck_10d53666889bd006,0,0.030873829213866506,fold_03
ck_1d5ba2845ee5a34a,0,0.04316353183152229,fold_03
ck_5d639cae346070b6,0,0.03928702250645761,fold_03
ck_a1b186e33e8924c8,0,0.005447627499127612,fold_03
ck_e8e96ce2a2a592fa,0,0.01925655938937507,fold_03
ck_46811db41a93d646,0,0.002746156405181882,fold_03
ck_b9025d2401937896,1,0.010910057016568896,fold_03
ck_cfd4d77f8158baed,0,0.02739136427434586,fold_03
ck_6952522d51d3a4a2,0,0.02260905874466815,fold_03
ck_e972cd56064a33d9,0,0.023103072731292255,fold_03
ck_b9567822e33e726a,0,0.011649967530368285,fold_03
ck_cf29c448323b28e7,0,0.015172648254409704,fold_03
ck_e2ee99a5026f0ce5,0,0.12790928824846812,fold_03
ck_bacc7682eb3b5fd1,0,0.046325473332184605,fold_03
ck_b201eb4fa54ca7d3,0,0.0015617041756499064,fold_03
ck_bfa1b3698ce673f7,0,0.016665641942724317,fold_03
ck_a706d89aa7b404da,0,0.001768559939704898,fold_03
ck_d3a89d688b98fd14,1,0.03479813236723331,fold_03
ck_8c65e586cd0e6fcc,0,0.012260101436158436,fold_03
ck_5fa4247bef6ed9c1,0,0.10999844673082594,fold_03
ck_5268f563727ba734,0,0.06349656680772456,fold_03
ck_e905345daa9d831e,0,0.001028808936180792,fold_03
ck_906236d6522f2349,0,0.005530016842564637,fold_03
ck_3e8dd4f84e910da8,0,0.0037205327045388916,fold_03
ck_944e0bba8bf8c492,0,0.01396602026348762,fold_03
ck_a86f2346f855f3d0,1,0.08432349111305154,fold_03
ck_5a34de8ebfedeae2,0,0.01730179809769787,fold_03
ck_a13d6cbfadedecf6,0,0.0012180684317906105,fold_03
ck_16ffe695eedc9bc1,0,0.031161632034660162,fold_03
ck_afa1b1d9e272cea2,0,0.011432985509067224,fold_03
ck_ad1a0131663f5759,0,0.007750276561990774,fold_03
ck_4844dc959829cca3,0,0.1010877482272472,fold_03
ck_5648af8fb8068717,0,0.014716825908409325,fold_03
ck_7ad603f0573ded7d,0,0.003896967368479149,fold_03
ck_49c59b1330de0112,0,0.0061182005606849575,fold_03
ck_7769e24738ed5840,0,0.0022929579928667454,fold_03
ck_b555a6a02f9576e0,0,0.007623644314471191,fold_03
ck_c40db162f1e1c6ce,1,0.6353535455939601,fold_03
ck_1a8ed46b021c25c5,0,0.05150316736958466,fold_03
ck_8071e6f1aebf2a93,0,0.018245394252561744,fold_03
ck_148db57fef5a4dd0,0,0.016649305049651727,fold_03
ck_55cbaae6a01e62e3,1,0.8042552903309964,fold_03
ck_5c9bc9c61e905a50,0,0.0016149563949724513,fold_03
ck_68699ced2682f0a8,0,0.018002266586326008,fold_03
ck_aee6d782887a49d3,0,0.030394140671584823,fold_03
ck_b4323a3ce0f3adb1,0,0.012257849317515189,fold_03
ck_dcddf4a83c9e51df,0,0.0373687568980069,fold_03
ck_4d0a4574c99e5405,0,0.045311447880945856,fold_03
ck_1b6fa0528f048caa,1,0.9053481444204523,fold_03
ck_fdf0c27f2f048068,0,0.058082634415622475,fold_03
ck_15a4112b5daa8036,0,0.010514690690170674,fold_03
ck_0e26e9a405cc3e06,0,0.013547065900970373,fold_03
ck_d4adc713c048165a,0,0.1591203111560696,fold_03
ck_a0a91ba8ff021229,0,0.03037285337014359,fold_03
ck_20174d2bf87269b3,0,0.012704692387505736,fold_03
ck_c7f8ef3c39d3f415,0,0.034840229048899225,fold_03
ck_171fe7f58c48e32f,0,0.00481313033215787,fold_03
ck_8d6104d4a49d5633,1,0.001697145948775156,fold_03
ck_09d4ffc4d92be0c0,0,0.01185480093875604,fold_03
ck_ee51c4a66fc42413,0,0.01016673511516472,fold_03
ck_d8c1ab1939f8c5f3,0,0.022887098553879985,fold_03
ck_9eef1053070f20f5,0,0.07012254505473302,fold_03
ck_0efde34402d8f488,0,0.009521445724431064,fold_03
ck_68e7b7e214a4eff8,0,0.012603852066171626,fold_03
ck_e739670fc801a0d7,0,0.04843454349410337,fold_03
ck_f3dbdfb3a09462cc,0,0.0258680860968399,fold_03
ck_14780164e145f748,0,0.016924985766648967,fold_03
ck_6de652145233ba06,0,0.0032348851480927523,fold_03
ck_cb592727ee810ee0,0,0.011490286427969832,fold_03
ck_b4d8cbb34560ba10,1,0.15117380626058885,fold_03
ck_ed0ff418a6044121,0,0.45584147998880786,fold_03
ck_1d0677c0836131b5,0,0.010013829209650807,fold_03
ck_797a3b188b64edea,0,0.01751684814057222,fold_03
ck_ffadc09ec8592752,0,0.010081628039333905,fold_03
ck_3ec258e4a927ee96,0,0.002820183544728384,fold_03
ck_e8e1867846b8522f,0,0.007939177866847117,fold_03
ck_8519320aceea9bd5,0,0.006630919643655179,fold_03
ck_f36de3878ff44a38,1,0.03517951581910889,fold_03
ck_1ae44326b07f26bd,0,0.05235537000902733,fold_03
ck_3236f241bb60fbcc,0,0.029281372791522986,fold_03
ck_7138e78f7ad4c2b5,0,0.004949797002674159,fold_03
ck_af712c7f6797afcb,0,0.0036295913753139654,fold_03
ck_b99e035e45bd0cfe,1,0.9669030127061753,fold_03
ck_eec60728b6c8604a,0,0.006405604404994538,fold_03
ck_09c0cf8905d75fe6,0,0.018577306735586545,fold_03
ck_c55e322b5e641a22,0,0.0030285260885587893,fold_03
ck_31bcac004cff0bda,0,0.02053152407923186,fold_03
ck_2aa0b5d2024a0a9f,0,0.004470625225230097,fold_03
ck_c60512ff4c35dd5c,0,0.016106340284629126,fold_03
ck_72f683b50fe45112,0,0.04111432142242351,fold_03
ck_7e7b2b4f66f460c8,0,0.005551805262751714,fold_03
ck_2eb5949b7d6e7333,0,0.014421871247788529,fold_03
ck_d8f57d6a8116213e,0,0.02598674842688223,fold_03
ck_7927bf55a9252eba,0,0.0046882515548722385,fold_03
ck_03ce65cbb2ccbc78,1,0.7269041888163525,fold_03
ck_3b221207af8d015e,0,0.0013864977357051786,fold_03
ck_a0f1b46afa004187,0,0.008817261484180335,fold_03
ck_19b03adbe00ad052,0,0.016907462673158676,fold_03
ck_0eeca0c9333b86e8,0,0.01844983259665967,fold_03
ck_76e19b18b99b7e1c,1,0.07534796192111338,fold_03
ck_e6fb49b083167811,0,0.0036893386848384445,fold_03
ck_d7218a6e9f64986c,0,0.010630239438290758,fold_03
ck_f83b91302d1c2c80,0,0.011483591574378567,fold_03
ck_4c526db751d158d0,0,0.002263828292118371,fold_03
ck_a0c3d48534d0833a,0,0.022201208229978814,fold_03
ck_e758decdab747ae1,0,0.009330464725771266,fold_03
ck_6ee3e028b5263482,0,0.005109202052023022,fold_03
ck_1de391a38121214b,0,0.00815263683585487,fold_03
ck_929d77cd606a49d5,0,0.012994399372667616,fold_03
ck_fc7ce2b8ee7a466c,0,0.010070232551780203,fold_03
ck_63a9a3eb1417595a,0,0.631315384492767,fold_03
ck_ebd1a4ddb0ee6790,0,0.006559419958578459,fold_03
ck_c49af520716e180c,0,0.027633784363513228,fold_03
ck_d7ef07d570fec1f2,0,0.008534799614618008,fold_03
ck_ea4122674ab25b2e,0,0.5289377172324913,fold_03
ck_7717bacb4691bab8,0,0.013489018070152509,fold_03
ck_1fe7d9130439b116,0,0.0015756057384016938,fold_03
ck_ac038937b2df8293,0,0.00887182700372475,fold_03
ck_b1ea74ef74ff0bcc,1,0.9408235119726838,fold_03
ck_91f2cf2dc8e1c6ac,0,0.017429108188935893,fold_03
ck_2f767360fa775969,0,0.003319979730508811,fold_03
ck_a2aa8e2958e23a3b,0,0.027397716056484944,fold_03
ck_86748642682642ee,0,0.00535002502773313,fold_03
ck_d3c92c28e4f5a147,0,0.014015573106901774,fold_03
ck_723e121af181f0fd,0,0.019790740314555296,fold_03
ck_ddeb016052dabcde,0,0.006580156436007115,fold_03
ck_0d4f5d3ea890e666,1,0.5679265407728114,fold_03
ck_0c0704c6dc8b4878,0,0.03324840865456609,fold_03
ck_2275049b1e074786,0,0.00887299386273206,fold_03
ck_fca54cdb7de479f7,0,0.012732999341974615,fold_03
ck_2c2447f2950787e3,0,0.009630161207112561,fold_03
ck_766bc202cd06a342,0,0.012350533516261279,fold_03
ck_8c087c31ff2b84cf,0,0.010144995735175934,fold_03
ck_90b64daa5203c795,0,0.010750182532042282,fold_03
ck_058b7333b5c9381e,0,0.10705822619153345,fold_03
ck_70dea6890ce2712f,0,0.014380340007283438,fold_03
ck_a12c1bc26c318880,0,0.018706540114608323,fold_03
ck_b79d6356466eb16e,0,0.01028752380584319,fold_03
ck_d4509714f25ee868,0,0.015015972590184837,fold_03
ck_890724de0bd5e3a0,0,0.029065463025467458,fold_03
ck_2946b48a8796002f,1,0.9978890495207261,fold_03
ck_68ef3ffd15dd3dc9,0,0.0027842394184999643,fold_03
ck_bde42646238595ac,0,0.05839527864507851,fold_03
ck_e861f76cb684e680,0,0.03479445777338431,fold_03
ck_5e657ad2e6bb7168,0,0.02926713536165687,fold_03
ck_6d722aecbebbdfd1,1,0.9466417078986973,fold_03
ck_c292158f01fc2713,0,0.002553510985503404,fold_03
ck_be855a1c12b6db95,0,0.011130813106674183,fold_03
ck_fbd3636f59db8d74,0,0.004555499681023982,fold_03
ck_34433ac56c21e488,0,0.014577616971453464,fold_03
ck_7f23a2c70e9332f6,0,0.0032615889483276045,fold_03
ck_b2f334abdfae7c29,0,0.011412736277143109,fold_03
ck_f97f50445faa27ae,0,0.004903573487628543,fold_03
ck_cfd8c77d7291ff1a,0,0.0036841000228733396,fold_03
ck_723c7d6d286a5b40,0,0.015393299266735938,fold_03
ck_03169734a39dff3e,0,0.011574606440725596,fold_03
ck_a32cefae5eec9be7,0,0.005639732864490911,fold_03
ck_e47c44756b571054,0,0.057867691062688485,fold_03
ck_cfcb0af18bcf9cab,1,0.9814750436332085,fold_03
ck_7872364078bc2104,0,0.004395885166968438,fold_03
ck_e37c72498e8965a6,0,0.015532293755379399,fold_03
ck_dae6dd44b47e2ce1,1,0.8677402613549319,fold_03
ck_91eb00aeed60648b,0,0.03926597077131419,fold_03
ck_724caddb879126a7,1,0.9981287158119853,fold_03
ck_f15eedeaa8e99df8,0,0.023592800212008897,fold_03
ck_e90af91fe58814bb,0,0.013348672724866397,fold_03
ck_21dccf0199957b33,0,0.009195191928097476,fold_03
ck_46eaf94f142b98f7,0,0.006525653979960345,fold_03
ck_28f4f3d3ffafd819,0,0.004394527955550716,fold_03
ck_16c9b12c2561cab9,0,0.04515725722403102,fold_03
ck_73fe9c55e9a067d2,0,0.020129579567989463,fold_03
ck_61aefb508bbc1a6e,0,0.02314173933742395,fold_03
ck_a73180df71c38a7c,0,0.015049544039634528,fold_03
ck_609d9fb2ea32535c,1,0.882313558352391,fold_03
ck_3633886c90af1891,0,0.008212455223137384,fold_03
ck_326f3d823f746d70,0,0.0031910953733892146,fold_03
ck_ae24094c5f5ab041,1,0.9944700736677489,fold_03
ck_4b849867f5150a2a,0,0.010097617089859802,fold_03
ck_e1070bf286c1e09b,0,0.022878095969821162,fold_03
ck_e519684ed6ef5013,0,0.04351326228019021,fold_03
ck_8954877431c052e8,0,0.008336382733776413,fold_03
ck_b9e71cce9cb8d188,0,0.005672260202528929,fold_03
ck_b5584928f442cefb,1,0.9802846662937826,fold_03
ck_9c3040a490004590,1,0.9812383942535264,fold_03
ck_e13d5596b3884443,0,0.0071059827132536205,fold_03
ck_042f67200c6a5b4f,0,0.013559133963106942,fold_03
ck_346fb6d35c2383b7,0,0.0034799301523030074,fold_03
ck_4882da5e27d25539,0,0.0472919194051802,fold_03
ck_19fd8ea33deda17f,0,0.03290209033821496,fold_03
ck_2a923a68de5b056a,0,0.01809985764799777,fold_03
ck_c139479a1b1cbcb5,0,0.0059779346872468895,fold_03
ck_e863d558f10d4665,0,0.010201263334612456,fold_03
ck_8de2499a0f6c9726,0,0.030364670251051586,fold_03
ck_63a9fa66ad2c2bcc,0,0.021707234653193852,fold_03
ck_273a7f31aa1ef0fc,0,0.4359084598319452,fold_03
ck_e7ecf08c6184b8ac,0,0.0029365926834847593,fold_03
ck_b2e22846e10fc073,0,0.01522792491388933,fold_03
ck_32806789bdf9926b,1,0.11655345140506515,fold_03
ck_b077e1772adcab63,0,0.0038968850404899873,fold_03
ck_67f1e67975a2a45d,0,0.0048711836782833265,fold_03
ck_2fcc6988d4424646,0,0.004625664213938231,fold_03
ck_527acf98f4d22dc5,0,0.00483141060635987,fold_03
ck_ef6ddbc61b3d32ba,0,0.0565423570921142,fold_03
ck_c4d225fd6391ef4b,0,0.01801634096454878,fold_03
ck_f37a71faeae80a9f,0,0.08010630744034698,fold_03
ck_7df69de5bf8f3879,0,0.014005942333607977,fold_03
ck_03cca56bd654c1fc,0,0.08903237970131765,fold_03
ck_052e6c01d289afd3,0,0.016938415709827872,fold_03
ck_f13908fd949d5972,0,0.013063123364920723,fold_03
ck_b2349b5a6d26b485,0,0.014037912358617666,fold_03
ck_f66b7f37ddce9f09,0,0.0015415631547320814,fold_03
ck_611cf92cb852ecb3,0,0.0035878176428419573,fold_03
ck_c6911f35fcef18d9,0,0.011859227457380137,fold_03
ck_aa612b14ed08f292,0,0.005990313576413474,fold_03
ck_3167fd6e49cfd7e7,1,0.6351440937360696,fold_03
ck_a6e7897b528fc7e6,0,0.0030368690763264436,fold_03
ck_4b0401cefab961c8,0,0.03673698907350246,fold_03
ck_e71d4358ea2ad590,0,0.031054419992613734,fold_03
ck_5056e9b41ff708da,1,0.997982782175173,fold_03
ck_dd618cc8bba7be81,0,0.07000270668809495,fold_03
ck_84dc57539f39ee0e,0,0.018465569238256804,fold_03
ck_97197c0993debe62,0,0.009690425788348861,fold_03
ck_1e18ecee217250d5,0,0.00444679600270945,fold_03
ck_87a61a16e640ac0d,0,0.02970612505556997,fold_03
ck_37c6b61fa5871395,0,0.013571050157496631,fold_03
ck_963ca4e47dc69f21,0,0.017166136156131804,fold_03
ck_c818769b3b47dcca,0,0.007026283591075501,fold_03
ck_c993eedb1ca50e8e,0,0.004863978470514553,fold_03
ck_281477f93ca6d873,0,0.015230421306887128,fold_03
ck_5206475876dceef0,0,0.014224830007367878,fold_03
ck_dbcabcee8eb9d9d3,0,0.0013716800885026988,fold_03
ck_4476152d147c2664,0,0.031426863400314184,fold_03
ck_2dfd1a27b5d7d4ee,0,0.5707984318890783,fold_03
ck_e56b0c3b88a0e35c,0,0.013997530196727571,fold_03
ck_ce7878f056cf3b8a,0,0.03842587656463068,fold_03
ck_11ea4f81d2d977d5,0,0.0416134381348409,fold_03
ck_d934ccb32eddbe12,0,0.006675742226307127,fold_03
ck_ebb8bbdc47c29186,0,0.009668608979873133,fold_03
ck_d34fa008805331ef,0,0.013643376998836923,fold_03
ck_bbc3b410daa7fdef,1,0.9964647961259262,fold_03
ck_90e9fbd844b02f84,0,0.0006332028180231829,fold_03
ck_18b6e2f63a8ef233,1,0.11561006256572047,fold_03
ck_2b6ca1da12786fcb,0,0.007570737203791403,fold_03
ck_e64bc7e48e112b98,0,0.003281393199982062,fold_03
ck_9dfa661f94fb5199,0,0.008200563385664906,fold_03
ck_5d4e71a873fdb63f,0,0.014754661309537315,fold_03
ck_5792ed7de804453f,0,0.040048452238318974,fold_03
ck_ecad402b41381248,0,0.0031543860747544586,fold_03
ck_a55bf19e8b19f08f,0,0.0350953153128293,fold_03
ck_d834713d6cd6c8fe,0,0.0238474794599397,fold_03
ck_f2943bf559f33b2d,0,0.0014189917054919995,fold_03
ck_af4fc1def548014c,0,0.0959223402711235,fold_03
ck_3abada54d3af9e1a,0,0.003978019382391408,fold_03
ck_2429c36204a3cf00,0,0.04061504912046201,fold_03
ck_bc59c7da97884378,0,0.009728728978343286,fold_03
ck_014db4f6010cac2b,1,0.6474229502705037,fold_03
ck_3afcaab1866d41de,0,0.01579581852402948,fold_03
ck_a2c0fd31bb5ad31b,0,0.2424219312262347,fold_03
ck_8d7d008cc271bff6,0,0.011304716950265222,fold_03
ck_a2c3019116326ea0,0,0.032332206603694444,fold_03
ck_a556abc470047a5e,0,0.024489390958611884,fold_03
ck_dc6b118cdb246a47,0,0.01324514333726683,fold_03
ck_642e541f9c299baf,0,0.020343805393668007,fold_03
ck_d671b673f2e7a9ef,0,0.014670771580040206,fold_03
ck_012bd4d6342849b9,0,0.10640678411130747,fold_03
ck_256d467aa6dffca7,0,0.012225063453431865,fold_03
ck_f153d9d932f96ab3,0,0.01637859795385045,fold_03
ck_9fcd896dfa480a44,0,0.05079185726979169,fold_03
ck_6d4f346092e15f5c,0,0.011507191573991538,fold_03
ck_f7ad716b4d2f8bd1,0,0.0026715344659684875,fold_03
ck_a500ada3871d1e63,1,0.9836615542241273,fold_03
ck_ee852d5031674935,0,0.0006371042348007747,fold_03
ck_1c0733a10f2ae3c4,0,0.025271644807603227,fold_03
ck_22ddc6ec4ed74e71,0,0.007655919549028777,fold_03
ck_4ebc4696a98715b8,0,0.010402925172697978,fold_03
ck_e269d4618062ba33,0,0.0032300575002578652,fold_03
ck_dd45d42c12fe1719,0,0.025050512049123452,fold_03
ck_283a0a5b9cfc33e1,0,0.020141681215762187,fold_03
ck_a7a1a09aa9fd8cfa,0,0.04656858837521971,fold_03
ck_f25e175167c59c7a,0,0.029808039227320504,fold_03
ck_bc3a9deda5d3c589,0,0.004865315627490463,fold_03
ck_4d1a0fadcaa1b971,0,0.0033328351358224407,fold_03
ck_544439dddcdf75b8,0,0.023037663627404885,fold_03
ck_cb383aea8ea12a64,0,0.006687778623916851,fold_03
ck_21f5439344781d6a,0,0.0059367541886542734,fold_03
ck_a0d800d42f1d9851,0,0.07530437762562868,fold_03
ck_8f17eb725748430c,1,0.06381914992070874,fold_03
ck_707d70853474f65a,0,0.06479568905014726,fold_03
ck_3ae5915a56af699b,0,0.003930383182274089,fold_03
ck_06235cb07e6175d1,0,0.008639889812536468,fold_03
ck_35f7637ae3896ff4,0,0.008868634032460186,fold_03
ck_94d72361b7f275b8,0,0.058624485805970156,fold_03
ck_5588003bd5c88556,0,0.06272141011621575,fold_03
ck_2d9edec9fd3ceafc,1,0.997799659130205,fold_03
ck_f74e494e7595015d,0,0.11662876886457342,fold_03
ck_147d2fdfe21309f2,0,0.006591232612322946,fold_03
ck_21f7bcb3c57e0d8f,0,0.005441441004699244,fold_03
ck_0193bb031088c78f,0,0.022497092308175957,fold_03
ck_114b0e69d12ecdd2,0,0.150969803438558,fold_03
ck_dbd9cf4be419144e,0,0.02419391895691899,fold_03
ck_8665a371c861a521,0,0.008623187230902598,fold_03
ck_ac77c1416eb61584,0,0.004925576758144818,fold_03
ck_71c6a10da40609f2,0,0.004085795553328595,fold_03
ck_28dc15d2c8086869,0,0.3386484418929724,fold_03
ck_911f1f9dc0e200df,0,0.01656196283590427,fold_03
ck_52e02712db8632da,0,0.014725470673779554,fold_03
ck_ebd2e84211275648,0,0.006289183575369757,fold_03
ck_d3ce1b92b56be466,0,0.004975069574731638,fold_03
ck_5b75350e8779a461,0,0.013991709208720135,fold_03
ck_cd9c3a71800b057c,0,0.03284959767233562,fold_03
ck_93141d5c15e88446,0,0.09267967850964319,fold_03
ck_f0df934ad46d2493,0,0.8896095066271117,fold_03
ck_32fd80360d96732f,0,0.03274615814931749,fold_03
ck_4da0fa9c8893cbd6,0,0.0038085430514742547,fold_03
ck_085c2aa98fca8875,0,0.005018150454156591,fold_03
ck_2e1e9ccb7e56a5e9,0,0.010595549395233337,fold_03
ck_59cf02990e9c9b11,0,0.0681247658435225,fold_03
ck_f957a06e57ea9799,0,0.014116982143683047,fold_03
ck_eda06b60fade1879,0,0.02987900953596074,fold_03
ck_aa02ac0bf4f4ca54,0,0.10321223634321477,fold_03
ck_5e8db455a0b68ec8,0,0.1034896771034019,fold_03
ck_7b2b0478f1e06453,0,0.003921028592038129,fold_03
ck_51f1f93f88b5c554,0,0.002397980346454321,fold_03
ck_d48e2531458f01de,1,0.9997996238015694,fold_03
ck_9b8b61caa6461972,0,0.0055400859703002335,fold_03
ck_12bb5d8e4a5e9ffc,0,0.016165964044565863,fold_03
ck_e869868ab042a873,0,0.016862963590010636,fold_03
ck_5eda3cdd7c01f5e5,0,0.034912461631438685,fold_03
ck_1fa06442ab2eb212,1,0.9478531714077238,fold_03
ck_7d24b4df0bc3df8e,0,0.016795501147236037,fold_03
ck_7db8123a4cc8866d,0,0.03198699262754575,fold_03
ck_1fc83ed0e8619f31,0,0.003301413525611143,fold_03
ck_ce3b39e02583399a,0,0.16071046045155177,fold_03
ck_37e1879475e15374,0,0.000438339676520498,fold_03
ck_3d644e62b3ca003f,0,0.03831829682746612,fold_03
ck_6e9969367c204cb7,1,0.09322572072854246,fold_03
ck_dcea76779450ac8f,0,0.023777050176135673,fold_03
ck_409af7c2e4a5df49,0,0.010438591543411122,fold_03
ck_208fa371ab0b91ec,0,0.06502764363443726,fold_03
ck_8530d5a2c6410dee,0,0.012187538006256304,fold_03
ck_373a375e5b6f9a8c,0,0.016298517842057932,fold_03
ck_28c1e36d03b0c7ab,0,0.00566047390026284,fold_03
ck_8e9ce83fc204131b,0,0.01652742438436907,fold_03
ck_c74810dae6b0c464,0,0.006088550262024753,fold_03
ck_1373c75095318231,0,0.022407150251053724,fold_03
ck_82763eb145931472,0,0.002155428637901859,fold_03
ck_7e3e790561141d84,0,0.031016360416320277,fold_03
ck_0e23163d99665c1c,0,0.014261139609943733,fold_03
ck_f46f0556e7475458,0,0.012175707459408495,fold_03
ck_b55d363ea5981838,0,0.007967022180522986,fold_03
ck_f9a44cc3704c4812,0,0.0029820355022231555,fold_03
ck_cf3c6634e44b2de1,0,0.012800246305079643,fold_03
ck_88eb2d99750e37e5,0,0.022655160965184877,fold_03
ck_3b838114203f1552,0,0.003344245816146843,fold_03
ck_b8bc862d38bfb25d,0,0.0036410742246509656,fold_03
ck_e7496f1e389d43c9,0,0.006085860768781099,fold_03
ck_dd92ceefcbff591d,1,0.9750899228155221,fold_03
ck_76feffc268de67f7,0,0.0019477653893327036,fold_03
ck_03d967db78c60b50,0,0.008171084686496955,fold_03
ck_f7fef92ea9a832e1,0,0.09944738891669146,fold_03
ck_26535395427df656,0,0.021777549493164215,fold_03
ck_124ebd55b38f2acd,0,0.013660630143475428,fold_03
ck_2e489d0077875415,0,0.01553336152994532,fold_03
ck_788a0c63c93503b0,0,0.06293775997719188,fold_03
ck_7e354460b461818f,0,0.020394460038149497,fold_03
ck_64717d73e728b540,0,0.011308827260014304,fold_03
ck_2e588fa3b6741eba,0,0.07411350615380574,fold_03
ck_b8f096c829823343,0,0.03093148284022462,fold_03
ck_71c977d2f66040ad,0,0.1668974187427907,fold_03
ck_48fa237fc1e87db2,0,0.05098361183177448,fold_03
ck_2a8dda18e3f4674e,0,0.03116919679884727,fold_03
ck_d41875c4b42258c8,0,0.006858739965925468,fold_03
ck_93f49447ff47d85b,0,0.3341536291996667,fold_03
ck_e20e740e95765d7d,0,0.11068036052170188,fold_03
ck_823455d0ffe5e66d,1,0.8047916385945635,fold_03
ck_5b7c4094ae0b981e,0,0.006454719854544811,fold_03
ck_b65cda8eb7230b08,0,0.004924329787212483,fold_03
ck_b39a9eec9e7781b6,0,0.010249732240530987,fold_03
ck_6f727a55656a88f5,0,0.014917379029241803,fold_03
ck_39ec721be15eb6d3,0,0.008779384269141034,fold_03
ck_3cbcab3ff382b166,0,0.013176337364597857,fold_03
ck_555413ccf686dd49,0,0.15227676871035054,fold_03
ck_68cb182a65f444ac,1,0.5550720584161686,fold_03
ck_5c9ae98265f1cb6f,0,0.745117311768127,fold_03
ck_35453dad005c4d3b,0,0.007913215676799196,fold_03
ck_78512e05690a509d,0,0.08387186886637855,fold_03
ck_d94893c758c772d7,0,0.035911907365778144,fold_03
ck_f098a8479452c7ef,0,0.01141917141158834,fold_03
ck_1a6fde5a53924551,0,0.005594809040299038,fold_03
ck_5317cfa8fb3ef0a6,0,0.00663869335208872,fold_03
ck_3426d079747793dd,1,0.5235133746756472,fold_03
ck_80c69e8ec222dbc8,0,0.0712704929761965,fold_03
ck_762c00ce9c0df43d,0,0.003553783905645676,fold_03
ck_cad9175692e70991,0,0.003550120518561894,fold_03
ck_1f5314036aa26e74,0,0.021083525349966527,fold_03
ck_f8063804aa41139b,0,0.01652332838301633,fold_03
ck_5d845cc4a29bfc9a,0,0.006619445148874238,fold_03
ck_98b3253ab1cd2739,0,0.01418827804125589,fold_03
ck_aa90bdc7223266b9,0,0.005935655067639498,fold_03
ck_de3431345e13c24c,0,0.009048368924864577,fold_03
ck_2ab9e4404abd35f6,0,0.005090040499230874,fold_03
ck_4192c080898bff62,1,0.9890007453333748,fold_03
ck_621def2bf202bae3,0,0.007224337291756402,fold_03
ck_2edc2c271acc65f4,0,0.003897733729161303,fold_03
ck_cd6dba58a70a85c1,0,0.005308670134567371,fold_03
ck_388e959ca5721aa3,0,0.014191685646345948,fold_03
ck_ad349ee40077dbe1,0,0.011811324210530045,fold_03
ck_9fa1680552ecd6f1,0,0.014665608544913675,fold_03
ck_8c9ac55e01ecaecc,0,0.006223392927765764,fold_03
ck_1d93e12f21b3fd46,0,0.6714305092234022,fold_03
ck_084410cb1ee76076,0,0.010403094893960614,fold_03
ck_c5dc11ad8ced761f,0,0.11116216143528351,fold_03
ck_5c69adb8637c6948,0,0.003375040134365104,fold_03
ck_6b2884014a57a552,0,0.002318706525301182,fold_03
ck_3f923aff76c8f866,0,0.046506658326801176,fold_03
ck_fa1e1540f1eeac8b,0,0.004881985067204363,fold_03
ck_b384ef8762928fca,1,0.0046987688905875255,fold_03
ck_23880e16a3988680,0,0.047347282512583064,fold_03
ck_4d3dff33acadc926,0,0.002463539278329628,fold_03
ck_4baaa6193d0b0646,0,0.0018997088633518728,fold_03
ck_490e035e48555175,0,0.007935055436311143,fold_03
ck_b5a7d1e86847617e,0,0.003312500969213964,fold_03
ck_a2fe5cf574f99374,0,0.011832491578554568,fold_03
ck_efd014ca50ba981d,0,0.22770554806184837,fold_03
ck_f73810768ec89762,0,0.058283792265339994,fold_03
ck_48942f9735dadd28,0,0.031385240369529256,fold_03
ck_15ff9fa74985952a,0,0.01068314900812296,fold_03
ck_5886b0cb7de1462b,0,0.0038753921430737352,fold_03
ck_c99ccb90fa8a9bfe,0,0.01319374744234305,fold_03
ck_dc4e4780b966a986,0,0.012946040156365385,fold_03
ck_43f90eb636df6c86,0,0.014589646892996586,fold_03
ck_81078980b62d57e4,0,0.048737201090084524,fold_03
ck_a0c70bc9d1de14d0,0,0.013906444129412613,fold_03
ck_b5c8a0d97f79aaba,1,0.9818457663265047,fold_03
ck_4f2e7727ee53670e,0,0.685713405524225,fold_03
ck_67ccb402646309f1,0,0.009097541931076083,fold_03
ck_36b3e3e04ca9a73e,0,0.003994209101619602,fold_03
ck_60b90ef08c98a8c9,0,0.007354180160063329,fold_03
ck_8d7b0c976bd2131b,0,0.0023112399144195215,fold_03
ck_661c51e6a5578264,0,0.01019748701988181,fold_03
ck_5e514be310520d2f,0,0.005774749908247952,fold_03
ck_723793ab0d3968d5,0,0.010428406560651167,fold_03
ck_f64f14fcf35dfe49,0,0.6724220632819017,fold_03
ck_5847d90e66ab5443,1,0.9653667742934681,fold_03
ck_3b08bbea5b4c62c8,0,0.001818648937202038,fold_03
ck_0b8e69aa4e025386,0,0.006332520011848369,fold_03
ck_4c662ef8444d527b,0,0.003599166506290051,fold_03
ck_42a20c512956b68a,1,0.024833651938120056,fold_03
ck_7669760a307370d3,0,0.003513922760222292,fold_03
ck_a5c395bcdde1a940,0,0.008298121747272175,fold_03
ck_2a6cad46cf04b606,0,0.00541294230468678,fold_03
ck_3fbca87f98c2466f,1,0.7103845895628634,fold_03
ck_a781b1f9bcfffa3a,0,0.00477349439811712,fold_03
ck_5f33a335aaffbc2e,0,0.029367367322729054,fold_03
ck_2d3b95c2da7e06df,1,0.7974124677461963,fold_03
ck_215897f16e3580d7,0,0.004987698957282892,fold_03
ck_36e51ad18892547a,0,0.06904231230733755,fold_03
ck_02963c863c996cb0,0,0.002507454003670778,fold_03
ck_9e833b56352301d6,0,0.01068050573434303,fold_03
ck_b966a0841bcd8a25,0,0.006447899646383656,fold_03
ck_f00a7e05291dd2c9,0,0.025179884858925264,fold_03
ck_dcd5842a9276552f,0,0.03605986659656341,fold_03
ck_7aecea08c4ff8c8d,0,0.00949833869413683,fold_03
ck_e36a05ee48aaf4a3,0,0.0033519218323987284,fold_03
ck_782f4205a94dd5a4,1,0.9373055409920112,fold_03
ck_e58d662521387f19,0,0.018876315042939826,fold_03
ck_9a23bb7c09c9d14a,0,0.04063123638236806,fold_03
ck_00fcd0b49cf5d1d1,0,0.009827030604490252,fold_03
ck_b145bd7ba616d061,0,0.016225674266587345,fold_03
ck_0188c8f631dde46d,0,0.018024446928413783,fold_03
ck_88abca7fd35348e6,0,0.005905489108214709,fold_03
ck_2fdc72d45df064e6,0,0.008280263293717297,fold_03
ck_b56e64274933941b,0,0.0056972035041568826,fold_03
ck_73bd21777f00a733,1,0.9918694455510075,fold_03
ck_b1011b5e3f50b161,0,0.010005543513117996,fold_03
ck_46e4b0c9f58e5aa2,0,0.01571538915731001,fold_03
ck_1ec1fd1659b6220e,0,0.014059926212152487,fold_03
ck_84da223acd4b5ae3,0,0.009469182213745476,fold_03
ck_867bce400a0bbd39,0,0.004894417490060827,fold_03
ck_cbfe0f21df750772,0,0.01015952982042515,fold_03
ck_1f9b1983e657d463,0,0.4728510712509157,fold_03
ck_4abf1f7f7626ccc4,0,0.02267822138400555,fold_03
ck_a6eccb82d5baf2fa,0,0.00395753379918409,fold_03
ck_3554a72b0c3944fc,0,0.01992709249898429,fold_03
ck_766fab807e286a76,1,0.5859060948028061,fold_03
ck_8c7e99f6f2faef52,0,0.03011130334691397,fold_03
ck_acda0fb3827ce1de,1,0.9984198023085857,fold_03
ck_298c6704a8a788e0,0,0.004773752907248373,fold_03
ck_6e01b140c7323e8d,0,0.013112633448112036,fold_03
ck_ef01a4163c51f108,0,0.0738007007097944,fold_03
ck_744fe9f9ff597e52,0,0.009785422658063807,fold_03
ck_f35e13936d54a7d6,1,0.5649060550557445,fold_03
ck_60f31cbfc1848883,0,0.00823782544948018,fold_03
ck_68bd383161b415cf,1,0.9691780384153307,fold_03
ck_3dedfb9ef5c60c1f,0,0.010143367336442765,fold_03
ck_f39926d7df748830,0,0.0025116010918638963,fold_03
ck_6efc7f4b5a79dfa9,0,0.026380742188532876,fold_03
ck_589815c0dd6670c2,0,0.002756348840614884,fold_03
ck_3ff9022c139efc76,0,0.007859391966466381,fold_03
ck_2ca5832ade8f260e,1,0.8061422764754076,fold_03
ck_e20df27134fa12d6,0,0.01712808708840097,fold_03
ck_247ef5d806e35d76,0,0.0024986332348411596,fold_03
ck_2b0075d4978a4d65,0,0.01259068338953859,fold_03
ck_dd2e2d038b592a2a,0,0.021029312473720273,fold_03
ck_24dbcd67cab777e4,0,0.004832742155200161,fold_03
ck_d22e95d49e97594d,0,0.002481149842237984,fold_03
ck_9ceb511454314005,1,0.007952110664920447,fold_03
ck_d6f1326876f21472,0,0.01290962020787656,fold_03
ck_03b044bc65ac509c,0,0.004874633518116769,fold_03
ck_283872591a00d657,0,0.03565925190486983,fold_03
ck_8f6222825e5abaff,0,0.010032749574463807,fold_03
ck_ffb8061911f7b71b,0,0.005024525574005988,fold_03
ck_88486f01ec83ae1f,0,0.014083282254768634,fold_03
ck_2db4ee809797edbb,0,0.06701512855212255,fold_03
ck_834f27ec88736e3a,0,0.007278827304960392,fold_03
ck_faf43a68eb7fa173,0,0.015560444253673105,fold_03
ck_77cf6b293ffaef50,0,0.0017686120373954302,fold_03
ck_2c7b0a369fa8c5e3,0,0.022560169600936195,fold_03
ck_bdb28f3bcd3d9208,0,0.012420327353029928,fold_03
ck_4b7b52e0a6ccd7fd,0,0.06352301822412977,fold_03
ck_1139b99fb86d2bfe,0,0.035770632907868645,fold_03
ck_e8b364b9ce3dcc78,0,0.02054857518723929,fold_03
ck_c8bb3a40d05e13b1,0,0.01868690447566747,fold_03
ck_37d4845789cbb148,0,0.01163711254309372,fold_03
ck_98fffc1df14a0c0a,0,0.0021353515550428664,fold_03
ck_75cd1b8dbe2664c0,0,0.022661290992917048,fold_03
ck_4c6b0bc47a34900b,0,0.008270902484743482,fold_03
ck_a231931aa6909d71,0,0.010485331161189474,fold_03
ck_f02ac7e8e2306334,0,0.00909971148790581,fold_03
ck_02b83c883b646daa,0,0.006711374678635719,fold_03
ck_49ff49c5af288eff,0,0.001951687654359044,fold_03
ck_9a7939b6a9147f4b,0,0.020124978509830315,fold_03
ck_4969694adf2f0d56,0,0.0059859889312213034,fold_03
ck_ab31c1ef45747467,0,0.014077807834128127,fold_03
ck_4b80cdfe4f079a1b,0,0.011342743881185858,fold_03
ck_e9ed95edb6b7bbf0,0,0.9982207320684224,fold_03
ck_707b9094df9fc2ab,0,0.011640476718618918,fold_03
ck_1eb9880e9658a693,0,0.004796253885525214,fold_03
ck_eeb51ca2ad455142,0,0.013753666778002476,fold_03
ck_7b17140b1d683c84,0,0.005997111776355606,fold_03
ck_fc80f8e28ba9c60a,0,0.0025113411147791847,fold_03
ck_9b41ac5cb4444dd7,1,0.8690887421488321,fold_03
ck_e4afb8497586908c,0,0.02270492002120337,fold_03
ck_c4a1ecc17e28a5bf,1,0.9993806491775555,fold_03
ck_3d6eb68a62ebaf9b,0,0.014532232827622532,fold_03
ck_3ae873f25731b129,0,0.07060796208612245,fold_03
ck_9b710e062fa13da3,0,0.015503437924405832,fold_03
ck_8664c4e1a0cb7619,0,0.013993995327979684,fold_03
ck_0a0fb8354cfff828,0,0.003487069275994124,fold_03
ck_92190a0c2eedeab8,0,0.01855268892756369,fold_03
ck_2488bf95b0ee46f6,0,0.011299856478207727,fold_03
ck_b9f9510caf29a340,0,0.003208168772934126,fold_03
ck_c240aa58f12ad990,0,0.004058210410153662,fold_03
ck_fa6d71a89bef656b,0,0.13460663600600303,fold_03
ck_28f80d49da25cf8d,0,0.012080735339353907,fold_03
ck_fd1f9880d5400a2b,0,0.019832701214252742,fold_03
ck_178fbf35e5e23b21,0,0.0022643541942703165,fold_03
ck_a850b1ba27bbb19b,0,0.009968714815647529,fold_03
ck_c247cac207550b79,0,0.013732838385040566,fold_03
ck_57077fc3c2750174,0,0.0021881148903211455,fold_03
ck_d291698d2ed39548,0,0.012197852364275173,fold_03
ck_03a58abff3e3cb4a,0,0.007167226605000152,fold_03
ck_28d9facdac3e0ac2,1,0.9364159105367117,fold_03
ck_6c30ee6b7b6d3691,0,0.012702225183503947,fold_03
ck_20e73979aad10e73,0,0.01925124040893389,fold_03
ck_7c4b2b7a2a3a7b32,0,0.009822045281158208,fold_03
ck_f9e9311865e96e83,0,0.11673923896622408,fold_03
ck_1d57ad5491654695,0,0.007884988767386672,fold_03
ck_d75154ea73f1bf5b,0,0.0012823886000626237,fold_03
ck_328f6540f2fd691d,0,0.019463649303265267,fold_03
ck_e2b7840a0be1510d,0,0.0025938471981984223,fold_03
ck_e8301736dccd1028,0,0.008814027869759563,fold_03
ck_d7025f2203c0ab27,0,0.004400144764341478,fold_03
ck_687fa66118147c28,0,0.017080395194493947,fold_03
ck_e9a224d9ac46bd96,0,0.00950858084820525,fold_03
ck_bcf1d0439df819d1,0,0.012174063522480866,fold_03
ck_5503be3cf62072b1,1,0.7826775829008993,fold_03
ck_30303a39854f0d0c,0,0.10454079604707545,fold_03
ck_7b73adcc1d867b01,0,0.018444299676623137,fold_03
ck_1f9c59c2eadccbdb,0,0.017393738366663292,fold_03
ck_a42fd7f682198998,0,0.07043430809185881,fold_03
ck_f5bc058b18cb2fda,0,0.011915367120331047,fold_03
ck_0bb26795b08d3976,0,0.01467449618145771,fold_03
ck_ad70501eff088f60,0,0.01617699014416031,fold_03
ck_795a33f87f4423d2,0,0.0044254789017052695,fold_03
ck_8fe85530dc944a93,0,0.001104632613079504,fold_03
ck_6cadbcafb8a20b69,0,0.018257059308946645,fold_03
ck_ec7d4073f4abe75b,0,0.0005442942778512335,fold_03
ck_a99f9e510cefd39b,0,0.02997473703524798,fold_03
ck_2b688d361f184168,0,0.01840356727275172,fold_03
ck_a2a5bf9546dd96b1,0,0.05052615666778156,fold_03
ck_07df485800f24755,0,0.0032491872825928508,fold_03
ck_d4357622c3669ece,0,0.013265301863406624,fold_03
ck_f4df2eb062ad1913,0,0.020718008994130017,fold_03
ck_f1a0eb5132b686ab,1,0.030051508998441813,fold_03
ck_790d5f3599a08f0f,0,0.006368484656301872,fold_03
ck_18a248c70aeeabc9,0,0.020377925656431782,fold_03
ck_92ec62e9d408c7bc,0,0.04067714895921935,fold_03
ck_369f23433a4b97a3,0,0.018114345791653934,fold_03
ck_1388b91f875a4fe2,0,0.009084667805148518,fold_03
ck_c6ee0bc35c00bae7,0,0.050478954069580806,fold_03
ck_678e237b7af3aa67,0,0.02432950129591536,fold_03
ck_e0af6634f1480f3d,0,0.00274336412657617,fold_03
ck_cbd9ff2a59dbc675,0,0.004623073817873936,fold_03
ck_03d984aa7e45064f,0,0.0587803877641523,fold_03
ck_9feb4e2687e9375a,0,0.019957490045768467,fold_03
ck_39a7aa3867f67c78,0,0.12997281267217872,fold_03
ck_987552a9907fcdcc,0,0.009520985929594312,fold_03
ck_cd8e61d0fe6fe787,0,0.0238711617856032,fold_03
ck_0ab2e5b257690980,0,0.040112419325997434,fold_03
ck_a423f872d612a0b6,0,0.006965453911816327,fold_03
ck_56dcb4115e6a2abc,0,0.02479312216167891,fold_03
ck_5cb0154760d140f4,0,0.0021493933062259434,fold_03
ck_abac2708d27f5c6f,0,0.018350278448528788,fold_03
ck_a0a454eae1f0122d,0,0.013992258615419084,fold_03
ck_69e4a26a1d5a7604,1,0.992758680010645,fold_03
ck_312d3a8593dfb45e,0,0.006730927124745005,fold_03
ck_067e661e6216bdc0,1,0.04113460236599119,fold_03
ck_72658fd133a360fe,0,0.003846968481909526,fold_03
ck_19a6bc0294b6d7f6,1,0.0414857629427638,fold_03
ck_edd3d399621b35a7,0,0.35483045543963376,fold_03
ck_287187374bd47bfc,0,0.4356953309051579,fold_03
ck_3c40d715bc97750b,0,0.006497172512741357,fold_03
ck_b592eb511ef9936d,0,0.10031780896892116,fold_03
ck_0b16e0887876a7cb,0,0.030020605953100604,fold_03
ck_eeb30b265d1e7bad,0,0.029488398847034827,fold_03
ck_8018ada22b3814a6,0,0.008899742198464088,fold_03
ck_ad6676dcbc183317,0,0.021598497190439027,fold_03
ck_2e180d89a14b269e,0,0.00875671936954416,fold_03
ck_2f82b784929d9d4d,0,0.006329318680855675,fold_03
ck_7a0bb9cd9ebbf1fc,0,0.00474759896264466,fold_03
ck_1944ae7ac6cae10b,0,0.03889048234206622,fold_03
ck_9200b35094637eb8,0,0.03259778038958408,fold_03
ck_7bd55a327ef174f1,0,0.07369406981673077,fold_03
ck_7b334f71f523280f,0,0.024187588419804736,fold_03
ck_3bd88a0d52681351,0,0.042096119244597614,fold_03
ck_cdecc0bffa854b08,0,0.036832236309386146,fold_03
ck_4d15eaf24cfb41ed,0,0.004253694899880644,fold_03
ck_ca5858b7d70c5431,0,0.005820665172976799,fold_03
ck_f25fc72ee48356ee,0,0.013552321616626867,fold_03
ck_37c5f947b5a4a399,0,0.02946971070098665,fold_03
ck_c6487639875a4098,0,0.13302830872801175,fold_03
ck_f411eff35c0eed39,0,0.2426155818829186,fold_03
ck_8a7036d90a0e6ff5,1,0.011197748377676472,fold_03
ck_b04c8fa905d255a6,0,0.022809939560043246,fold_03
ck_b572e2be1e06cafd,0,0.0017759340467613054,fold_03
ck_43cee5effe01111d,0,0.0007740155017791177,fold_03
ck_93ff1705dbeea9e2,0,0.0075237441578567205,fold_03
ck_ab660419232af508,0,0.020426349083704443,fold_03
ck_7fcd61d5bf816bc2,0,0.017177151439815144,fold_03
ck_e391140fb2a2ba92,0,0.05416219902452244,fold_03
ck_0da26a65d403a3f3,0,0.003428520472904254,fold_03
ck_d637ad364f0f7e0e,0,0.06674244693362909,fold_03
ck_644452d3cbb757a9,0,0.0062506452912673306,fold_03
ck_aacbc651091796bd,0,0.012932575892669725,fold_03
ck_aad54137f7e8de31,0,0.04982253423639011,fold_03
ck_6824bd4b3c05cef7,0,0.005001580504573106,fold_03
ck_3cc2fff34a23afe4,0,0.022250345253461232,fold_03
ck_ac6701db25d82d69,0,0.012240901805705336,fold_03
ck_13c4066abe9d9975,0,0.009284952031763426,fold_03
ck_945ac72f5a55f38c,0,0.03935332546784148,fold_03
ck_54bc2374f94831cd,0,0.010265742788092247,fold_03
ck_e8819ea21f708b53,0,0.06665885495473847,fold_03
ck_ee75475cec9f761a,0,0.009159010114283935,fold_03
ck_775f92f761a2c1ce,0,0.09976227656780345,fold_03
ck_81f362be8d8a66f2,0,0.11808454256401993,fold_03
ck_21d8b66e1cc9d7ba,0,0.007812368010056808,fold_03
ck_01455395e7cbe7da,0,0.0051156090289281,fold_03
ck_934a3a0399573a69,0,0.020960440514816384,fold_03
ck_d18423600b4c657d,0,0.016252357315547285,fold_03
ck_152166e3765fa01f,0,0.022651664523327918,fold_03
ck_ccd7a5d129dc4343,0,0.0032338491345978103,fold_03
ck_a8ef18dac91f6c37,0,0.012496784871709795,fold_03
ck_419fdbf530ab8a74,0,0.0016193275343673,fold_03
ck_ebf64e0184a718c2,0,0.03660317711001822,fold_03
ck_c3932d2871e4c7e7,0,0.01041013701766573,fold_03
ck_64191b936ad0e9d0,1,0.998066572889005,fold_03
ck_e6f6130b4d1fe868,0,0.022888337462673547,fold_03
ck_f478c84839e87cc6,0,0.006168642922004762,fold_03
ck_37e141264989559b,0,0.04580373228622875,fold_03
ck_8f10610c72edb475,0,0.026473127546365785,fold_03
ck_45075e1bd38a023e,0,0.00251511491343529,fold_03
ck_74138ef43742596d,0,0.007079024396123154,fold_03
ck_088ec9f727e7d1dd,0,0.004280540996521129,fold_03
ck_961f815e381bfee7,0,0.010893659507186227,fold_03
ck_524997203402b27f,0,0.002375850065851473,fold_03
ck_c8a1e1e72fb334f1,0,0.016391265341299616,fold_03
ck_4005659e33e84a85,0,0.015343389537519358,fold_03
ck_8dd890355257ee05,0,0.02344238761082812,fold_03
ck_b224c369343d7a13,0,0.025622918560016233,fold_03
ck_f5aabd8b0a50cba0,0,0.003985618396780447,fold_03
ck_d639c2b46dbc2ffc,0,0.005019791891922413,fold_03
ck_0de8237e267673c7,0,0.01138011113912751,fold_03
ck_a8141b9e0b589f7c,0,0.008965748116909441,fold_03
ck_b2f754b8720797ea,0,0.022874990298475666,fold_03
ck_2d924e9efa5fd416,0,0.047235422378021204,fold_03
ck_36a0c0507075b7cb,0,0.00761175152468826,fold_03
ck_ee0cefb79220a326,0,0.014789486434367774,fold_03
ck_8c05e4571614aae2,0,0.07658175180575194,fold_03
ck_189a40586961f2a4,0,0.0015837052207901138,fold_03
ck_d73831063724494d,0,0.01894020953977811,fold_03
ck_1817da6a052aa516,0,0.01630056327610384,fold_03
ck_21f37c3331ff0145,0,0.040375968725850205,fold_03
ck_8aeed565d0be7bc2,0,0.009564398656467243,fold_03
ck_e02ac1441af3fa59,0,0.014932231455325672,fold_03
ck_07bea26db1fd7219,0,0.013182643615068478,fold_03
ck_e62ebceb34ce76d0,0,0.003492340583751759,fold_03
ck_5d0b84e0679e41e1,0,0.014134544887017477,fold_03
ck_1a42a0415a1d7cef,0,0.02903326159377315,fold_03
ck_37a75a395694ed16,0,0.004841394498729811,fold_03
ck_f1d3b365c3ac1a13,1,0.999589889216204,fold_03
ck_6f855050462c4a0f,0,0.024526046293277457,fold_03
ck_5782d91b37e49469,0,0.019254155427322672,fold_03
ck_a1696cc25af91527,0,0.04127146335765923,fold_03
ck_756bce467742d933,1,0.3932703799353539,fold_03
ck_ee4be85c9cec0ff4,0,0.02319718876605721,fold_03
ck_5509d59bae7e494c,0,0.00902913800238317,fold_03
ck_f57921c43fafbe93,0,0.018754836586920294,fold_03
ck_2e3e2813eb34981b,0,0.016208291014999817,fold_03
ck_92819ececca6e11b,0,0.9810036286200293,fold_03
ck_7025fb6c3ba229cb,1,0.8352629382348052,fold_03
ck_87a7a879de42b80c,0,0.010949845613896603,fold_03
ck_1a1f88c684db73b4,0,0.003720932906902778,fold_03
ck_717e31dbd357771f,0,0.08814498535980847,fold_03
ck_28f067603bf53370,0,0.01446194555723457,fold_03
ck_f1306a5bb6e6fca7,0,0.01177387110938451,fold_03
ck_89017e9c62fbe7d6,0,0.004708001658789746,fold_03
ck_8d339a174f3424ff,1,0.8534553465069091,fold_03
ck_601118815ce05855,0,0.0238526719332381,fold_03
ck_85e8a9862caced22,0,0.008401127185341684,fold_03
ck_6d3cad7c41e76daf,0,0.011072766185267155,fold_03
ck_34e8b0f40aa89790,0,0.031075028484698557,fold_03
ck_abffc7b2ab94349d,0,0.01938936018637374,fold_03
ck_2292e721d245f3fa,0,0.023787275817074658,fold_03
ck_55547f915faf99a6,0,0.011632592520791355,fold_03
ck_d7daf4b569c44636,0,0.027850594967624476,fold_03
ck_027dd50cc6d1c649,0,0.01515515321448802,fold_03
ck_f3f38b57ceed5ad5,0,0.015163499338448619,fold_03
ck_2acbe2b063b5b3c5,0,0.0031778535062276254,fold_03
ck_b02b0cbb83d6e9be,0,0.006235616505597064,fold_03
ck_1874c281082f4807,0,0.004572149959559765,fold_03
ck_fc8c53ef3047f23c,0,0.002134689154873598,fold_03
ck_bfde361a65f1ae68,0,0.00959778850876133,fold_03
ck_7234c250dcb22886,0,0.0010055264085554484,fold_03
ck_7d525373eb96dec0,0,0.004989897836849008,fold_03
ck_25163ffe63a6b342,0,0.00673760888261739,fold_03
ck_b81194f8a3d4b40d,0,0.01994960417824115,fold_03
ck_5e2da7307f280977,0,0.01381242187876754,fold_03
ck_906eb72b7c24f458,1,0.9135490118202912,fold_03
ck_a0173a9dfa239db4,0,0.007095760031117765,fold_03
ck_c3257536f1e6f9ec,0,0.024550649418456666,fold_03
ck_7b50a17c0dda97f1,0,0.05243505965086374,fold_03
ck_ac030f91f95d9bf2,0,0.018442356817978994,fold_03
ck_4f8e6d21df8836e7,0,0.0009196108228896287,fold_03
ck_1ce4228aa31887be,0,0.002368691739243927,fold_03
ck_006056759164739d,0,0.012433168076969755,fold_03
ck_8f21f4d91dd87252,0,0.020511694443684628,fold_03
ck_fda46ff6680174b6,0,0.19109415736483865,fold_03
ck_9a05ac4ceed7da8c,0,0.18723685830297465,fold_03
ck_531e8e6ac81b82d6,0,0.32160163255884905,fold_03
ck_0b50083b9ba210be,0,0.001407651855845707,fold_03
ck_2e01122ea3b7b287,0,0.001617099321396371,fold_03
ck_eccd1a6ee878c170,0,0.00363042678878226,fold_03
ck_116ac0c45cef5058,0,0.05342310811013296,fold_03
ck_e8f8074479ce61c1,0,0.0028289337063008325,fold_03
ck_3bdbc44a5e3580a1,0,0.006825133389023224,fold_03
ck_78531fdd628c8fd0,0,0.00759188998440117,fold_03
ck_cc33a9b4f6674fda,0,0.02765712132485124,fold_03
ck_2c02b9f2d979a838,1,0.9883315221967043,fold_03
ck_daa022b230eb5533,0,0.544865290848595,fold_03
ck_a9717ff36135b2f4,0,0.008184031588853146,fold_03
ck_b793c195c5fd3e2d,0,0.032370103320331606,fold_03
ck_b71dbd77506c3531,0,0.04281459547864303,fold_03
ck_fced98cc43240540,0,0.0031960592361341728,fold_03
ck_0b63618f6fd5745b,0,0.011868502629605947,fold_03
ck_fc984c02ead6f6ef,0,0.031961103851393044,fold_03
ck_ea37b84b16e8cfcd,0,0.013884271889639184,fold_03
ck_309940428cc2554f,0,0.014953650276483477,fold_03
ck_95ea6dd0702fde8a,0,0.0026715507214356326,fold_03
ck_6d78cf4b47b8a333,0,0.003060790733416426,fold_03
ck_5150667372b3431f,0,0.009137952626496202,fold_03
ck_89282f767375a959,0,0.005022617534474993,fold_03
ck_291004c88fd09a33,0,0.011337644267193123,fold_03
ck_c1f6c5a502ab2ea7,0,0.0020347646606315383,fold_03
ck_c80cabc9fa755c87,0,0.009851297174389723,fold_03
ck_4d3eed4d59e51c96,0,0.003898400476064553,fold_03
ck_415ce4d2af4ea33d,0,0.00623073654351108,fold_03
ck_a703519cd60a30e7,0,0.005412582005097099,fold_03
ck_f8b586652a82821b,0,0.005438918300294199,fold_03
ck_16047881a2f816e8,1,0.9383618186341691,fold_03
ck_3c3f66e641f76914,0,0.011052904672228237,fold_03
ck_3f344dda6267b0c2,0,0.0066718083721299115,fold_03
ck_31448876671e5522,0,0.012784523745650308,fold_03
ck_836cda523961f302,0,0.005650096369528172,fold_03
ck_56b95c7f8277d860,0,0.006448236533659663,fold_03
ck_56dfa6742b800abb,0,0.015474342585999985,fold_03
ck_ba76f1c5c6c8e95d,0,0.003975892406013763,fold_03
ck_df69102ffc4f8686,1,0.8014876705783174,fold_03
ck_bd640f354644c84d,0,0.0022533391276860063,fold_03
ck_d471fccb1d48c891,0,0.025807085742316854,fold_03
ck_9b6c253b10c48446,0,0.11963413636736779,fold_03
ck_a7ef7b529d0a5ec8,0,0.11167953558715353,fold_03
ck_1786275d4d6fe03d,0,0.02652905523928071,fold_03
ck_87277ca8d7a9eaa0,0,0.013818583404503811,fold_03
ck_144793b4c7aa021c,0,0.020482506032498276,fold_03
ck_a0f40b106fbf42e9,0,0.03638065486452266,fold_03
ck_d8a84678c64e9250,0,0.01702224554269996,fold_03
ck_a1829c665e34486d,0,0.005094984260959577,fold_03
ck_73fb125d4122f37e,0,0.010668415209515095,fold_03
ck_78b6e87b441314f0,0,0.026238056470382187,fold_03
ck_4b54b41ffb0e12e1,0,0.009698495861495952,fold_03
ck_ef88d56527bfc6ec,1,0.9996795087821652,fold_03
ck_a259804dccdd770d,0,0.010080804621496757,fold_03
ck_0877ed476859b042,0,0.010392033333505937,fold_03
ck_e5b58a66a39a22f6,0,0.8048008058207151,fold_03
ck_bddcc9081bc8c819,0,0.0020180606856931163,fold_03
ck_4a35437a91457b9f,1,0.13348451736137143,fold_03
ck_d497eb1bdb2c8b36,0,0.12151480622697183,fold_03
ck_251d640d3b1c573b,0,0.006207197548979278,fold_03
ck_e0232d4c7cc6b0b2,0,0.035933729699425786,fold_03
ck_ed1f608ace9cd559,0,0.0037763701137011065,fold_03
ck_1b9d12a06d0d1867,0,0.022888339379308252,fold_03
ck_01d563a6a5518324,0,0.10984916186738741,fold_03
ck_76f9036807d81e30,0,0.020017483186580424,fold_03
ck_17b4141a970988c1,0,0.0018019650525249974,fold_03
ck_5390966a755f55d5,0,0.004673577612832995,fold_03
ck_1d697400f53622e0,0,0.0038842734795945452,fold_03
ck_d7f9fbaf89b4ef6a,1,0.7932319833343899,fold_03
ck_f89ba9637a1a118d,0,0.047554224459824664,fold_03
ck_6c71e0c734254713,1,0.08712472535399016,fold_03
ck_24dab913cce26186,0,0.003949754378127203,fold_03
ck_1416b6d07c0d4029,0,0.005018704982283014,fold_03
ck_3928916746e8484b,0,0.020467628455549114,fold_03
ck_784d2e6360121c65,0,0.01267226551083105,fold_03
ck_41454909da072be0,0,0.021565025345687962,fold_03
ck_d108f3992341fd58,0,0.019147558849022823,fold_03
ck_8cb65f3448a09f89,0,0.019036388091731568,fold_03
ck_9c9604af8b0bd5fc,1,0.8234387821052486,fold_03
ck_74a189fc8b35950a,0,0.028626493882869884,fold_03
ck_45b7e32346184295,0,0.09823051287062878,fold_03
ck_756dbfaf8393c0c7,0,0.004882721792820147,fold_03
ck_a2da8451b556d8b8,0,0.008793556193772398,fold_03
ck_d76f72d71ee83952,0,0.009899550151012152,fold_03
ck_15f6d0c48e385805,1,0.9995308991137484,fold_03
ck_15152e503a6435e7,0,0.002426882332853557,fold_03
ck_238a78128252869b,0,0.005917139763409416,fold_03
ck_173e42f9167e7f7e,0,0.007840236433639068,fold_03
ck_3664ad57291f8f90,0,0.0029049957636720224,fold_03
ck_1fe61d7369c5853c,0,0.013739552701687694,fold_03
ck_40714b4e9d67567f,0,0.04408454294830613,fold_03
ck_bb30266469ecc180,0,0.02971209893581692,fold_03
ck_e56b5c9e17af9164,0,0.005606922758874267,fold_03
ck_d378860102bbeba9,1,0.9707729938382789,fold_03
ck_1eb975f7134bd124,0,0.015573778502627578,fold_03
ck_b1c22758aae2ee4d,0,0.0049098044377691415,fold_03
ck_78f89569f8234908,0,0.0016901787370106633,fold_03
ck_725c75a4728e4743,0,0.0027080275661434247,fold_03
ck_ed249dea99b29678,0,0.9484067475917587,fold_03
ck_06e30efcb89eb19f,0,0.03223948264444446,fold_03
ck_3518d2f523fb2651,0,0.030565240132529602,fold_03
ck_f73eb321e8d0d973,0,0.018050315629002264,fold_03
ck_323fb90f8f1bb402,0,0.004108678745634878,fold_03
ck_0edc6a63a9a7c55b,0,0.002338577536676694,fold_03
ck_4f7147d613a0cc1c,0,0.0219679065655285,fold_03
ck_8cc1b54cfa7d6394,0,0.004453560935434204,fold_03
ck_0e4c69f5e556f4dc,0,0.010677225682287747,fold_03
ck_75308987582f992e,0,0.012575648342849393,fold_03
ck_42ab1b544c03cad2,0,0.009862296032938013,fold_03
ck_8152fa6f46ad74ee,0,0.003166929030461512,fold_03
ck_c2849915412ff0dc,0,0.021838533857944147,fold_03
ck_a59ea2756253b61e,0,0.008234818454973678,fold_03
ck_ae40fa0f032ac089,0,0.009144247935898502,fold_03
ck_5fee27f028094a0e,0,0.004626639077264265,fold_03
ck_108cce31dfaa8e1b,0,0.003799240782911203,fold_03
ck_230a1f32747216c9,0,0.025466376844082626,fold_03
ck_51c5dce8530b9c52,0,0.006489077055925758,fold_03
ck_8d2db609a22dcf26,0,0.006430490690618453,fold_03
ck_c9d37aaa1ccebf67,0,0.06086051266605445,fold_03
ck_aae21681a09ebf47,1,0.9854278707050799,fold_03
ck_202705881e64a702,0,0.008415648162580742,fold_03
ck_86ffdd95d91d7ff0,0,0.019929547668050943,fold_03
ck_612f03e9cd1abf90,0,0.028982689066854493,fold_03
ck_21ff53e7194a31cb,0,0.018831189361577398,fold_03
ck_431953e2c1f9c04c,0,0.07519920746236723,fold_03
ck_69f0bb204be990fb,0,0.006443529906325693,fold_03
ck_7a458ab8d439efd9,0,0.010005143963708123,fold_03
ck_1e42b8ec4d4f45c5,0,0.0025824974748932398,fold_03
ck_870b6e30acc6ece0,0,0.010223204449333672,fold_03
ck_c7d428355ba46241,0,0.023338049955259593,fold_03
ck_248ddba0f3cf3571,0,0.011658223293857352,fold_03
ck_08e552ff401d372d,0,0.006374570711951873,fold_03
ck_55b99ec4198ea1d4,0,0.00607211467650551,fold_03
ck_1e9cd9b3505a22c4,0,0.12347604669791347,fold_03
ck_edd7da01578fe492,1,0.6017465081758681,fold_03
ck_6fdf690ee5255e22,0,0.019261301378354745,fold_03
ck_0930f062b1a448c0,1,0.7342102404666973,fold_03
ck_2f323405d1cc63bc,1,0.9906086680507787,fold_03
ck_1226e788ef2a15f7,1,0.11815139870998313,fold_03
ck_5ba826202756d1a4,0,0.003084279803304239,fold_03
ck_e97a9e9a0fd4dc8b,0,0.003961928542045952,fold_03
ck_efdd9a438df50bde,1,0.9513535282363029,fold_03
ck_1613e665629dbef5,0,0.013039529849475878,fold_03
ck_a2c4d167228528f0,0,0.0023064223780808516,fold_03
ck_9323822ebb878677,0,0.015337273384782666,fold_03
ck_1c576a005ecbc36d,0,0.015477974143600286,fold_03
ck_dc613cf6974ca95a,0,0.02749334555799606,fold_03
ck_e0ec902b9e9ce693,1,0.9262024084879519,fold_03
ck_5c22c5ccbdd6edf3,0,0.01360708511643963,fold_03
ck_14be5292df14bdcc,0,0.013014942989842807,fold_03
ck_5b4c2cecc042e4af,0,0.16924563110932697,fold_03
ck_154272eb3de4cc96,0,0.003959955698782283,fold_03
ck_2488a0ac4cd3625f,0,0.0047018622150207185,fold_03
ck_ce684cd97f9d0436,0,0.022468965646494865,fold_03
ck_326a00f47fa275ad,0,0.0893203475367066,fold_03
ck_5fdf4fe2c4cd3836,0,0.010288469243137494,fold_03
ck_7300d219df06f58a,0,0.017589764832620126,fold_03
ck_67600b58541da557,1,0.9467268980146519,fold_03
ck_3d651fb51d601c7f,0,0.003224671101276688,fold_03
ck_ad0bd2e17249de4a,0,0.010720949872422511,fold_03
ck_a00b51c32ee5dec4,0,0.0033270686094589506,fold_03
ck_5dd4fc86e1dac54c,0,0.0032620903916041077,fold_03
ck_968637c225e44882,0,0.017713906708616466,fold_03
ck_8c02cae731a1d1f1,0,0.013300660468322336,fold_03
ck_f4ba06f2953ff572,0,0.006385320022831749,fold_03
ck_18090ffba80e7341,0,0.01426836550023281,fold_03
ck_9796c0809d909a50,0,0.0015500654895901863,fold_03
ck_9977f39dd0e0c8e2,0,0.0009007851508176154,fold_03
ck_92f56e4810e08b94,0,0.037172401189436835,fold_03
ck_32561535d04851e9,0,0.006331040522150163,fold_03
ck_3145189a04191e07,0,0.020675792435680136,fold_03
ck_330dc185d4cfe4ad,0,0.025768785959412482,fold_03
ck_28ed5d7c07cfb8cf,0,0.005731625165770539,fold_03
ck_bc38b0f3286eee65,0,0.007725139059918768,fold_03
ck_8a561821b0bb536b,0,0.046613876971408306,fold_03
ck_cfeee4016f167cce,0,0.003347727442630909,fold_03
ck_a32faa2630e5dc0a,0,0.004531269240766232,fold_03
ck_7494857205d3b1bd,0,0.38221785978419653,fold_03
ck_66124867c75b6a86,1,0.9998358423980552,fold_03
ck_7841e5ea9515dc9e,0,0.0412920356499093,fold_03
ck_daf7e1fd3d95f5af,0,0.0011007897265819541,fold_03
ck_f119dc375ff71e50,0,0.012497152911165496,fold_03
ck_ebe6e0a16de1f029,0,0.014564556046234965,fold_03
ck_12baefd1039fd7d3,0,0.005048527189792731,fold_03
ck_93d03417f4f2cfd7,0,0.004648777971163526,fold_03
ck_7dbb514513a313da,0,0.023462868143836683,fold_03
ck_e42e95c0167b667a,0,0.02038035264198257,fold_03
ck_7f0d6f48a8a3f4dd,0,0.017183143095654697,fold_03
ck_41b16a01e47461e3,0,0.006561317115710063,fold_03
ck_e18b54463dca4c02,0,0.013181337111046331,fold_03
ck_2c5cfa809f22dcda,0,0.006346642133654855,fold_03
ck_608053ee70783e0b,0,0.0018683857545979837,fold_03
ck_118c858c074b72ae,0,0.009073441160123298,fold_03
ck_dca0d01e25c6e274,0,0.0223610802273181,fold_03
ck_6c62119630a2a827,0,0.007766561846576161,fold_03
ck_7bc0ebe1cb529b67,0,0.019011835707676478,fold_03
ck_b48bc88b905b2486,0,0.01648806343316112,fold_03
ck_0d008455d7b2f83c,0,0.12366839411134051,fold_03
ck_03d8ef3acfa4db47,0,0.026056938925726535,fold_03
ck_a953b179e252e1be,0,0.7109410787751935,fold_03
ck_c73cde870a65af3f,0,0.00983105824423818,fold_03
ck_3ba28ec3de8e3db8,0,0.10139887701497349,fold_03
ck_1c27fd7cb04ff01e,0,0.010097318221463984,fold_03
ck_8742cccecb4064f4,0,0.013337773537606656,fold_03
ck_2bb512b98c5c8599,0,0.9548336861171408,fold_03
ck_3eeb9276ff4ac9cb,0,0.03351220759353954,fold_03
ck_75049423ea12a4c3,0,0.03816259996476134,fold_03
ck_f2ebd07071f53290,0,0.019551645096628344,fold_03
ck_7b4a05b323da895d,0,0.012595550029899592,fold_03
ck_7002254c89013b10,0,0.005116437961001428,fold_03
ck_2e896ba59a7975a2,0,0.012237925942956428,fold_03
ck_07d8bea9a02d13dc,0,0.01569746921336093,fold_03
ck_ddafaa7caa2fb676,0,0.010100693245612833,fold_03
ck_8e3ae0718078f385,0,0.017384527850968317,fold_03
ck_6ea8c40e1eebc3b3,0,0.008780518346952112,fold_03
ck_67e7da8fcd75842e,0,0.002955246074601313,fold_03
ck_2ed7cf7886d28386,0,0.4220911542960876,fold_03
ck_4aa73e387fc2bf77,0,0.003935788158020465,fold_03
ck_e5286d8941e5c3f2,0,0.0029091045377032153,fold_03
ck_3b5daa5a0ef094a3,0,0.06582782752174018,fold_03
ck_1430d5ee8b07ab72,0,0.0025741201072237954,fold_03
ck_d48754ee04f5eb36,0,0.022502511400744055,fold_03
ck_1f14da2bd96b78b2,0,0.15036942249161045,fold_03
ck_8bcec0b37a7f01cd,0,0.03296363066230619,fold_03
ck_071c60dfd9a34f12,0,0.00931299994943361,fold_03
ck_c8b0dc97a628dae0,1,0.5689360665206917,fold_03
ck_2142fe1546125af4,0,0.018116089917555648,fold_03
ck_b6e8643f8e4cb9ee,0,0.005066906222220216,fold_03
ck_913894e1c8583d02,0,0.0985697111456296,fold_03
ck_cf861b32a244668e,0,0.015346062809045536,fold_03
ck_0ccff3e9384d0925,0,0.005126201296446184,fold_03
ck_52ce44d01366cff9,0,0.03957219105907496,fold_03
ck_59fe9f9ceb46042a,0,0.03924671401378398,fold_03
ck_e200f3df4b088a74,0,0.004928528240922534,fold_03
ck_0f33b60f1fef0db5,0,0.012638598740350336,fold_03
ck_fb4396c13741e638,0,0.03312493792584093,fold_03
ck_5cae73cabfa3f6a3,0,0.003476880463646432,fold_03
ck_0d9a1aa6292cb74e,0,0.035234476044024535,fold_03
ck_55a0a9628567d236,0,0.01811017222689108,fold_03
ck_da3377bde2ec9194,0,0.02131475367434445,fold_03
ck_1b2b5a7321fd96e4,0,0.0010429999717069946,fold_03
ck_9045354f00e92239,0,0.0016506601055353081,fold_03
ck_418e41e2226c7245,0,0.06980767958004284,fold_03
ck_d5e51a083a0ef3a3,0,0.0015798390311516808,fold_03
ck_586ea27f63bb11f3,0,0.004214809849635081,fold_03
ck_27ec22b644e3b430,0,0.012025114647417779,fold_03
ck_7d0df440124c93d1,0,0.02628887220107526,fold_03
ck_4198d5c61b7609a8,0,0.005873414025433445,fold_03
ck_17d7081cec0454a5,0,0.003155180295135762,fold_03
ck_c11d29713f77849e,0,0.02898455970868174,fold_03
ck_fe895a6d092c2065,0,0.025670546035844795,fold_03
ck_a3b0d066ad2a58f7,0,0.014732994971219222,fold_03
ck_a15d43e4067b9799,0,0.0037798218585588243,fold_03
ck_ef22893df0531817,0,0.03200839135975853,fold_03
ck_480e28987b5372ee,0,0.0026081161486028247,fold_03
ck_0840ca2f4e5d1c4d,0,0.020601641442406952,fold_03
ck_91f8b7f8353475f9,0,0.003085321540972985,fold_03
ck_b7b4f4561a6911a0,0,0.02366160491783259,fold_03
ck_321397933afbca12,0,0.007648911545298103,fold_03
ck_cd73b9d5f37c8458,0,0.004649365391886591,fold_03
ck_f5a5cbfaf103b1aa,0,0.028869047360472896,fold_03
ck_58b51195befdc90a,0,0.008402049895028994,fold_03
ck_d433646aef1529b5,0,0.001941334036717994,fold_03
ck_b9079f51903432fd,0,0.021183733956076905,fold_03
ck_638e61d382989385,0,0.006286587901605466,fold_03
ck_b2322a25b900f8ef,0,0.03249423325190006,fold_03
ck_5764b25b905ede53,0,0.01609909598742211,fold_03
ck_876a7a578958e869,0,0.017229814318932862,fold_03
ck_8966dda4bb044c2f,0,0.0029105066076918515,fold_03
ck_1bbc809e02fba4b0,0,0.02709715904963935,fold_03
ck_3d9785858a23d82d,0,0.013174669996512688,fold_03
ck_8c493437b8dddde9,0,0.02475023792796818,fold_03
ck_291365116dbcfc0c,0,0.001947195978804123,fold_03
ck_4d6b07854c1cea1e,0,0.002903141895076424,fold_03
ck_92c7ba0f8b84e77e,0,0.07858123598900145,fold_03
ck_095f57b9b97523db,0,0.006954351267223285,fold_03
ck_323c5c672cc5e926,1,0.9906043323224853,fold_03
ck_a91800f9f4863561,0,0.04232261096574634,fold_03
ck_69605007a275459d,0,0.004342739194115964,fold_03
ck_2559423f37360ac7,0,0.007557879301916468,fold_03
ck_606bdf9c18b3855d,0,0.005890332761108018,fold_03
ck_0e5644b6f202c28a,0,0.004248957349060852,fold_03
ck_bac5845c0e1bf07b,0,0.011197322444227869,fold_03
ck_0dde5773b7b8126f,0,0.010125672732432353,fold_03
ck_be1fd29bc93c82e7,0,0.008483123125240858,fold_03
ck_a4e449ced1212469,0,0.006643033275094884,fold_03
ck_41200b7ca64be6a7,0,0.01888985339755877,fold_03
ck_a4a8f0fc98137e11,0,0.06363877093583878,fold_03
ck_4cd870d1657502a2,0,0.021379697526192624,fold_03
ck_a5ecad1081bef1e8,0,0.006521132362320347,fold_03
ck_b46082699a9c9b8e,1,0.08070350120617602,fold_03
ck_31a17ea420d4644c,0,0.016564497652468573,fold_03
ck_5202bd69a13fbbc0,1,0.21873895117411904,fold_03
ck_de7266086ff18a46,0,0.006923891585348484,fold_03
ck_1eb31ea5200408ba,0,0.008701408420408651,fold_03
ck_90f36656e3e0a023,0,0.007948906997961075,fold_03
ck_4895b4794d6e6b31,0,0.028945811090750426,fold_03
ck_e6028b20bd70c113,0,0.022625690322056146,fold_03
ck_e958e226a6b8e6dd,0,0.003995559367955396,fold_03
ck_d44aeaea11262214,1,0.9916261169676739,fold_03
ck_4524b4f505007ad5,0,0.24843748128950321,fold_03
ck_104197a3da290530,0,0.006456338946139226,fold_03
ck_e8c414210ac8ee9d,0,0.05667536408198609,fold_03
ck_e14e021a2a607abf,0,0.005210523002510093,fold_03
ck_d3f2bd60ab640e8d,0,0.002260054044348217,fold_03
ck_ec3d5d188e009f6b,0,0.012855135976775709,fold_03
ck_f75a0bd5a0f8735f,0,0.026792173039235482,fold_03
ck_ca4a8e9b76066085,0,0.02091378139064301,fold_03
ck_8cac146a01259b11,0,0.04414114913668617,fold_03
ck_544fbcf79e931047,0,0.01743094579982549,fold_03
ck_6c1c8ec514f9c037,0,0.019601944166110188,fold_03
ck_76bfae2efb2f2f96,0,0.016209913892733477,fold_03
ck_3170b36dc6c45996,0,0.020713450522957307,fold_03
ck_bd799cc37c580461,0,0.014446158139088183,fold_03
ck_de234c3690213c7e,0,0.004893913288045709,fold_03
ck_4b1cfc9cb57c5552,0,0.00857553736865216,fold_03
ck_33cc85eec07bf452,0,0.015439301380774323,fold_03
ck_2a238ec6dbc3face,0,0.041751749129465346,fold_03
ck_ed57ddfe616f006b,0,0.017898600730366216,fold_03
ck_0df4375267d4944c,0,0.004702657780912078,fold_03
ck_b7723df36e960e88,0,0.008702801019447964,fold_03
ck_4c8f7c441a9527b6,1,0.8720527170545519,fold_03
ck_4cafa4a6f2459c50,0,0.016196187947577902,fold_03
ck_a03514f5252db85d,0,0.0051462047655122575,fold_03
ck_3605e05ea6fee2e7,0,0.012481614524604423,fold_03
ck_974f7840f01e6f9a,0,0.04974897247998325,fold_03
ck_b75b92a1db8baee2,0,0.06084813090367889,fold_03
ck_8e9458586082c582,0,0.02047612325490274,fold_03
ck_45db7638117b4664,0,0.011751519701511103,fold_03
ck_1b2588f69b7929c7,0,0.0073221237766836825,fold_03
ck_da7072680037efaa,0,0.018482580486211035,fold_03
ck_a829e7ac527dc255,0,0.07640545407125811,fold_03
ck_f20c24996cc80424,0,0.03649920213509416,fold_03
ck_032f6ea21bcc44d6,0,0.0030491742586875874,fold_03
ck_609a7d1219e47cde,0,0.0216020780916573,fold_03
ck_6afd3bc7810942af,0,0.06605722676425065,fold_03
ck_fcd3e15fb5e0f9dc,0,0.23727064241176538,fold_03
ck_c8d207742181c5d8,0,0.00953740350122813,fold_03
ck_434870b8a67a8426,0,0.0033769453070860832,fold_03
ck_26acc8be0bb9d8c0,0,0.02921693497470914,fold_03
ck_dc9ce8cbd305926e,0,0.01495797426532536,fold_03
ck_79f6ecd48a23545f,0,0.001295135179393364,fold_03
ck_cf3c430f83e051cc,0,0.007766810963972873,fold_03
ck_f089cb634e530baa,1,0.9368567889875106,fold_03
ck_e89696fb084ebc89,0,0.2837907416253418,fold_03
ck_16660a63b8b36641,0,0.006395609893813489,fold_03
ck_d3b021c6f9cacb61,0,0.005877351484022422,fold_03
ck_73dfdb6154749a39,0,0.001854394660770301,fold_03
ck_6b44ca33e112b1d3,0,0.008265136283669677,fold_03
ck_13a0fbe666761b49,0,0.018369119693847996,fold_03
ck_a47df7b6b3b81be9,0,0.021348365367010014,fold_03
ck_5a22cd36600db67f,0,0.007359509610833464,fold_03
ck_442aeb8e214c1bb4,0,0.0038422673377074288,fold_03
ck_64e291a95b635809,0,0.011744690573655929,fold_03
ck_e9ca0bfa99bb4d56,0,0.015019283895728866,fold_03
ck_74f206fd77e110a3,1,0.2899704600781051,fold_03
ck_a5a9ed09031d8db4,0,0.010299012553977555,fold_03
ck_f5cc52e7b83bacde,0,0.007354586649243512,fold_03
ck_ed00b4ec74ec187b,0,0.022947155596377368,fold_03
ck_437dd1510f65fde7,0,0.09358958791605855,fold_03
ck_6c82866bc3d6409c,0,0.017877398759029977,fold_03
ck_1958ae3202415f42,0,0.004149796878776534,fold_03
ck_1d6769d356177a03,0,0.013091539178269836,fold_03
ck_4b1382d876753723,0,0.01627405685378448,fold_03
ck_b797968fdb6088df,0,0.003064569068944522,fold_03
ck_1e800a125db5b396,0,0.028800880853753888,fold_03
ck_21e03894514ac61e,0,0.014171435992844853,fold_03
ck_24676025d8c65648,1,0.9975309995905588,fold_03
ck_428ac15f21d49bc1,0,0.0009159878699981952,fold_03
ck_eb390768db44c5c7,0,0.015387816495410283,fold_03
ck_e4284e0a126035c4,0,0.021722428491505543,fold_03
ck_7bfbcf7764be5f7d,0,0.08110067368123754,fold_03
ck_ab529638ba0900f5,0,0.008370680620250084,fold_03
ck_82b628e294128922,0,0.021480152058023734,fold_03
ck_6e6f42cc85a02080,0,0.007347949214014076,fold_03
ck_2bae2abbca3e3999,1,0.6979865797065046,fold_03
ck_59fd76bf8d3ebd64,0,0.03295472935883174,fold_03
ck_2452ea04726b8ae1,0,0.013331048334863359,fold_03
ck_8d7ccaffcb1afaab,0,0.006151142975259587,fold_03
ck_67b25e9084ebaaf8,0,0.0040946215195516375,fold_03
ck_6609220ada441d88,0,0.041034565000136525,fold_03
ck_422577508eb774b8,0,0.03886646361733718,fold_03
ck_10f7bc2278d1b312,0,0.0009210896347640358,fold_03
ck_113c87670a7040f7,0,0.9242058792759575,fold_03
ck_f7100769b3c1a6c1,0,0.004485093816821613,fold_03
ck_d1a55c8ae6f4e7ca,0,0.004231034114408086,fold_03
ck_f3de4378280a7d52,0,0.004820636355246264,fold_03
ck_2c86d0a3f92dd6f4,0,0.0029756211171919193,fold_03
ck_21895cf22ee983c2,0,0.009540373090020572,fold_03
ck_05dcde033f6c4af6,0,0.004802457784891637,fold_03
ck_e33d56cc7cd2a5bb,0,0.020959520867694294,fold_03
ck_72b064149615efc0,0,0.009319366661512448,fold_03
ck_0277e18e8035c722,0,0.026974260480003485,fold_03
ck_876ed074cf7671c6,0,0.007909835668072795,fold_03
ck_45e553e5b750a705,0,0.013221552909961454,fold_03
ck_2572425dc385c19e,1,0.8840732624217634,fold_03
ck_f0df511999cafa6d,0,0.06868980253876927,fold_03
ck_3fd09b6dac70b370,0,0.0025281143203532094,fold_03
ck_f13e162bf329fb0d,0,0.0035346033194687764,fold_03
ck_72790968b89f5bbf,0,0.035297380237423584,fold_03
ck_39ffaea293c60efb,0,0.3588633309366181,fold_03
ck_1834c5d1393b83c5,0,0.006548415822017281,fold_03
ck_210e8021b93a0c1d,0,0.006716469624479876,fold_03
ck_5f91cd7554fd1274,0,0.005502083440127293,fold_03
ck_72f100a3949846ab,0,0.0428411094375288,fold_03
ck_fb19a747b1ca985f,0,0.0013288498766016138,fold_03
ck_071be00ec0cf7055,0,0.027356001022883113,fold_03
ck_4427910222925d26,0,0.012807314425637168,fold_03
ck_29b5d012ae8057dd,0,0.015563154678027871,fold_03
ck_ec86c87ea3a8fe40,0,0.008291432608205621,fold_03
ck_fa207ab2a0283947,0,0.00614326906929059,fold_03
ck_2ac680dddacf0ee3,0,0.0029768599835931714,fold_03
ck_ea76c20f6a5ddf95,0,0.03886302737922128,fold_03
ck_7ebb51fe91246cf5,0,0.004854479381891497,fold_03
ck_213fcc239f67793e,0,0.004879725528176167,fold_03
ck_abfe71734700d953,0,0.030394485906252655,fold_03
ck_68e57b47691d4191,0,0.009400993890721621,fold_03
ck_89888ef4cb5ab669,0,0.07673860190561138,fold_03
ck_6a0a78f19df5ad9a,1,0.9735250718995977,fold_03
ck_10d3cf78050de7bc,0,0.020635859371433495,fold_03
ck_c17cc8f969e5ed23,1,0.01974532772674436,fold_03
ck_4995b926cfe6019a,0,0.014716559130969158,fold_03
ck_a5e35af1f3d2207b,0,0.004648531301419224,fold_03
ck_6e9be1a2d0e537a1,0,0.008708062691930266,fold_03
ck_a4fc6701eceed03e,0,0.027607046883612162,fold_03
ck_02bec476a4f56ecc,0,0.030087159403770356,fold_03
ck_fdcfdfd51aaa43d8,0,0.034764524804286615,fold_03
ck_2ef350b471b298a2,0,0.002323847977049121,fold_03
ck_4320e105cd53a0bb,0,0.007533779262920635,fold_03
ck_09e4f2e529f494bf,0,0.015242771366390741,fold_03
ck_2c310cbe904a50ef,0,0.005702715197076093,fold_03
ck_7dfbd111aeb6b13d,0,0.041018105460349404,fold_03
ck_d341613f15354fe7,0,0.1350615784485283,fold_03
ck_8cd2f960812669cc,0,0.012609094249097421,fold_03
ck_b2b9a278dbf2d288,0,0.00944834242792142,fold_03
ck_6ddfe552d4c5e14d,0,0.01227469724225738,fold_03
ck_667d6c87270e910f,0,0.002920723710396095,fold_03
ck_248140e42866269f,0,0.024359374994244152,fold_03
ck_a983a93664ce9ca0,0,0.047549447451727886,fold_03
ck_c63ce85da5e415e9,0,0.03671415103381288,fold_03
ck_bb4d83118519fc0d,0,0.0041678596969273295,fold_03
ck_cccd2bfced5710bb,0,0.009287485510775817,fold_03
ck_81442c7b1ac58cf2,1,0.9980595494484963,fold_03
ck_2c90cc902bd2b774,0,0.2549289365599036,fold_03
ck_b35587a12ec43377,0,0.017061221175003593,fold_03
ck_773fa184affa5680,0,0.08971844298029995,fold_03
ck_8e05fcbf74ee164e,0,0.029421973693743973,fold_03
ck_6a9a4713af1cb8bb,0,0.020472950443796243,fold_03
ck_f93905ee30ed3657,0,0.05483246319047046,fold_03
ck_d0278e10307410e3,0,0.004658754043132493,fold_03
ck_7dd25c5cc12e8800,0,0.004845330096241417,fold_03
ck_57d3f0ebb8fce433,0,0.028497237778316687,fold_03
ck_82c3462ea50e842f,0,0.00968909376196988,fold_03
ck_cfb71954aaa20eb2,0,0.016577943280794476,fold_03
ck_20b362d85cee6758,0,0.02163097546986091,fold_03
ck_97e6ba4c9e0519c5,0,0.07731383316751944,fold_03
ck_bd65889c8bcedc62,0,0.015586927543723653,fold_03
ck_62ac8fa182ef1689,0,0.034111724150765195,fold_03
ck_2f5359fb0038d677,0,0.008907401177448822,fold_03
ck_88565ff42dd172ff,0,0.019324577929358065,fold_03
ck_395ab931cf8766c4,0,0.005319453170339725,fold_03
ck_ee3117f9deda69af,0,0.025221388133971477,fold_03
ck_45649ad031b5da3a,0,0.016511418448702315,fold_03
ck_55f032d6cf18b6e5,0,0.019759370559187188,fold_03
ck_552033fca89bb79e,0,0.034558684171055364,fold_03
ck_a404abb0c58382a4,0,0.01510939975540716,fold_03
ck_8be4011b99bce80b,1,0.8821276957328598,fold_03
ck_86ad58aebf77b1c6,0,0.03792915863620737,fold_03
ck_0fdd956021da2ec1,1,0.9967728922313704,fold_03
ck_e0b028f6c17f31f6,1,0.9994334163219917,fold_03
ck_5f34b09aca627e8e,0,0.029677124459799344,fold_03
ck_a4255b9233c7d53d,0,0.09110464265732052,fold_03
ck_08a3c8e8817c57fd,0,0.007803628193371689,fold_03
ck_5614c3ccf41d4dac,0,0.01182312855089216,fold_03
ck_bf26308585ce5fe6,0,0.006638764356303723,fold_03
ck_b089e5e99aa8752e,0,0.016106139841202335,fold_03
ck_62b440b2e08e4d18,0,0.017555655829545137,fold_03
ck_a9cf7323c6d5971b,0,0.05249903248679388,fold_03
ck_f4c1106cf15527aa,0,0.02251487761081917,fold_03
ck_737a8386ea3fc093,0,0.012369027938179799,fold_03
ck_187c4f4721cdecb8,0,0.026488951093424293,fold_03
ck_062e451348cf832d,0,0.025671118050272508,fold_03
ck_6a6d26b3ea549a15,0,0.04809513525495222,fold_03
ck_97feaea2f7f4df95,0,0.0060270042762369195,fold_03
ck_f19d9276bcf45e12,0,0.005096156159468951,fold_03
ck_5e03da9d300b2a1e,0,0.011916352562522957,fold_03
ck_828f05336b89a704,0,0.004748363305242422,fold_03
ck_ddffb1eec901dc74,0,0.023892951095512826,fold_03
ck_c2616c7e2e45a76f,0,0.02298874152388523,fold_03
ck_fcc087aba8f6c5ed,0,0.019479199850908385,fold_03
ck_ec6ce546b54e3a5a,0,0.006953392597543533,fold_03
ck_0dfcec50656451fc,0,0.02724966040387705,fold_03
ck_a60dd0b6119bdbbd,0,0.005389765498209571,fold_03
ck_f02614ab5b26bc24,0,0.0014858429726446157,fold_03
ck_0b3cd75ad25f47f5,1,0.7398214662105105,fold_03
ck_32afb201fae486d5,0,0.010969903015396883,fold_03
ck_d7f6e802c8449cbe,0,0.0063061342278080915,fold_03
ck_992b7d88eeb059e3,0,0.0056645439058199305,fold_03
ck_c198d3b66286f7cb,0,0.019804975600329143,fold_03
ck_87c815704e0d915d,0,0.009000446161941827,fold_03
ck_43603cfd2dc89092,0,0.005299058565791922,fold_03
ck_98240eea6fac9433,0,0.0751994796894324,fold_03
ck_693ce9845e66c6b1,0,0.002931717711246716,fold_03
ck_2e022287b27c17a9,0,0.0038966975141109103,fold_03
ck_22bfa88d9df1c976,0,0.0030317743253323237,fold_03
ck_4428696549eb3560,0,0.022895619903620178,fold_03
ck_f88084dfc9ff930f,0,0.010289493661611207,fold_03
ck_972bc8aded89641d,1,0.9890908505457732,fold_03
ck_51ce1186923e99df,0,0.04751302642125985,fold_03
ck_96799b28448faccd,1,0.02369789374763426,fold_03
ck_d3e953e6243e5014,0,0.004344602752165369,fold_03
ck_07eba6d8facd5aa3,0,0.008779958864478608,fold_03
ck_6fa5415692b60d2d,0,0.019754119771693147,fold_03
ck_dd65d18108010c50,0,0.03462206948122734,fold_03
ck_0afd0f1c1036d724,0,0.0018626141065628981,fold_03
ck_b96912d83251038c,0,0.004070593510851275,fold_03
ck_4c9b4d17cd5dbb3e,0,0.005892458305346079,fold_03
ck_9706a8d42d9be07c,0,0.06967844900860745,fold_03
ck_5e38ef8aec810154,0,0.0016475346552016171,fold_03
ck_b6e753f302621521,0,0.020414327480004327,fold_03
ck_8fc315ce96448511,1,0.2702137543669634,fold_03
ck_450dfe85537cf485,1,0.996678807206403,fold_03
ck_a5e7262919e516ce,0,0.06403131728568906,fold_03
ck_40a4ceb5898da4ac,0,0.004263974406933357,fold_03
ck_d5e309f7be6c1dee,0,0.0027159028966257928,fold_03
ck_dc423ec19fdd0a50,0,0.007230114360242008,fold_03
ck_b01294ae1f9dc175,0,0.030865884463148148,fold_03
ck_34d750e14d2c7082,0,0.05454316442008885,fold_03
ck_45300261b89d835e,0,0.08413059087492328,fold_03
ck_ba80a6f2f2eb6e43,0,0.0044672700714449625,fold_03
ck_b5d1a6c893d6188e,0,0.027130266657811736,fold_03
ck_fb0f04eef8621871,0,0.18332161878662678,fold_03
ck_9e877d59c5ab5731,0,0.017786851743646286,fold_03
ck_6451a1d5c78a0291,0,0.0014784518015280646,fold_03
ck_cd61a630ced57fc0,0,0.009542666666112752,fold_03
ck_747d12c3b54a3d77,0,0.008723736669817008,fold_03
ck_8625609fb0bcc5e6,0,0.009353874865997355,fold_03
ck_09be02f27fafdb57,0,0.002650286556619059,fold_03
ck_02ad591212a619a4,0,0.00388055828506822,fold_03
ck_7f3c6f083e1fcdb0,0,0.01149951853022404,fold_03
ck_9cb7c81842c79b28,0,0.0009715165616667816,fold_03
ck_6602079845ac3b7c,0,0.009201203125895556,fold_03
ck_acd788a2d7d2145d,0,0.006522174658071797,fold_03
ck_82a0e535108ae469,0,0.010229037485515936,fold_03
ck_8b7ef3f05b08b126,0,0.002868959503181676,fold_03
ck_a2d83c60c5b756b9,0,0.006618154688570358,fold_03
ck_d695c1115c7be8d6,0,0.03872634265436472,fold_03
ck_21c1879df7b007fd,0,0.01147470824141501,fold_03
ck_5c399bbc1784a518,0,0.02212461888413517,fold_03
ck_e92d338b11024bb7,0,0.007096497365110498,fold_03
ck_f98905dadf0084ef,0,0.0034904642943150107,fold_03
ck_c5fa3a188fd4cdf8,0,0.0012187122210136339,fold_03
ck_ae5717e19521001f,0,0.1365575512074874,fold_03
ck_9cc4494a0e0dfb34,0,0.009386416194823246,fold_03
ck_f1da74bc4b22bb36,0,0.01631963619649839,fold_03
ck_ec05edab5848d2a4,0,0.0008528226718314602,fold_03
ck_623114861066ef7c,0,0.009669593285060767,fold_03
ck_a00e6e5df926f868,0,0.12549168559421162,fold_03
ck_5b80013f21eeed2d,0,0.005085006237974557,fold_03
ck_0d45cc1c43e37563,0,0.006316998331673676,fold_03
ck_592c413a9ffc32c0,0,0.006844612527755388,fold_03
ck_877aa738b64147e6,0,0.0040908646201618035,fold_03
ck_38a6d9ab7c6d3c79,0,0.0060072861829873914,fold_03
ck_c71540ae36448de9,0,0.11291541932607085,fold_03
ck_b4b5cb6a069e20f9,0,0.002703530681478232,fold_03
ck_e048bf9142162797,0,0.011335976009979695,fold_03
ck_527c0e09d9eb1b7e,0,0.031734286440326165,fold_03
ck_119f480b9ad984a6,0,0.04367787461618236,fold_03
ck_81464bc6b264a69a,0,0.02626859527939019,fold_03
ck_b20cfad2dcc54206,0,0.004514291562139009,fold_03
ck_870f6622b3c207b3,0,0.004442234553643691,fold_03
ck_aa24e2d7dbd6c682,0,0.010352733304952687,fold_03
ck_2cae8906eb5786e0,1,0.10523850215619675,fold_03
ck_9993edf5ae3a48b3,0,0.07453515366066553,fold_03
ck_7111f7df36b4da12,0,0.013839837797966964,fold_03
ck_b201c3ca5cfe468a,0,0.003552487314026087,fold_03
ck_2eaed84b56d53875,0,0.0016722273507284555,fold_03
ck_1a4a9d1fa87e464e,0,0.0023002781488879803,fold_03
ck_fa837df917b5af63,0,0.01042458338081018,fold_03
ck_f5d459d3ed2666f3,0,0.008782267226611278,fold_03
ck_443ff20a29284ba0,0,0.0014632008291487267,fold_03
ck_f39dc83807f3e59c,0,0.00707609677938336,fold_03
ck_e3c96edfb5fb44c9,0,0.004179754125602027,fold_03
ck_6036560d1bec3e87,0,0.0069188052192482585,fold_03
ck_94801cfc75343eaa,0,0.0034071070301168868,fold_03
ck_a2019907b85e6d7a,0,0.010092988092207732,fold_03
ck_ebe425a7fad825ca,1,0.9956508544018119,fold_03
ck_000c95f1408dcb00,0,0.011438897060700405,fold_03
ck_e6c88373e461fe9e,1,0.7038032650768729,fold_03
ck_43caa5b6c042f104,0,0.018155289292698953,fold_03
ck_07ddf044e280435d,1,0.9995910051257131,fold_03
ck_2561c4dcd53ab64c,0,0.016004831734646202,fold_03
ck_ceb30816cc77c385,0,0.003068226348376832,fold_03
ck_8b8bfe364346c634,0,0.3705925222288285,fold_03
ck_deb8cbc61b4ac3c4,0,0.0125857608396277,fold_03
ck_45556515e5688bed,0,0.025388336035603587,fold_03
ck_5f45ea9d40cb058c,0,0.05327981090276182,fold_03
ck_fcaed6ef823b0b11,1,0.18770166072465638,fold_03
ck_ac9d45a618a372c2,0,0.0073141729533297995,fold_03
ck_9f945a094486169b,0,0.0038174031015426758,fold_03
ck_2a80b3decab8506b,0,0.006396066419790327,fold_03
ck_ddc42f5f13f3ebf7,0,0.006629430285545873,fold_03
ck_1ff972630dfe7861,0,0.002083131221927164,fold_03
ck_2aa15120831b87bb,0,0.02515978379870054,fold_03
ck_12b427b6ec458d3e,0,0.016953780626035576,fold_03
ck_fffa4b3ab0203fcf,0,0.010561326853690853,fold_03
ck_539b027733171c8b,0,0.012306858320729579,fold_03
ck_b0ecd17c1dbb4c6c,0,0.06354908774623036,fold_03
ck_99ba4e28d5fab13d,0,0.011785079666505771,fold_03
ck_cd6fd7813a575724,0,0.07002688600362152,fold_03
ck_61b9724dd16a5fe3,0,0.009305846023987496,fold_03
ck_f0d17e9dafc613d7,0,0.004342248480071491,fold_03
ck_08ec3f702dfd03a5,0,0.03753697166199811,fold_03
ck_d9b99e011e12e995,0,0.003790169957314491,fold_03
ck_23c1e6ef95c432a9,0,0.012778274448758467,fold_03
ck_37f9a406eb425871,1,0.7539626534046474,fold_03
ck_4f461a7f21c880f4,0,0.006716159664653158,fold_03
ck_f8e73849a0747d00,0,0.002882459489657774,fold_03
ck_224fe5c266947066,0,0.014297649092000684,fold_03
ck_b1618a4472f01188,0,0.02624480522538096,fold_03
ck_53b800c88c3f05df,0,0.014594042232224826,fold_03
ck_976a6a8b96ce8f76,0,0.44200193263172627,fold_03
ck_4a12aa108435ae96,0,0.0049332766999863305,fold_03
ck_4ffa914ff08f7706,0,0.0034555619302295824,fold_03
ck_bebc408bc4c5534b,0,0.0669985305004158,fold_03
ck_109dbc6ee888d8eb,0,0.0019498757343988085,fold_03
ck_f7d0e4f9bd08387f,0,0.0016854752591565238,fold_03
ck_780737392fe1f6c1,0,0.0037586375634882097,fold_03
ck_0cae95b72240f6f3,0,0.027921726420123347,fold_03
ck_d1cb157c2d62bf73,0,0.0015092508524171373,fold_03
ck_57bd8c3cb2086cdf,0,0.006395456054190714,fold_03
ck_8a8f847145f2f51e,0,0.007489237232986346,fold_03
ck_229762b41b16de03,0,0.014518248238652057,fold_03
ck_6fbccdd386eaed79,1,0.9991920221350004,fold_03
ck_4ef5725cf8b7080b,0,0.05949655602080996,fold_03
ck_8a43c0d117170c8c,0,0.0024917946217330933,fold_03
ck_97571edd22bbae45,0,0.00238151485972134,fold_03
ck_e6fc29c1080cca64,0,0.01922204630213863,fold_03
ck_e7c8f7ef4b49b5fa,0,0.0032578383562814842,fold_03
ck_af7cad6094d79d34,0,0.07512514039833817,fold_03
ck_6b5244d9689f4055,0,0.004997359579167282,fold_03
ck_832378b5052fefe0,0,0.003480705432900234,fold_03
ck_5ed0a50e49b22ef0,0,0.026539318170773686,fold_03
ck_2f9c4515ac59186c,0,0.026362785738663515,fold_03
ck_22521bf721fad49a,1,0.9907275744497498,fold_03
ck_85c1bc5b7075bcb6,0,0.0095740445324958,fold_03
ck_b1a3845428c26fdd,0,0.008596429341229632,fold_03
ck_644bdc7500d8d58a,0,0.014580455482553711,fold_03
ck_947b3f25868ea86e,0,0.00453789279578051,fold_03
ck_f26f4867f86e4740,0,0.03096016917507613,fold_03
ck_c90ff7275aa3eee3,0,0.01787729271957691,fold_03
ck_c20f63da2a0ac6ee,0,0.003235110285636951,fold_03
ck_4384a0df263e686a,0,0.03604731072982655,fold_03
ck_97a4a1d0b9452c6e,0,0.06388876313584173,fold_03
ck_4ee858883337f23f,0,0.04110302336696436,fold_03
ck_b2a7ecc22a5fcaaa,0,0.017077863663803244,fold_03
ck_916db8e7f1dced2a,0,0.011187611503971894,fold_03
ck_1eecc28a2aef1f61,0,0.005528656791477781,fold_03
ck_b1adc85099d0e526,0,0.008313251818020631,fold_03
ck_0bc589a9e2569abb,1,0.015258569037482265,fold_03
ck_2b800dd5671cbffe,0,0.0018377930123331628,fold_03
ck_7d5ce34f3557c3b4,0,0.012780536392507695,fold_03
ck_70a15dc39edc5932,0,0.002564916395460973,fold_03
ck_397369b0f61a4fde,0,0.010157355072571496,fold_03
ck_0ab91ab3a22b73d1,0,0.01848803270119053,fold_03
ck_317c56541544b2ce,0,0.015232049620624317,fold_03
ck_49a489681bc1f76a,0,0.007019781680195363,fold_03
ck_2d599fed18772e3e,0,0.00922574825670698,fold_03
ck_298c062c439a6333,0,0.018190796544851014,fold_03
ck_873c79cb9c5349ff,0,0.0018928571280028492,fold_03
ck_a9b41ada61fe263b,0,0.006344430286073302,fold_03
ck_9dd36b41ba6522cd,0,0.0017340958165397722,fold_03
ck_c05e080bfdb0ba49,0,0.0019349649761798912,fold_03
ck_e7cdb997e5718824,0,0.01229602431368983,fold_03
ck_c6d8ad4872cf81e0,0,0.008084276678063843,fold_03
ck_90b6ed0dd8e1d7c9,0,0.016724397392253454,fold_03
ck_87d19202aaa98c02,0,0.006498025002240456,fold_03
ck_c2302150a4656647,0,0.0030270067278943,fold_03
ck_086fa87142935773,0,0.008082354492690883,fold_03
ck_0917267384a4da45,0,0.016880297440464178,fold_03
ck_1d0cf89087145f4e,0,0.031171664419819563,fold_03
ck_b5dd88d9d40145a7,0,0.02909952448663233,fold_03
ck_d526603777d5d629,0,0.04113554940635476,fold_03
ck_ca5f38a0a56dc0e3,0,0.008230765313361886,fold_03
ck_fde971de54688738,0,0.006244262068724535,fold_03
ck_6184c693d5997628,0,0.020092915684750825,fold_03
ck_531cce28f0d70585,0,0.009752433856557286,fold_03
ck_418a381d00317633,0,0.006012710626672928,fold_03
ck_7b2df2908083cd54,0,0.0027774373937310714,fold_03
ck_9a0451a70181cd37,0,0.07895740807044899,fold_03
ck_5e4873f3c5a00bf6,0,0.04164927924190941,fold_03
ck_4a68a718ff52606b,0,0.9142468868389557,fold_03
ck_ae373297dd02d1b2,0,0.0027515704744405234,fold_03
ck_7f7e87a53a583aeb,0,0.004634207416933949,fold_03
ck_48c82d17c9cdf92a,0,0.025505465206267224,fold_03
ck_319e4a033e795d45,0,0.008034985542469402,fold_03
ck_2cb5374b0147834b,0,0.009285437074550588,fold_03
ck_6688ebe493b6365f,0,0.0015270466305088905,fold_03
ck_d0198dac6cc4731b,0,0.024679497449356956,fold_03
ck_1e1ae4048148b444,0,0.0074029485194740475,fold_03
ck_f9dea9bf6dc219eb,1,0.9893018634329375,fold_03
ck_9b4c3d0070c89fc3,0,0.006339353724308416,fold_03
ck_29e964f051e82269,0,0.011467457892585693,fold_03
ck_597750fbcdadc1b2,0,0.014483068521440346,fold_03
ck_07d7967c76d6a3cf,0,0.004314590372423445,fold_03
ck_0d4b11a7e14590ad,0,0.002468188406249577,fold_03
ck_fefd3681cec56230,0,0.016379134465735017,fold_03
ck_b391a2aa5b7823c1,0,0.014922332790870897,fold_03
ck_f5ca5a83f614c334,0,0.0030833001967649908,fold_03
ck_f7d1e47d8162cd6b,0,0.010180208834451528,fold_03
ck_d87baa3cf5b35610,0,0.0024743079188101493,fold_03
ck_323eadd474798cbd,0,0.013851048970166946,fold_03
ck_1e32aaffe699f88c,0,0.07790812878956498,fold_03
ck_2256c19bb847dd0e,0,0.0627543297811848,fold_03
ck_ba2e403201cba06d,0,0.0019169259406515583,fold_03
ck_2f43054a1f52b9a2,0,0.010349204737049375,fold_03
ck_354f57a870e41ddd,0,0.7760897634346089,fold_03
ck_5b2dddfd766176af,0,0.023590841802947272,fold_03
