cookie_id,score
ck_99a4e5ef02d89493,0.014534186391999682
ck_54d463f7fd89ec3d,0.03179436461584721
ck_0fbbc7a6af300368,0.003353766892085218
ck_8fd4937eadd64fb6,0.004520193588204604
ck_dbb4bd4eda97255d,0.01792450701911879
ck_6e67225ba59fa5ae,0.015523328542418035
ck_94b59bbc824b307a,0.005342557377911913
ck_b87e88ee5512ea17,0.006681367322144708
ck_36789ca11459131e,0.014249651970591866
ck_4364a83a11743888,0.0037636386823959246
ck_cf59f4fc0ea690b2,0.005971011784110425
ck_bfdd232a7c5f2660,0.005499178751941273
ck_84092e23d5ef4d51,0.022552728063163555
ck_c2925c50ebacbdba,0.0034824042690908066
ck_66c9a19963957531,0.028498866487727138
ck_d637a011332ba67a,0.012729707283600766
ck_1bd753a4681946c8,0.7495542519690285
ck_c30c5844512e429f,0.04252938031415915
ck_396cea6f95186ad2,0.01594325988345258
ck_64a02b7b96149810,0.0013123771513177923
ck_b1ed2278f5f14d82,0.014594022212686523
ck_b153386f1729de81,0.0037905462473049006
ck_601edf9105b3c321,0.99289048866258
ck_d3a8333cb389f4c6,0.008696344107244998
ck_3c17841636f6f7dc,0.008542910102138852
ck_333544d173524f70,0.08292518137303231
ck_87c1d0a79e79c84b,0.014654665603715663
ck_585ababa02383b50,0.008111576073748678
ck_3e0149cdee4cb294,0.01780026508823611
ck_b864f64101149c35,0.7489320561972052
ck_5b2728f7cca414ae,0.0020274760395327866
ck_cd7d24e3b095e96e,0.04926633889798213
ck_f3dc0725621b3a35,0.0022372333284546037
ck_9eb08369e983abfa,0.0032493067901934237
ck_7836bf6def26aa87,0.014842901657399854
ck_fd4582e3853ef23f,0.008702998407576577
ck_2cdad03ed069438c,0.06952601026136353
ck_614d936cef98db04,0.011476161127088701
ck_ecc18f40b33be769,0.0243296798471936
ck_a93560aa348d6225,0.008671019379388235
ck_90f3655f0c8a0074,0.0029642237339361434
ck_a045a19369016818,0.9977213078426824
ck_69ab9d4784eb77bd,0.012216558062000386
ck_61129937ee466b49,0.014707636065764317
ck_74112e47b8629c2a,0.1366461530656402
ck_d841eba8906e9a15,0.0018323124658000136
ck_78aa4b731cbfe251,0.006508967727503693
ck_25394c1b83e0b803,0.06280167597782882
ck_16c501470d9bb006,0.003556797058116823
ck_69ff1b0aa143a168,0.000756856225947642
ck_6d64190623dea714,0.007744592166314855
ck_5d7721930106dce8,0.018687723736608052
ck_466d4b5366c50b98,0.0019905110304701324
ck_641c8e7694b21f3b,0.02810766548784297
ck_66779098e78c1760,0.0033498382058295864
ck_ed8f1200fc049c40,0.9654693947281807
ck_55f2ef0de3420e3e,0.01504267566226917
ck_968a99e097ee78c9,0.02524858171953271
ck_a98848eec6c9581e,0.006592772598426238
ck_7eaad325abe3b50c,0.0029825652895194227
ck_834ca727df855f07,0.04175581088827164
ck_6b1ab0742ff04c3e,0.21369159773439256
ck_fcc2059a8d5c41fa,0.03728525875756151
ck_a96887f841e80fc1,0.02798095045601522
ck_718865237134ebe8,0.002144521679819938
ck_5df85a8924e11f27,0.032891135114327216
ck_958c0bd61820147f,0.03959479939358564
ck_b4331140b2e0d4aa,0.021228922185681027
ck_8153cdadd300d234,0.0023292476658446463
ck_d4c1da5a1427fd6a,0.04967137275760691
ck_ac32c6e374782b27,0.028836338524242902
ck_465cb8ce232c7670,0.007598497140382498
ck_022a8ae79eb28cf6,0.9438528596972122
ck_7a7f3c4fe0c9d2ca,0.004847046042469402
ck_4802a0a7a1882c88,0.3391144255107822
ck_8b5b5a6b5539e39b,0.9783574666447278
ck_9693b1eb70880205,0.004966921291579804
ck_59a164c40c03a45f,0.007050196971991332
ck_154c8efb19dee665,0.005953144412574327
ck_149662b09d632e41,0.009697267432985495
ck_ddaf228487858bb8,0.1406233653335896
ck_76c23726cd7ca947,0.016580373048721623
ck_32eba3510c8eac5e,0.0020539784583841476
ck_41dd44308e6a665a,0.03605971605482663
ck_efbdcd9c181e72ca,0.0066192383417638685
ck_771247b5bc16c12a,0.01014962147675552
ck_692a9e8f504b9762,0.002057934869182624
ck_ceb017baa26e98c8,0.04105375738330175
ck_908b663b2dda94ad,0.03126220274825363
ck_29da59ea3bffb9d8,0.03858986702991275
ck_2795921a055643f6,0.00570540039771196
ck_fec888a7108ca52d,0.9547269821781803
ck_37dab6a0a536ed49,0.02667320649573449
ck_2c1def5c91c52a5b,0.7490775985205863
ck_0cb9f54928f4feee,0.008142240959786794
ck_677e1d0c14cbf569,0.0022103047067177414
ck_192fdad892782daf,0.06077973363813775
ck_e5e2624b7fc89774,0.03141236353019341
ck_5138f6c575dec64c,0.008260480492992248
ck_5f4a25ffd0b85a47,0.01275924072993851
ck_aebb42afe430e2e9,0.007140307409387288
ck_44e9a18a8645c9d3,0.004847635132300472
ck_79ba8e85678d0224,0.017503655251992323
ck_ef1a1de20d2124cb,0.01495491716985227
ck_e7d903c50d353361,0.01367168047741041
ck_bcbd8588a13f5eef,0.0031092432128540185
ck_80e3041811033443,0.018682218431050023
ck_bdee1221b9addff8,0.004042901301450959
ck_dfc933493561d84f,0.008829139889027891
ck_e0f9506a6d5f4a1a,0.025054403184952112
ck_a911a066ff0f7b56,0.0085326370552907
ck_5c45968a805132e0,0.020832171939855773
ck_152820d8817f478c,0.0074358261771840265
ck_13f03ec785cbdae1,0.0011822661085321839
ck_a662b4bf900781e4,0.003036306440323305
ck_0c0dde42ab64ef87,0.008903692487513673
ck_cb3a40594da6a2ee,0.0179054958579918
ck_a69084a068bcc8aa,0.01655861733008681
ck_f3bce4eccfa6d6bb,0.0019232570200010774
ck_794d8935a895e33f,0.029901466199944042
ck_5f217bfe28954e75,0.9677926926666262
ck_9700a00ff9e66216,0.016978184833738568
ck_9a66cb13a9884cc2,0.013370338927842895
ck_522477be6376b450,0.010092004456044128
ck_4f6ed5ea5ab7c429,0.018265946341990576
ck_f5882e6f98b8b4cd,0.0007386948155804799
ck_ec01ae5351500355,0.0025253868538857795
ck_cc276f71ab6c08fd,0.010364923008985267
ck_b06ce826e593b210,0.03071249513670085
ck_1833c81d693c1e07,0.9259888974826374
ck_b4ad165ace910222,0.006006421298532939
ck_7ce44f4e06d58111,0.09786024246492477
ck_804c5a1fa5753617,0.004112861062589036
ck_db2c0908150cb2cc,0.014834656934970637
ck_8530158e3d7f59e7,0.002100153513289408
ck_efbc79246e32c66a,0.009416598479093478
ck_dfaafdaefa5716b6,0.009734582525847846
ck_75f968be67f46d24,0.035593624720458676
ck_3715bfa7fed2c675,0.009049170995158538
ck_b5935e9722a39819,0.006275866563269218
ck_e83409471d2b0b44,0.012583141272918184
ck_c729d19053387be9,0.013263601199943641
ck_38d4ed52cbe6d123,0.008652420013852698
ck_ea835557d7043667,0.003835929922836095
ck_95b48972061abe82,0.004166068954283478
ck_2981d16f8a51a8ed,0.018705514291767297
ck_30bf5b0056eea9e9,0.7652499756979109
ck_a1c7adfe26e09a8c,0.02049016337435484
ck_1eeacc26f02fbba4,0.056257420921837796
ck_044fa3b3a003f0b5,0.021263365454091753
ck_6cabb1a133f0b151,0.008538251915110198
ck_b71279e807d0b3a7,0.004303185926246638
ck_ba68841ca2ba073d,0.018606256241549872
ck_e1790b3aa2241b10,0.9376221317255997
ck_0bf48607a874b4d1,0.004286119422290579
ck_fa8a4a9e77799fcc,0.005723302064805971
ck_52c311f29ca3aca9,0.003501546048551955
ck_42c6973d3a6fe983,0.0025913282914987686
ck_b524f7a2e752b9d0,0.013754664701366555
ck_14e58c3fb26a2b4d,0.012534888584214855
ck_ec9976cabc63ff92,0.005581101480144798
ck_9f50920c894f64e1,0.00411845457524019
ck_0259da8f109017e9,0.011816669153918009
ck_9d8e9ef37797d3af,0.16275914470321226
ck_2d28f14d3973d8fb,0.004064737687761507
ck_f5b1200dc6f95760,0.0056440013314512354
ck_20d7571ba830009d,0.012833996031873102
ck_54978a073e7a0b1a,0.006407932305629244
ck_6236a461dc0d11a3,0.007354677036507472
ck_7d3a88d1aa649708,0.7821065886068547
ck_742f7c28ddd019e8,0.025728242796640866
ck_d979ef95ee44023d,0.02173835003031091
ck_c01c85bd631d4054,0.006086207076414244
ck_1e832a5b2342554f,0.03985283394294966
ck_9bf95f8c47e7c7b4,0.004303616755968718
ck_6b38763bf5ddbcef,0.006482891962744904
ck_bda4041a3e90d860,0.0035751674934109707
ck_703499f5410280f7,0.0023139837718658685
ck_1eabc15a94bd9009,0.010449253691113254
ck_d5bd8f68da073cd8,0.006694417332840742
ck_6e6258227fc8db7f,0.004520311666010538
ck_be9c46acd216b45d,0.0130085360840071
ck_e2f88e202b6f700a,0.02632839222147997
ck_353a272478f7e903,0.006079972202891712
ck_a2c9796ea229a4e2,0.0036845374211570644
ck_acee218cbe61df69,0.010950068154729094
ck_9704c5cf8659cedc,0.013904430811396935
ck_4b0947bf94e9d847,0.04143073658470716
ck_bb113e3e6716ed65,0.039419558075421406
ck_60b4d59953505682,0.9605613475701645
ck_7dca4d7ee10b4eeb,0.005243603750406346
ck_4863077723cd6ce1,0.0021244948230582897
ck_469a0578d05990c2,0.0029038033029580323
ck_5db1cb368bc41ac3,0.007967727781284526
ck_b72c7ac4208052ab,0.008856002050585713
ck_abac514d8167ea58,0.04095979148773889
ck_6de2aa2bb60978d3,0.0112283929629626
ck_186dbff4b24a3bbf,0.17984488844636778
ck_7f15503048915d6f,0.0026692866075947908
ck_c35e03b0dd0c3454,0.012550916403461204
ck_2cf8a44e041217de,0.05230776710201511
ck_91955aab3424ad16,0.011504116979584844
ck_a032e8ac1507c6df,0.889389442882493
ck_342a79f91de5d1fa,0.006107738803266103
ck_3ecd8a5ce65e21ca,0.0032603668066295806
ck_45424ea6f0bc4650,0.13036607361561722
ck_41346ccd9242cc8f,0.0015540819138682672
ck_35d6c510ad29362e,0.8164201212276178
ck_9de191bf79afd676,0.0052312471119347215
ck_6de6b1663f9457f4,0.0017553895268773937
ck_61814ae9b6d8eab1,0.005116872597765533
ck_60187ac2c473a662,0.9968192800761749
ck_c0b50c11e4f5adf7,0.016783515364872166
ck_062754f8b79b86e5,0.002617878298692068
ck_0027b5d4107d65d8,0.030753876431015997
ck_d61c837b0106085a,0.01472244666292102
ck_a99e0c258ad7576b,0.004298604934755758
ck_e76257caa98dc25d,0.9116817439760179
ck_9a65fcfc7916f93f,0.0032001883517161073
ck_c972b0e781efed3b,0.003121512645236501
ck_3a632cdf2c19051b,0.01841235656772018
ck_9724718fe64c6557,0.9860199982925285
ck_d44dc3839a195c8a,0.02876298420796844
ck_2fc70b6baf6a0e26,0.002625336735600842
ck_b4911c42f3bff740,0.0024477860904089438
ck_53428573abcd606f,0.014084617189904093
ck_c8198cb4c461304f,0.019539050554059818
ck_852c50bbba1ead13,0.04312749899665727
ck_d5ef6dc116dee408,0.007990983333588358
ck_3ac528caac74f563,0.003870767006537032
ck_1b0b7c3d35ab1259,0.010051835704219466
ck_f1a9d832b700bda1,0.9954085194211695
ck_343e6ed2b9d35c01,0.01993800298510923
ck_803c0b4cf9d4bc1d,0.022887241042626863
ck_c457e9c9224b773d,0.07833845141980973
ck_d305b4d82f63f647,0.003560759746850802
ck_22bd0fc71f95e048,0.042046248812867844
ck_aab23b5470469649,0.004059631239746
ck_fe0a9372c9372de9,0.00398693914302617
ck_f6c909c205767956,0.020230594732896737
ck_295bca29c34cfe2e,0.010414487933411695
ck_74e60495f8861156,0.01628955096001199
ck_bd20be9a3392d79b,0.010321211958765394
ck_952da7ca9f33decb,0.003226249703435432
ck_900d62b3184378c7,0.0033119184206108934
ck_eafe9b89857149b5,0.010587282748739551
ck_509cece86a558de4,0.006374640080447009
ck_c423aa6de3ed1e01,0.003835921037836987
ck_b5a84c5547378c10,0.004078382474636177
ck_9528e1d6b1707870,0.03299480226109474
ck_668c7fc7d7e47c0e,0.017000537558019238
ck_5d72ff6cc2963d1a,0.003231755546479609
ck_6c084bfcb38e96c3,0.01906284640971548
ck_66439e697695224c,0.002955797721647547
ck_e975002c979e12c7,0.015895279478233347
ck_8e039b23acaaac00,0.07528307325793185
ck_9ccb17c35e636c5e,0.010497485543132684
ck_abd3aa292f8edb4d,0.017382759583809214
ck_3ec9b9d8dd7be11c,0.0077692953324783876
ck_d6f5c8741697abb3,0.012702260245637443
ck_5d75ea4f5c9080bc,0.7043916639827551
ck_a4db6e94a8f77f9d,0.03575184615319569
ck_01c1f06692566ca1,0.005593424010335447
ck_dac7c50bd6d0148f,0.00926355428957993
ck_857a1f5547b9ad68,0.01233414487234423
ck_aefd1ce3ce093cbd,0.0029242009469215785
ck_7b59d22cadef3b05,0.5059586084427269
ck_6bc0e5b8c0b7d2bd,0.02114951290191103
ck_2c44ca550e5cfa82,0.02162827397766532
ck_e4ac22046699b99f,0.01284384704083563
ck_ee7a515e87d17d4e,0.008922600031443118
ck_5e512ef5362a3dd6,0.018301262397395317
ck_df1f2dba802296be,0.9899724409213462
ck_49bdba9ee1899dfe,0.0072609049000784305
ck_52730906e5b461eb,0.9761540859811197
ck_dab34cf6f0626c9b,0.007121136018793077
ck_f9d8b4813a88c1e6,0.00526367609070264
ck_c0c4be3f44311b04,0.0033570313028061364
ck_ae3b47d6e1063704,0.006631931568768296
ck_533672fb40531607,0.015668369225056746
ck_2a244f1ae08ef83c,0.006697299765427621
ck_fe429ba3e1aa0e4f,0.00922220470669115
ck_18444be153bac1ca,0.8508131075397168
ck_2ef76f1f36e8b869,0.09016842278463899
ck_99ee90946395d74d,0.9276839127784675
ck_bf2228a052815840,0.016697139439025226
ck_1bb212d1288b9689,0.013875543771557646
ck_9949f53c155b8dde,0.016802902660770773
ck_04a1a46f07885296,0.02713519250307808
ck_70c7679199776a90,0.019528152893741678
ck_231e6dd1fe708000,0.003954299012315183
ck_e013d88ea7939616,0.005371023008252758
ck_d229cf7f5a3f38ca,0.0057569213191538005
ck_0ad6fa0e23c3bd0a,0.041088760534129326
ck_3a3daa8b376f2a18,0.0027937279644000756
ck_f0d6633d0834fff5,0.03105735405065621
ck_5472214011fbc2a7,0.0016130607029828691
ck_e0239e6ae30795a7,0.013483427382442036
ck_646bb3c7be5f0817,0.017946012280346296
ck_a9e7f3b2d5dfd97b,0.0037227912982132913
ck_d5ef1f6e34bb35b8,0.027266889532414296
ck_615277c8a4e2b18b,0.016395932161086094
ck_11318f7c041a5ba9,0.006680693919589852
ck_6d69e092f9b0848b,0.01382792531625729
ck_fbdac0221bc03f66,0.017066667549169853
ck_3854c08d17704347,0.02634577773188386
ck_a9989a3a94c26634,0.033252500176960666
ck_d3cfb3603f2c6ca3,0.015469340317848006
ck_ba54e0a1c328119b,0.9563238177134109
ck_ecfb771ed2352085,0.006410813627518774
ck_2401e8ff89e574fd,0.4115329599080239
ck_54e2eb018d947790,0.003537983512762465
ck_ad7269eaa65c67f9,0.04742614325471374
ck_cf2ca4f286e289ba,0.021239914221310587
ck_ccfc9ab888ba933d,0.022582951306865832
ck_c881f26c9bf9ae42,0.2797624700653003
ck_a7afdac4ecbf2de4,0.767380016907542
ck_57d0a7eb7eae2eaf,0.01500051795341165
ck_3fb95862b70f505c,0.018198452006048284
ck_5478eb69ef912785,0.6794247678613689
ck_bf4e7d48770a4a8b,0.02984098029887215
ck_5875828b11406398,0.011765904640638048
ck_3019afee83342701,0.02423505918271309
ck_dfa0ac11fcb1dabd,0.003006602648009615
ck_2d695f8358383092,0.028006335728647202
ck_7717fcb100dc4b5f,0.008387355174534978
ck_682262b455a9edd4,0.0012691345909481445
ck_18270fee7c8fcee8,0.004340864835567246
ck_e6d3ce445b86003f,0.007948720375767134
ck_61d7b0568ec5d6cf,0.02310663819532335
ck_bd1bf9e3e29de281,0.05372503107802816
ck_7ea0bf310fc20c7b,0.9382003860302917
ck_328696b8f5e54ec6,0.06332724898775717
ck_1507f5aa50cdf3a0,0.007319948980095338
ck_ca10102961f99eb4,0.005707864082835035
ck_61b79dec96d15713,0.002962455665149112
ck_ca7b993e8286af7f,0.09797349296576088
ck_c9dcd92b2f836b61,0.041266252564951325
ck_fe2fc7d6e5d83f09,0.036632103111966005
ck_b6e3af0a5119d9a0,0.026636128569614156
ck_e535fb0f0c00418d,0.02227277253541956
ck_31109c899336348d,0.12400816515522353
ck_d4e024fcda401a31,0.007097551375617802
ck_9cbef9bc95449dca,0.003276141033471493
ck_a397cd64ec5d644b,0.00910431089238301
ck_b0f191e44f9b6f35,0.020938349221401763
ck_3049d744b527f4d0,0.00714070835783511
ck_6f661b428d6fb8e4,0.7353233234557509
ck_da59ab47cb6284ad,0.0016909623075155968
ck_5576ffc6aaf6f22c,0.0006305227491876005
ck_8955d7b9030d5eb5,0.010752868790908367
ck_78a61215675b38f0,0.005538331017115486
ck_001e42551cd06e40,0.0074662128466617015
ck_3b6057d51fd4c7d6,0.0033576826452918797
ck_87110d84872c0fed,0.008909486068047808
ck_f034adb57391f3d7,0.05438391178502612
ck_d84b5403da4cea7b,0.010656393366635122
ck_f04062216f95fa00,0.02041521398956186
ck_d9573100bbff4014,0.3335154423191011
ck_b5d0d223ef56473f,0.014673168520726242
ck_3aabf5e0f4defb41,0.2622421594792402
ck_ac449ee0c315edde,0.0027068176123524828
ck_085d8c42739e2b10,0.9838839600093873
ck_937402a60df0821c,0.006584816990778516
ck_cd1dc68e441222b1,0.9788793385249746
ck_714c5d7cb17bc9f2,0.0031119559376170595
ck_1d01b4a609918c4e,0.876188771548119
ck_cc1c0b93d05b7d20,0.014179504188595333
ck_46f4e1f5026f4d1b,0.0019782195766684094
ck_779491819995625d,0.4227979244317615
ck_46bec0bff167ed3f,0.022046060817420783
ck_92d679d6ac7dcdcb,0.01751885851436328
ck_22a7cf3b99c5e5fd,0.09746073223161264
ck_09faa4e771cf876b,0.011854444779983344
ck_0b2eeb4e00ff7955,0.00992404789274355
ck_9843d0e61c37ebe8,0.953342931677132
ck_e2f792fae128b18e,0.03892745568034903
ck_00aa5fc3b3bc66aa,0.01940888407851656
ck_3dc378f37d0b74b8,0.010681507657258721
ck_5e98ed6391d9f429,0.03530956098205904
ck_9036b2e5e9298a34,0.005648255018181026
ck_a1cdebfc42a52448,0.004045911461861613
ck_5f48762a14a0326f,0.005911143750172689
ck_8adb40b168b59d7c,0.016019449594521576
ck_c08e64d424e56c05,0.037467018319505455
ck_68914e67343a7d32,0.006844579289602072
ck_09e9c51eb538b255,0.00959028611567282
ck_f9a68da9e0f0bc85,0.001625152369466991
ck_498a0acd450944d8,0.004594824805397403
ck_67ab6f9e05c85085,0.008960127640796157
ck_aac70764dde15168,0.011068179495412661
ck_e5ece47d0dd10526,0.006825302750200638
ck_aa8b9b36a099e4c8,0.15151316510085808
ck_8d2f62930777416b,0.015785158578217807
ck_8312c49b1431a406,0.006691755059119595
ck_6438ae81d43cb196,0.00958640328522596
ck_949f08f8e80e93ea,0.002673322603422485
ck_f9b439c9161c3e52,0.0031534178078375563
ck_4dd4ed23e0b927b7,0.12028550895300025
ck_18b36d342b530af4,0.012447484474932533
ck_8c8c98cc694ac900,0.1040588486914006
ck_74b502b20690ccfe,0.014151282383406056
ck_7f0c4f609673ef62,0.00804290469024112
ck_02241f3dc301bebf,0.011932778757093986
ck_6e5752b87324b58c,0.006269637585933725
ck_b4068439c413b150,0.014271105804712057
ck_bc82fb1895fddde5,0.011197701941531907
ck_0a45d033d4e280ea,0.010144082159960708
ck_39a3f1da060e88bf,0.015493694936742545
ck_8f1cbc432e2774f8,0.023336458076585923
ck_8ef97b55a5fd6ec9,0.0022535895756843555
ck_aded05ada490da20,0.007113844936860143
ck_335e63101b1e6c4c,0.05746316705415292
ck_e5c30947b732f661,0.04177637038844744
ck_f824b326d5089885,0.13352342640323017
ck_a4d7f6a5869d440a,0.9802169140850368
ck_58e20f5a3e7f11b8,0.4438090630295037
ck_a04403073c90ce38,0.0019368558774706594
ck_9eea37d2de633b27,0.00939882262703232
ck_fecb39c82c43e76d,0.004268871527705086
ck_f5adad75e1c06731,0.03512259772586057
ck_43dc13b6b6d31297,0.01830102751358778
ck_3acdb083e0d8ad61,0.0030312964277258918
ck_54bfd70022c66983,0.014399384218985138
ck_c422ba389ff00781,0.005070776240886804
ck_b26cdb2b7b165d2e,0.01912088481535304
ck_4563227b2038ae07,0.04224734060894266
ck_355c4f29089731e8,0.7941172234778847
ck_fa4211c4d826d830,0.0021905306387675003
ck_e886ba71d4a6fd73,0.015735207448611125
ck_f76d929541ed41dd,0.024510209422259042
ck_0f37c554a5057801,0.8001034457714749
ck_0a7ba51d626e932a,0.023551572495593608
ck_55efc92394fee232,0.007545336137043312
ck_1df4b46c0a4c317d,0.011433809215679033
ck_ee52c7bf88f952ab,0.0048982838125494555
ck_bc273f3ce79f7e1a,0.005573859572824953
ck_9371c700d9830326,0.016730731014881657
ck_65acc43a6dc3e65d,0.02428171714856514
ck_b0ee3a98175b462d,0.005428715717300524
ck_dfbb2056f1ef7d3b,0.005358811367869466
ck_5043e474f848346d,0.01988981940089702
ck_6be8ae9d78148882,0.004123728678396782
ck_fd4cf578e87703ff,0.019301174623077337
ck_8b24eadf6c72b30c,0.6013075428912139
ck_38c1c75cf055031b,0.014969311065288215
ck_c8001bdb9aafc8a6,0.009716670170371929
ck_d598fe8d2c779ab9,0.011823147578166429
ck_af25c72d16299258,0.0032329792614250036
ck_0c1f088e17e46daf,0.009321712962042542
ck_6c7b41374f9b2e55,0.003684060764964559
ck_e4fd8cbd842b6993,0.007975931452419292
ck_220fda3c11c59b6c,0.08414828123291614
ck_e3e95546a84d0ed8,0.014095608596528707
ck_53c8315b5c30acb4,0.005360186952995698
ck_fdcb1d9265d8fec1,0.018367118759624095
ck_94f4266ee7871345,0.006538641964669903
ck_7a7e40ee3f97c035,0.02801605815299255
ck_6a519bdac0d94527,0.00817887386679264
ck_ff30dda2c881a4bd,0.8067991060348703
ck_e7b4016909405981,0.0005043667806363741
ck_1abb93f6924645e1,0.010544292316219232
ck_5e74fdadb93ff293,0.019269168191135687
ck_fc2a6e27b10b10e9,0.003085489900322185
ck_47ab8e51e5b3a2d8,0.0035223102987050766
ck_246989b0c288664f,0.026349357673924864
ck_ddc7c1f3d45fe6e6,0.014850665380178317
ck_0acc3d8c67218b9d,0.0038398973761111423
ck_4c840e5585a7b167,0.13447494374655006
ck_1d30eef7110809e5,0.15460714349505567
ck_ebbc9418cd41f692,0.004898813463517082
ck_93cc12703b500613,0.010410935480057212
ck_5060aefcc8b6f958,0.019803851330748908
ck_0595c2a0c7881e05,0.007526839071621656
ck_d9735647a6b0b0a7,0.34739145312524494
ck_f89719a854fe11d7,0.02979132396121429
ck_d813e15ac91f487c,0.09375239165580601
ck_cb8551453a7bb929,0.017666731412572145
ck_8642e3b6d84f49d3,0.011424813168989485
ck_9ec7f334604a228f,0.0246836624749275
ck_e0b7e2c0bbe228d9,0.00454391419677056
ck_e7b40b60786c1530,0.003111767260388727
ck_edf229c17d25dac1,0.24100377396640896
ck_4424a5223ba2fe00,0.006627780600279256
ck_c96ae2c28086a059,0.02312635111218112
ck_ee40498cd97183d3,0.0023058041886918107
ck_13d1b192bbff8f32,0.011175094887568234
ck_079bd18dacb704a8,0.12330816936094018
ck_884168153c9c0c81,0.07092086036082856
ck_dbe58392635133ca,0.012895247628720739
ck_9440335375701f44,0.015359459202309689
ck_9083ca9fec2a7f4c,0.005718762095274725
ck_2f9fd36a4a40a6a8,0.0022006994183133054
ck_8bf46e472f3e20de,0.07874017833080925
ck_a76ee3b3e3e522fd,0.07215820153341733
ck_9dd7daacb7833233,0.009977496307513378
ck_8eaf9509ad9462a0,0.0016917382900778738
ck_c5517923458106ae,0.0024781771776393588
ck_74a4244eb1f162e4,0.0009465028070611449
ck_fe1b1adae3be70a6,0.7125953197862915
ck_571133b2aa8ead51,0.01701670232212156
ck_2b87683c90acb852,0.020980802646169357
ck_3f730318a9792292,0.008496897331761368
ck_70804f60d9704128,0.026215358458594806
ck_7356f47dbbbe7904,0.009877783289943445
ck_e7651fb87bb24132,0.005038361105724026
ck_4a59f4e10bf45d7f,0.0016670789207981994
ck_98e337806104dd88,0.006130677816779745
ck_c39a9e75760e3201,0.0038323945769694295
ck_39d5f6c17c745ab1,0.00322832208379622
ck_ccbdfe744acff8bb,0.00829703683278726
ck_d6ba7ffd2ae08863,0.009361698733742485
ck_0eeb3d9b3e697edb,0.011430148987198779
ck_2a65f1cc23f1180e,0.0015050847244046461
ck_c91b7fccf6aeb4a5,0.029503639034066415
ck_e55b7fa67db1ec27,0.004657565365708038
ck_214af0806470ef48,0.007389901894441828
ck_7fbb709a0fe95759,0.003619547030977213
ck_4a9a791a1d409a3d,0.04479964580572239
ck_99e52c3c2530b69e,0.9950554735640209
ck_eb3fb1106f2f1b21,0.022594202846571942
ck_08b77ad5f8f73007,0.008389453449389463
ck_934fb5064b6eefe2,0.0024195124661074
ck_6a92cf5f4cf5de38,0.006092705664249157
ck_9ea5872f14cce338,0.01570547540100288
ck_6ff6883633b8c7ba,0.006495331670475044
ck_f19030e6e85a6776,0.04362494886059974
ck_cdabe60ab59f9d5a,0.009913430640574221
ck_75fb7e56432ee4b2,0.0027174653979481814
ck_bb84b2b30293f566,0.718187857611584
ck_b898d912d1181ef9,0.024002193912512397
ck_348a525791ae6475,0.04012296193817296
ck_18ddf7e836256e3b,0.006745351855926
ck_5b73d7c5255e58a3,0.09963166018071949
ck_48d4d63beb26b623,0.007208343551744411
ck_020eb0e454524ecd,0.0032488496104293523
ck_961ddb8ff55d868e,0.0005463113827107903
ck_109fc467ec0a4af5,0.019677500578552047
ck_a872df31b28a5f7f,0.07762637033097027
ck_f0093064aa28f4d0,0.019268309749729966
ck_2b699066665abe8a,0.013813353374737361
ck_a17128972d3e507d,0.0036379925328023353
ck_8f35d229b62c8f23,0.0065726149898416115
ck_ef8a6af43fedd464,0.0031167366031747364
ck_1e6628879e9d653c,0.014690097274736528
ck_0aa9db36eb16422a,0.002367469666305045
ck_b53e88c0e927d896,0.0014213169019008643
ck_a9cd84a6dddfe584,0.010756802747033108
ck_b498fa91a0776ff6,0.27172006083954403
ck_69eda24e931fb36a,0.0010126978072585637
ck_1f0bafec397da8e4,0.013972691330685919
ck_523dce06515b072d,0.010814995636855701
ck_404e2217fd87fdd2,0.0029259159677994897
ck_6b954c75aad8c012,0.013340423806320783
ck_614f777c2eb5d537,0.004798114660214369
ck_7f8f864fcc90ca82,0.027991025893321895
ck_58afa1550b3b5294,0.009815331388114735
ck_ca149244b54ef3ad,0.002327803006850936
ck_1573878386886290,0.008975080081278891
ck_7ecdee2d7127be8b,0.0050535082423842385
ck_b667952253503174,0.003449696938714789
ck_c8307fecafa90140,0.010866168964015033
ck_99a92d710a29c1d0,0.006737334248953224
ck_bb6cf7e7b707731d,0.8729345973065012
ck_fe3c1d0ac090d960,0.17026490064830738
ck_fc60f42c68c7024f,0.03202124675909921
ck_f71a4094e889c3af,0.0032779358997416888
ck_22311b037456a76e,0.004435565272655298
ck_fb90408f4892a21f,0.03135009295325576
ck_5866b413549765bf,0.003953763245832274
ck_2ac36e1dff211d38,0.01081193677075621
ck_ba8affe4b9505a95,0.8658172047627323
ck_1b2d9cae92a1aab1,0.06091321705339789
ck_58f4c3ac61fda129,0.03690517467781249
ck_a378c58294001a36,0.8510511116539288
ck_afc484d1b6907983,0.004842534819751735
ck_030cf09525dba4ba,0.003844945161774815
ck_babb95a76c69509d,0.017684480018426638
ck_5662492a54e6688b,0.037960690357150696
ck_db4083a0d043def8,0.06251485291952935
ck_c0032232c2868328,0.008208257788599738
ck_cc91bd7152d3e9ba,0.038850631469574515
ck_c484c5bda389bf20,0.0059018623699969375
ck_a7ea00a1760ad561,0.9685081285282137
ck_cc90e219f1ebf390,0.0013978402438536756
ck_ddd65711b5651f89,0.007355212349295674
ck_f589f1e29301b5fd,0.050416772279397795
ck_8c6f059c95872126,0.0015745626441997834
ck_87f82b2b5fee757a,0.01268462518369658
ck_3abfc010091d679d,0.0101616459855957
ck_b8465b1a5666155b,0.005727308213568523
ck_f0bc3bdee6bfbb94,0.015615340123224561
ck_767e0be086b5f601,0.025140082916777513
ck_96810ad39d4cb7b0,0.010860203580869877
ck_9741a82faf5c7889,0.016119591168792167
ck_97ffae702f7c3d08,0.003241151696307493
ck_963762210edc5694,0.02699294510052053
ck_5ff6108056a3fef5,0.010825752190063974
ck_3168f4f2778d64e1,0.007284456977350937
ck_59d086fab5998646,0.038251598176912836
ck_43292f70a03ddf2b,0.04724902666545778
ck_0b259620eac51618,0.005143289489065241
ck_678e74532ac19700,0.026063264898199566
ck_52e1418cf1aa9871,0.006022687767680526
ck_4f875342394c110f,0.013366234227844513
ck_4f639f4ee6ce8d9e,0.020490310431754633
ck_36224a2d394ebfe4,0.05383437093763076
ck_fc4bfd6e739bddea,0.0037775738464615274
ck_88ec57a11b11f702,0.8501556682619876
ck_896096cb167254ef,0.0357674096657501
ck_c920901b9a4ba993,0.9662658666329662
ck_2ff1860da2004c84,0.006138847591773666
ck_631ea1ae91ab333e,0.08985045979106313
ck_0b9fcff9667ec05a,0.00853455237383968
ck_d3eab7a06eb48348,0.011082667061244675
ck_4dec3df58077a257,0.08975651227767649
ck_73d3689728270a2b,0.0038641363086151957
ck_961e7dbc217cfbbc,0.006027612149491725
ck_dd97429277a2fa00,0.038324898318275125
ck_5c37f7563fa7591d,0.008059933439384081
ck_f2ecab85d4693b4e,0.03470943813232146
ck_a0e3a2facd508e49,0.023179155175476248
ck_02e5f9cbbbf2f078,0.009304703694458535
ck_d064428b7e7dc409,0.011820086382617377
ck_4f463ef25325ddfa,0.6810488979785707
ck_a6fe344bbf67f14b,0.00511243827871225
ck_e03b7d0fa0b28f4b,0.004360331041261386
ck_2f6b33bf46976229,0.0020879640539682278
ck_9c60ae6958d68dbd,0.07031802080908374
ck_d730ff21bfd7769d,0.004550431807537899
ck_7048bedd554c703b,0.0038596533134024184
ck_9e0383e1fb6e214d,0.3838200394092556
ck_733aff0f56f5b3c9,0.0101727903035192
ck_11af112667c98394,0.010039079626460685
ck_004efa95555437e9,0.010092077371248545
ck_7de6997178207800,0.04993687888002462
ck_68dd79a51eabf5e6,0.024508380984563
ck_0567302c57a2417e,0.03837965582240037
ck_59de511b20c842ba,0.030184304163259127
ck_f1ef5cf7f10b16c8,0.01207040063657792
ck_6a475fe324d7d790,0.025133118637202613
ck_31199510b40602a1,0.004114053469358872
ck_2a6d43b9f883b78e,0.9372608414822556
ck_788e78065526ee19,0.016951971613898057
ck_fdf89dc69f700f84,0.048401900717431126
ck_02a8582c2603e675,0.00986363694199527
ck_9c9e8a38bd5a6c88,0.01435780898050543
ck_1c2dcae19539e148,0.020216249951735
ck_c7a9c7b2eef46a99,0.010710956372329824
ck_d9f8efa6a7800f76,0.009983642904557844
ck_03c4fa4f3ed3512e,0.0025560599974884047
ck_c80a94d4660041fe,0.10966221966475351
ck_4819327a78615485,0.019578379111505635
ck_ab3de3d3e41c2082,0.013762791191099374
ck_e86ad2fe815b6ed9,0.018634141957438018
ck_c51131e53baa59c7,0.003114010485027076
ck_e963d8525018d072,0.01374701400462074
ck_a4a01fd45936b078,0.042242901574684626
ck_66aeb00e44486cda,0.9766354195597418
ck_838c52cc1d315ec3,0.016659804471993313
ck_d20d4ba60eec9945,0.007066102125577884
ck_1f1273a67cbad5e5,0.20180734507933484
ck_44e57a0bad5a0745,0.015279447558095295
ck_9df7e153868bca13,0.008361340322628018
ck_50d7c4dab837bf66,0.011254982990159675
ck_9cde4036d0914427,0.006256921463947441
ck_d557b9feb241b3ec,0.003071823809929965
ck_ba4a6b9aa63964ef,0.011341036900359756
ck_5ccc0c94e5e1f849,0.01745020537908244
ck_3cfeade2cf270fee,0.003976646124833014
ck_faeb0da678bb86c0,0.009763397619712478
ck_0f35e930d0614613,0.9914989015428171
ck_0e962eacf98a813e,0.005456574196214911
ck_c8b2e2cb349dd0ff,0.00792054884765584
ck_45f57fb8194cefc8,0.02662375388655766
ck_cf6aa24b92c4d33c,0.8030565469958996
ck_f3bc10e3decefce4,0.001461251848762055
ck_c2466fc40fc9d5ed,0.9687063203513198
ck_5ef50fb07b6737d5,0.007057615734820095
ck_8d0cd981ed3a183a,0.007581441122411088
ck_aeed557007d52e9c,0.0009635830781726044
ck_dcef7887a4f1e435,0.018192944746526187
ck_6d6ac1f5dd882aa5,0.003356221661004369
ck_9e3fbd04e3532f32,0.1690988424438067
ck_b8e5244e650aa81b,0.012611311227079303
ck_975c2aa3d4a8c51a,0.012712694395110321
ck_4f75144c6f3b13ad,0.01884969879264677
ck_0e7899a57cd617d6,0.0030132832686719036
ck_df8ad2deb0a4ffed,0.014865568549039247
ck_cf7a022178165e56,0.007212578102735976
ck_5bc07deb82edbad7,0.006030340411864616
ck_f2aa1b677619ab19,0.010233038234570127
ck_cb42e3be6fe87f60,0.003554273287507256
ck_4dfa1c1e9b69fcc8,0.019568434967459244
ck_23756522b58df5d8,0.0035238709863931197
ck_c76f1bf40f3b787b,0.0018448584224341207
ck_dc569c1167ccec0d,0.8910944351645637
ck_1ce20e4223a936b1,0.011571304737954091
ck_6b97d1ab90f6bdeb,0.009000746039476853
ck_1e97899875bb427b,0.03708607766803052
ck_4b00e75c2d2d0522,0.004044633175494012
ck_e80883208e8d0453,0.009127851560230889
ck_636111f7f030496c,0.003756232336600544
ck_a2d0417791d4132d,0.011277926682629244
ck_7a7bb9be5a7e48ad,0.01082775901452277
ck_5d2b9e6e087b8dfc,0.997346454566955
ck_6957905a65c47879,0.008159238281136618
ck_a33d2325f86ab12d,0.002299964276964446
ck_4df036e2aa7e1056,0.014889077200187631
ck_05ab5b03d0bf9ce4,0.06605259744952627
ck_bc04f51c23290bcc,0.008357987227806334
ck_2ce8931af02a2ce3,0.012896963995926438
ck_dfba788f35d4c372,0.009294175002543235
ck_90eeca1cda79fd41,0.0022283207883531386
ck_f96db2a1f3448d1f,0.003227601373968533
ck_af5842fa7202ff25,0.058297242032082856
ck_ea62ebfc1f04b49a,0.004434462896625228
ck_75bb521de55644c7,0.015607706139245245
ck_81a960fddf79ecf1,0.9819148237618807
ck_8da980cb2e1e2bfb,0.020053974664669894
ck_fa321945ebedb916,0.021873011866802954
ck_00dafc060c8de32a,0.007406077327483388
ck_f81a97d350397306,0.01881395593324226
ck_255d87b7fb40caa5,0.014540991924755348
ck_d5eb179dc45394c6,0.013507171837660188
ck_628f449e248c19b7,0.4066417705991124
ck_d9506476ad3f9e08,0.007809908918928417
ck_e3f1d85fa5d49396,0.011311114395181614
ck_6f3a28eecd2c4031,0.011953111224228862
ck_46d8c029d46867b2,0.0018618315321899703
ck_daf7aea023b7a8f6,0.022734395051102755
ck_aa37993f1c17cd1e,0.009142629127541121
ck_9c3aa9f23d01fa1c,0.0015406816896866523
ck_9658a6ef471053f0,0.011291047478693939
ck_260cfe9141d249f1,0.03486094831462254
ck_8f6ce158c2902877,0.0009510176056934942
ck_430a3d03be588201,0.009039548251506773
ck_b5f9dd00914b4db4,0.034220220544104465
ck_1c6820fc38135ad9,0.012579072734578867
ck_1f22f04dfc08cf27,0.005060645939531313
ck_aa0a3179f1111674,0.0024590052745526924
ck_9d4b5e6b43bad4d8,0.005751410369987991
ck_e3b3c5a80a567418,0.004094342831209162
ck_937f0da2306b2eb9,0.03666588580640573
ck_cce8b6657a538fe0,0.0035494169539107205
ck_9e665618a4860306,0.0036977360026048873
ck_8cd274cc85aa35d1,0.00699932732010714
ck_b7da6640fa2f49cf,0.6663600214346608
ck_f568772b6cb3febe,0.019899789223008633
ck_e95c8cc1864bd584,0.004721650185365953
ck_66600620149c8799,0.007437721093998944
ck_81307759252571be,0.0032949511740210354
ck_378a9df82b1e0bee,0.0729797534408366
ck_9ede89e8a43c3f53,0.01939107252072223
ck_2ae6949246ea2648,0.008638185166709132
ck_2c27b77c59d8f23b,0.04322251811668735
ck_94940d783e7988e6,0.011284565755381969
ck_2db10f987d137582,0.02867614422455672
ck_dac3852758f4ea89,0.001007608382558107
ck_b5a3e20fd210017d,0.004851498079510815
ck_3f7c870510083a51,0.01495334247104247
ck_96a89e720176b389,0.05244036062941677
ck_1aa87cb62acc0ac6,0.010724539891979511
ck_78cc5ec4940fec3b,0.0015160658424321588
ck_31742076e9a998f8,0.010634974631476057
ck_3f9e6d356d3dd3cf,0.008325661122496063
ck_ab1b9d019921bca7,0.005299497200445235
ck_c8791f7ebd4d93c7,0.017350442545630996
ck_47a6005fabc33551,0.005283332309216719
ck_5a540b75c866166a,0.00651960154474374
ck_059e4fac6b7f704e,0.06394052964456184
ck_6c72a36b05fa0f4c,0.012352283417894886
ck_966a167758fddfd4,0.035522625981122546
ck_9ce743dd3e92549c,0.013211036994293808
ck_08a6d4903a7fbaca,0.007165338467673955
ck_8e5999c436cf037e,0.001095315768480016
ck_acc764b49ef02826,0.23262850563839804
ck_7cc2e091806cfa5b,0.00953390782165647
ck_5ef935ac3d4d3332,0.007791375334169493
ck_a84f2cdf695a71d6,0.008224469683612803
ck_0a4d7acd2a53cbbd,0.00587057291989546
ck_c5e4a17d3efb19a4,0.13321197101597373
ck_8716cbf892c50e29,0.00852268419742913
ck_b8c7771de9b57705,0.009686279257607979
ck_0deb56f3f6452818,0.007814965339238266
ck_c1e5182bd99e0e35,0.8132248583060095
ck_f786cbc987b70930,0.003209386004328002
ck_ab581082e8f72e3d,0.002848153773146231
ck_45e70c8a9686580c,0.01835876515515632
ck_6fce5a893613fd2c,0.0013930117961831387
ck_003148504557f720,0.040823586373512244
ck_fffa0622344a36ab,0.0011289599206552087
ck_d19bf4dc0627113d,0.0032008029635568406
ck_a337eb38eefdcc88,0.02291578613503613
ck_d4b23804cebb045d,0.0032271870314368963
ck_7bda5b5b927b2905,0.04667354770220584
ck_f8124911450fdf31,0.46854409425868776
ck_b4d2f02d2cd45720,0.8506844277313415
ck_0f4e2ec66d50da5f,0.016649488209526567
ck_186161ce152836f5,0.004090834358816351
ck_e4d0a9e1102a58b5,0.007893192077992588
ck_a115a7919ac5875a,0.022207267650950446
ck_c8efa1538b37c359,0.005235917079563556
ck_4d9eb75e8eee90fd,0.020880466026715064
ck_9ea3d5a5a91fef9f,0.012521563693571275
ck_3c59df37895ead2d,0.0025791364814897262
ck_ea269b35406473e8,0.0012225183396907854
ck_2a5b31594206eb30,0.09468264899935357
ck_1fcc5843f39148a9,0.008831872505110428
ck_7951bd4eb99a0175,0.0012879752115163116
ck_abcbde211b6267f8,0.017233600840738623
ck_7b922518f667f76a,0.0010496288891479635
ck_0bfc394c5faa65cb,0.00880826360253957
ck_0bd77fea8ed75a15,0.008707669801394473
ck_7c77e597c951cdad,0.011468172797161717
ck_e72db9d4b2fc9997,0.9973764634768207
ck_ab01db9117acfe3d,0.003681166016305043
ck_471e4018a23b4e56,0.05638347522228415
ck_4b31a8862a857e6e,0.2707456234765146
ck_87cf36a03bd63c24,0.4261941713129632
ck_adc576690df5b33b,0.018785398764570346
ck_02dbabda93c8c13d,0.02060001931418502
ck_64f5eb4be9e7b8fa,0.883396995145471
ck_43c1248db37a2eb0,0.003332693993213476
ck_b08afc91d9ca55db,0.005523327387224586
ck_237508ca4fb37268,0.016912418032872027
ck_982b0bf2e2b6c4f7,0.002261859244272245
ck_71c3a8e4c12c989f,0.0031667298497016863
ck_41938582f4351772,0.01421968082285027
ck_642344e5c652d8df,0.00807546117760784
ck_cee56be5a502fbd1,0.1286112885724675
ck_0f38d4aed68d7d24,0.26206192736031797
ck_3ed4d13f12fd9d0e,0.020544048364022183
ck_1a9e51d092d62c84,0.7652548003418408
ck_22128a4f0d033422,0.016466335818084796
ck_c189b551bd111332,0.0030046844402471604
ck_5d7801201749ffde,0.010858195551493187
ck_982c2392238b7be3,0.263095016862116
ck_bb4c6b713eb0b978,0.13373986945393943
ck_2605fd571219e28d,0.0009792335943888816
ck_bd30853e9a57b544,0.014155376487514219
ck_a5276af466b681de,0.0032467396185120443
ck_32e486859130458f,0.9592724113845709
ck_9e35b908fca1e4d7,0.0025808644360029707
ck_c285a51ed6214f52,0.006120765009637945
ck_67674348e68d1f25,0.008632288170376654
ck_7878679065876b98,0.013374103446358697
ck_bd32dd3b2cbb7888,0.9968342966565672
ck_16dbafc035574654,0.003447890750388119
ck_c1c2cb49c3c1b0f5,0.11143538742645981
ck_8f59f11b512d5b7c,0.02232056070063568
ck_c1b493527224a27a,0.003401527492856825
ck_e89d25ed7bdeeaea,0.0036391061284793834
ck_9a84b396aada3fa8,0.017726726134369788
ck_d2fbd0df99634676,0.06235086798049201
ck_67a1aa88d2ea554a,0.009805884953051638
ck_ab2e3fc56f5b3aae,0.006188304411301013
ck_77c587d24695ea15,0.02329227703427292
ck_f0d806624ef3d359,0.007571171381825995
ck_160e9ba0a3f7c1fd,0.006402668758730573
ck_8c0210322733c718,0.00953359364873551
ck_ef261fc09be8eb0b,0.0034705383790271794
ck_a2624e0387974e0e,0.01113609840704544
ck_6ecf56236789fc09,0.9747850836515083
ck_3af1eb88728ed8c7,0.011341505904300468
ck_5d8773badd0d4740,0.006906402899098598
ck_e794741742fb2619,0.01127636883310876
ck_2f8120ca80a1592c,0.0048399487759662775
ck_ccb4dd9d0a48a76e,0.0041280491726936016
ck_bfa7ba218b988cde,0.010372968924372427
ck_64b4dcbf436f0b75,0.005399172834053493
ck_41ba315d8fccb559,0.010375642187005285
ck_d23f9a50d1135ce1,0.10640268973135888
ck_4af5ec61ddbde1a4,0.009165690166712835
ck_560bc6017870ab06,0.001740061339605142
ck_dbdf8d0708cc6718,0.006480738324016391
ck_e00332597cf1eb24,0.019980309961743877
ck_df6fe4ec5a233213,0.018994229433307037
ck_94d5ce61a0c50465,0.012850169208768811
ck_e6fecb82fc2a82de,0.012383699165335599
ck_c4f4f28457be8a74,0.0010596154116048445
ck_c7e129058beb3ac1,0.011657439799501306
ck_4ec040b9e3785e4a,0.0017657089253578962
ck_e21f9f96f597695b,0.004785144290971036
ck_ada6ede84c111719,0.011745293982620624
ck_549ed417f2834cee,0.015481004602947889
ck_5068ee554ceff971,0.013511422657473278
ck_d7d50fb57fcb2d0e,0.00204935469740025
ck_e0e9cfabb979f428,0.0077196166159612814
ck_34bd190d37eda534,0.036826703382293484
ck_99021fe7225b5a68,0.1174931682699154
ck_55933936536a4071,0.0030430554454315404
ck_517620ca16505af0,0.01311834080188296
ck_ce927322ef8f651c,0.007394821065932025
ck_b294aa27a0b586d7,0.003955256087555623
ck_c9f9fddef39bc664,0.020514394356894422
ck_13757bf0eeb353e2,0.0038420837327171214
ck_d116e0e7c19b878e,0.9276543312278009
ck_a3747201f377626d,0.9931079463425478
ck_a315c9619a317609,0.010200900291722357
ck_9958b58da9e3c21c,0.0062757770368126065
ck_89184bf7b7fe41cd,0.2124825262393269
ck_16b66bd803288bc3,0.711332030216128
ck_7b382e533e2e925a,0.005815252828996299
ck_9a56739d81f84a53,0.0059812966061450305
ck_4f0c5857da45fb28,0.05342347485738919
ck_3b49768b448b071e,0.009474549221563584
ck_54bb53b8f8ea32ae,0.977805179020897
ck_4c7c50684827a2cf,0.008959247543129956
ck_538dad7f096458ad,0.03997936013743849
ck_2884bab237af16b7,0.004361133078954594
ck_8a6ea4a79b1c7a8e,0.005342149398542533
ck_57c14e32fa4683bf,0.002707720262473658
ck_c5b0f0d4f1655a20,0.033239537491925854
ck_aba573aa942b1d41,0.006330843677690726
ck_15239ef0689c1a35,0.01762371461099857
ck_aa153a89a52f7eb5,0.005279997144340898
ck_fce0610c527e2b56,0.006255567199226991
ck_863db2e394dc47d1,0.947236085129077
ck_66dd4f4b4127256d,0.002313297235570316
ck_79205e31223df2ad,0.01264868086140968
ck_31d5e3daced93d3c,0.0170443250351974
ck_1fca72e03143a645,0.9415073382112489
ck_a627734880aca848,0.019375050741395804
ck_8449a28f7d475d93,0.010806651827266565
ck_27eb86a9898cdfe3,0.019359905555439053
ck_50087d8666191144,0.07215045965283087
ck_d28806a2179092eb,0.9927785437627306
ck_bcc8519fe8521038,0.06313404244263321
ck_53036d3c6c74446c,0.13562547438853623
ck_7d81b59d615a6649,0.014624387393662237
ck_5e5280539257c986,0.003526111174149288
ck_1838cf8d00f5b1e1,0.017960150330418163
ck_50460e0189de6274,0.9918596380636814
ck_325caeab5c7a9c3a,0.004147170623977559
ck_7ce4ca91b8f9f1c1,0.007812156201586408
ck_f87d66946252476c,0.06904484691388746
ck_6d0d081bfa8a0022,0.018336170269448386
ck_ffc8e3c1377d0706,0.0024542951975107
ck_38d1a22850178f33,0.0022542111365212135
ck_5c58e7f8fd55e26c,0.005035209074507366
ck_1375ad9f10688e4a,0.007096976894863578
ck_7ce768407fd48321,0.01048095578579818
ck_31b16b8848584e98,0.006619424871042999
ck_fd44e34af620e606,0.01457752470076413
ck_9441d48a12e8a4bf,0.18428404526945474
ck_f69e93388b3028cb,0.1351796374799478
ck_687b412e2aac7eb6,0.005107187800857803
ck_f473a03fbcdbc4b0,0.00786566579753089
ck_28588fb03b320520,0.0333546669373746
ck_9f9555197480d1cd,0.01198357810568837
ck_2ddfc948b8eac752,0.15367994015392278
ck_d56fc799542299b8,0.0024314536045651836
ck_edde1d7d1db24725,0.00901329213257287
ck_81793387b38047cc,0.005796508649139777
ck_13648cbd306eee6d,0.010557467567087173
ck_a5d7311291caaa54,0.004651747654789493
ck_bd26d2bef14a8597,0.004133240346568989
ck_8129e81cde280131,0.01601290240515424
ck_431118050b834dcb,0.024944699169381548
ck_580dcec33ec232b8,0.01074160595645017
ck_ecf006bbc78ee3eb,0.051442153700449904
ck_acf7d65eaaa4c31c,0.00393381710600514
ck_8ce9c5807acbef48,0.0060199600654620815
ck_c3d7d3d12a1981a3,0.0065280349249236865
ck_9075432001a64e75,0.005614500251201879
ck_f99738dff854e25f,0.0009068963022065745
ck_a1a93c5f375f6021,0.0075916466102949305
ck_a35d81bcc54ece2f,0.35014063000910023
ck_f3996a3c8eea1ea0,0.009126868123388523
ck_b75b936aafac56b9,0.00571321116774807
ck_25c355da356c730d,0.012606858021570343
ck_5615c6bbdef05291,0.07986223562548207
ck_4db95c310e105d30,0.0006306871408304006
ck_b76510998b9a2260,0.010676652306666139
ck_90bc176c43d85fd5,0.08796714086650614
ck_4b387765f0e916cd,0.004887933391067659
ck_f11b1565f986f5e3,0.01675896820330835
ck_e5018f9418e0102e,0.015086995714840361
ck_a08f8dfadbdca112,0.006367850027693278
ck_cdb8061d8d1a6c5f,0.012246589855658534
ck_6e8ebaea8f7bffaf,0.0014144044941799532
ck_66746d1090d6d9e9,0.0037561470544271894
ck_9cf5e88e97c8c7ea,0.016079382635484932
ck_fae7e518a585fa61,0.020766314850468644
ck_8fc641b1750a2542,0.027057648811927702
ck_c9eeab826781dc91,0.021295709739578176
ck_95ffa1a805a1c9d1,0.015020201612115189
ck_e839d104854945f0,0.0028602832942674914
ck_f04040a830f92bac,0.011327572261968894
ck_e8b5bfa6838e28d1,0.00902058510398272
ck_72e7b1acc19df820,0.009047715813914968
ck_fe43da07608b1749,0.01253651398311309
ck_7e29c10d781c3b41,0.060809508993826054
ck_f56073911c9f1ab7,0.007126225353087613
ck_68be4fefc85a6b64,0.3749786679650227
ck_f07b09879d697b82,0.006355211349002156
ck_b9c6b32f6bd92a3c,0.002925621336681369
ck_c8ad86806b9a2369,0.015221081841519244
ck_722ac47c8ac9b6c3,0.36652781449615096
ck_d812eb6930192793,0.0009680778104173753
ck_1774faf414a5d49d,0.9759993998731648
ck_7b93a622e40d8b14,0.006184246171543095
ck_39638880292782a7,0.021287698369101993
ck_11132d245b94d045,0.002089386556525895
ck_f736cffbdb82db34,0.0015485856345290817
ck_0e477084434da450,0.01706974858897646
ck_ea819e337233475c,0.28681505168613675
ck_c6b6ebe145a8ffab,0.012420514016282186
ck_0af3c13ba56ce57c,0.0040201805094973704
ck_cee8d42475a0f020,0.38094831452810957
ck_748b3ea941d8b3b9,0.008605686313606432
ck_96c3a3517153390e,0.007918093471803365
ck_de8af660806b97b5,0.001331332965633424
ck_2951d76c41de2569,0.031052043483922202
ck_35fe969c58b9e70b,0.05196159615593866
ck_59684167f9c6bf4c,0.0390080052250397
ck_1645e6cc53fa99ff,0.023063920376382857
ck_fa04ac31e596e7d6,0.014448087390720203
ck_ace21f6daef94f6e,0.0072879942844845495
ck_1cef30d08f3a598d,0.0028192805632439658
ck_cb61902798ecc4fd,0.00586863008085468
ck_9ee044b73943a90b,0.008854513558985925
ck_f538ab6aecf2adfd,0.0008576631567474532
ck_c2608f78f6851d10,0.6976787108763218
ck_cf49b6544aff6c50,0.2081338243088337
ck_f45bad1606fa00a7,0.007625723791110356
ck_863708a99b92ef0d,0.011570111664278439
ck_7fc9a0776e1339e3,0.0034497651518552203
ck_320df984791a1b99,0.001964939822515607
ck_6fb2d142c09ed3ed,0.07542330524401696
ck_3e47f8c56c811700,0.02398618363429228
ck_0add2c321d579d75,0.006716658583041214
ck_e4c0fc52c82065d3,0.00835431889293754
ck_ca68dec0c7df5a12,0.01173463392350232
ck_ae3a763997f8f385,0.2639590593212952
ck_a38bd07a5fac5c9a,0.0026854445918364773
ck_a73045e96af0e4fe,0.011352590323065358
ck_f29dbbfdd2786bd1,0.005266086157915147
ck_a7331e8b808c39aa,0.05092569609921333
ck_16340be3f2a7fffd,0.0015873797213864723
ck_b129261da9c3c3c9,0.010075325904170396
ck_07840bba5570785b,0.010722313368941557
ck_abb056a9deab275a,0.011646183452175293
ck_126531a9126c17c4,0.011279457166099311
ck_333a43ec339a04cb,0.04491502618073258
ck_34a6bd3be642f15c,0.011027091783312612
ck_9c46711b14d9eebc,0.0027114895675444434
ck_3acccc69f8b1fd14,0.013091173753055024
ck_74665e1209140ae8,0.007181727505675875
ck_670dc4910cf476c2,0.001270175703197569
ck_7e2d6b22a0ae20c2,0.011633076931928887
ck_723323f6870fab59,0.00870020211017648
ck_c8affb27ba7fb5db,0.019143102433898856
ck_e5f8c8a5824db594,0.009771323903547902
ck_7e5f02b51b9f78bf,0.015631184102408855
ck_b7e25ddd41514d4c,0.0037818870622870677
ck_0e0919292ad33472,0.9559043333451243
ck_e35a4b4a3cb4cedf,0.07392982588410697
ck_65be698386474170,0.014769985997655584
ck_0cf220816e320ac5,0.005257059822537985
ck_0308e0602b856445,0.0016053419425477243
ck_5e1b81848718bdc3,0.008501129246095673
ck_2085433978e72ea9,0.0204364109522707
ck_b5e4c6dbbed1b773,0.00661883693562589
ck_eb9f0c06ee017ee5,0.006161818055157926
ck_30dac0a58c5590cb,0.157112867636111
ck_05e01ab9c95449da,0.01117101787820693
ck_f409ff994a210601,0.03046884210288458
ck_05652e8ace6ce6cb,0.0064092927863465005
ck_f4ec4a935e51b4db,0.017766633043933958
ck_df5aedb4118020bf,0.4642940492422623
ck_1dcaa3078dbb7571,0.001733574254294918
ck_47e1032f490bb018,0.004769795379478191
ck_5ea89567dfe78e4b,0.005170952949096568
ck_1225a97fc413a419,0.01271178923504711
ck_2296d7a563424883,0.004251795613390923
ck_57c07c45269ca8c0,0.004530039363009541
ck_7df3f8f4f1068d62,0.0034204228047468583
ck_558ebde8c29132a4,0.00971357857935561
ck_2d923d957ffd4d53,0.006055631128561892
ck_6ddb55b1f23c6cb1,0.0547102725757211
ck_93470896f0804b6b,0.6342329627919057
ck_556c62e92d4e7e5b,0.08831613869934943
ck_a059d00cee5cee99,0.0034957628404985452
ck_0174d76398d9dc0f,0.013521721103203453
ck_49e253ea12f4e922,0.04030339761678855
ck_f7276091bf513d22,0.09571155329152442
ck_d321249fb065d2fa,0.08622463318813335
ck_e0403d507519b7d2,0.003802323134067753
ck_0f3de7f074bb33af,0.010027224189065454
ck_bec8324a3587ef04,0.0028657866923163773
ck_a3c25d6cc7478068,0.005238698369940251
ck_2ab7eddee2d8c49e,0.0029497541669107155
ck_e475a3b8ba870a7e,0.004749046528622679
ck_9b2b0e286de78a1b,0.024755675603864984
ck_5cf67a3a747e684d,0.046635404956556686
ck_9401f9e11f65337d,0.03457660538477259
ck_a0e5656e1cf9cbf5,0.005789023819140827
ck_398a1ed77b0130e5,0.011456350280212028
ck_4f5d022c99f118b7,0.016390510512449174
ck_630530e50764f229,0.0026987182458589414
ck_5cacad76e02c8e3d,0.6735579563978703
ck_2cee2dd7bbfc09a0,0.9533027145690741
ck_9478dfe4114c30f6,0.011798814821872235
ck_2a09c7aa870edb6b,0.00387688938107118
ck_d5d225ce41a1a762,0.0071407836202516655
ck_76091f357974a152,0.05114573481888531
ck_26cfd7c3c6c7bf69,0.022884748932003183
ck_8e54386f4fe22cad,0.005788630754317071
ck_22b52654776a1ea8,0.8868348750613868
ck_822d6e8e43befc72,0.9912713834583528
ck_15eed0f5652f0352,0.0028006291515615613
ck_6bc351a3d57aac54,0.009042024068038964
ck_bc736114a31088a7,0.013279304750809977
ck_002cf760d173f0f8,0.013419644134314002
ck_8f8e4fb9c6190272,0.014272846315289259
ck_a39d0bca345b492d,0.007872846177718485
ck_216e87a41de22b5d,0.0124883268422814
ck_75296704f5806f56,0.019209602005098837
ck_2bdd8616870e5e1c,0.002227643338059785
ck_798157bcdb9453e1,0.0020933086486072867
ck_9a1e3ec9a1839939,0.008734652213098956
ck_a9d994554fc14a02,0.0020458752060989955
ck_410c3e13b48e0415,0.012301714503764027
ck_d4febf0083800424,0.11704190325980886
ck_9527adac182abe57,0.8173230365529014
ck_4087065be2a45ad7,0.2481118723447349
ck_c0e8560ccfd9dd9d,0.0034325124135156392
ck_8d87658a6f5d204c,0.2175799486348844
ck_d973444855403e2a,0.011792400929935129
ck_64eefec062592c43,0.00806426117304298
ck_5b86fd14e85bc9c7,0.9672986814724052
ck_ba175b1bd8efaabf,0.0014527336236527808
ck_7696e38b3e4197b0,0.03635189660629959
ck_51bbbf8f8e8ad005,0.9989911221961808
ck_df935d8bdd44883e,0.00945325810822493
ck_a0714f98001efa0c,0.007866089715354683
ck_8c9b57ad2a991416,0.017543541132360573
ck_c8c1bf16d9113493,0.03288706055248101
ck_b89cb90a420c9075,0.0094808094309953
ck_f0424b3b36bdbef0,0.038895316265811386
ck_8e89ca8b39f3f8ad,0.002291029501499487
ck_9c5feef7647b0588,0.004164656026362622
ck_374865697f1480eb,0.011079670834131881
ck_0229a07185f15469,0.005164826525570335
ck_4291fd9c1161d8e1,0.015396751508010004
ck_61a59a7944d6c53e,0.8982137559985944
ck_f21efd504faa654c,0.002819033697069198
ck_64c1633297f43788,0.005286502725784346
ck_991c4c924a1d85ff,0.9827084204988773
ck_2dd39723c4088b64,0.021611369268318793
ck_65f76421be648549,0.0038973006734347292
ck_1b93381d8eea58d1,0.007021889133048526
ck_8572c5f5c1447c62,0.016421680009182205
ck_80b8fca67a14e0be,0.3335889655772649
ck_45ed5ee496ef8a67,0.009641200782003914
ck_36979996f33498f7,0.9515529597866638
ck_219bef979ee21bdf,0.002407822198172521
ck_7a6cb27e390b6ceb,0.005042856609780792
ck_d07485ba10514a2d,0.14701276892441292
ck_81e21354e477eceb,0.018126825695854866
ck_df39e3b8a9fd0bfd,0.663366045552038
ck_49839e761d0e74e9,0.003486837656562441
ck_9d7b9e3ff1f3e71e,0.008933588816647142
ck_f63cb5e8cc702bad,0.004955978689815309
ck_cb856e75c949b0cc,0.001803690026473909
ck_0fd9312411b0ac55,0.009171262356173694
ck_9affb0f26776b642,0.005999814191932862
ck_c417d06f3e94685d,0.0053514835231849465
ck_6c2453229d608183,0.015351877588093713
ck_1867b1199c864db5,0.04842635968600421
ck_8398adeaf41f9cae,0.008027491734583541
ck_796d3eaabc667c23,0.9262077711757553
ck_b4d55bc809000276,0.010033663354203795
ck_839bf139296b5cea,0.15700959891105892
ck_e57b94fe57341058,0.012999664039523896
ck_8ca808cc5a49cb5c,0.00677272377865902
ck_f4ec334be5266378,0.006234852584940804
ck_61c3e3e277629646,0.005616176422994972
ck_483fb981a1fb4317,0.01356877119373445
ck_71f382d5e338daa3,0.005101939642023072
ck_124a197be41687f5,0.010552178335243922
ck_4e4f99102f6938cf,0.0014570037365002736
ck_3add4d23124c9290,0.004786710900793163
ck_5c3f13de0dbd5086,0.07611191498477476
ck_921ff5ceaf40a968,0.0116502336749117
ck_fb0c138c003e933a,0.0022289869727655652
ck_5177fc7137ff26ce,0.0035666191445429033
ck_dfd4e79aaa967b63,0.008506784652494586
ck_850ec97a5a0dab9a,0.03798439493256603
ck_d1a1cf4cf61d6801,0.01874831386151245
ck_646b15f753e5e9c6,0.014113432058277182
ck_60f4fb44f5efe3a0,0.0022837519579852763
ck_b53084ffede19a8e,0.0029667385965477583
ck_5b16d67c5ea89930,0.017893437509932594
ck_a4ddac49657a4450,0.022540701897452317
ck_f917c82af80e4a79,0.04195869910398277
ck_b87ef4b98cfcec4c,0.04492516557411038
ck_877c85bad118bc62,0.015783476672111278
ck_42317c3eabd0a285,0.6973017802108545
ck_a5bdd026fa9c50fd,0.008180018258589319
ck_7c88d3d377bb61bb,0.016398061361482214
ck_9acd98f4fe2d474e,0.10153883880121063
ck_6d64193681d2a94f,0.042370552918809305
ck_991b7dfd69098320,0.0018595656499832561
ck_c5ece5ffb8800ad4,0.00785631134818178
ck_ffe91d6f0bd93fc6,0.05131982449707028
ck_14f9535e53f9c7a6,0.008912427477041015
ck_e35b2ed08b9e55a7,0.006758910378626013
ck_3ad6e7bf452c9b21,0.00647209577864907
ck_ad8cbe6e27e47ede,0.006214232888567836
ck_29fbabf855cabdff,0.0011255506401557634
ck_700cb620f300dd47,0.018504230624838428
ck_b1cbd6679c0f8d95,0.003907660411804013
ck_708fea345f68037e,0.0019444347171556117
ck_b08247c3ad567d92,0.9471447524507589
ck_25fea39897f2a559,0.0029047657844986047
ck_9eb80edfa43203de,0.0069977053822085815
ck_6cbb011e0c70bc7c,0.0030859994103523067
ck_309a432c160a17b3,0.007499590365745017
ck_e949a0f4df0b3902,0.7725866053095423
ck_4b123d6931b6d0d7,0.37745055950949064
ck_13677a1957078827,0.003292442046922687
ck_243bd5ca8c4ae5d0,0.037890855864244594
ck_360237c1bd30f4bd,0.014874491723860133
ck_b17c239f160e6017,0.009739300281769519
ck_c91a628236baf91b,0.06736192846958752
ck_182dc4a2f5a366da,0.025769752053706543
ck_9fba80f56f357fe1,0.005629226425310447
ck_c1c5ea839c58958a,0.01767303621648694
ck_6a0684436a1e66c3,0.6531921703024126
ck_63d2978706e193d2,0.006503355208178723
ck_8703543bf3134306,0.01076267619304636
ck_d79bdf04d6f31cd5,0.005622422937316611
ck_b0d33b5a3716661d,0.022419117989154146
ck_bce253d2396681a1,0.005613127560142695
ck_9be551300209fa83,0.8032335887718595
ck_ec3d12848ced99f2,0.006124132665455619
ck_ad305286702b1958,0.0021507404190152265
ck_96c7d52ba0a766ef,0.042185258580018585
ck_e1d5ad20c737c745,0.03141813551418924
ck_7429b3f87528e335,0.005924660672146722
ck_cf606fd6ebfdf9bc,0.023740221810408316
ck_878522cb775b904c,0.022961461121410384
ck_218b7e6e6dbd2da0,0.0014015667322478638
ck_1dc23dc870f1773d,0.010460233413200945
ck_fac046ce336fe39d,0.003164418332345511
ck_0d846660c7957a88,0.012654447377180246
ck_6821459b626d492c,0.0039031215566944955
ck_dc4db8b932df49de,0.050319066157083106
ck_c49832eabdac5bb7,0.0026044336451203198
ck_c3e37a4d3382c32e,0.0016311592431340596
ck_68b8b859a6ef505b,0.01878012758770556
ck_8d501a0386c66be8,0.04330097308360089
ck_86b853c52f20fef5,0.0038406148055564683
ck_15886fe84866de92,0.021060750972891232
ck_92de019e05971ce3,0.007282830199893023
ck_af7ffd1a822460d3,0.08709483247292826
ck_917d82c552f95a23,0.018340134506306994
ck_74e5dec189761d14,0.0034081719792593062
ck_54b374ade34e1dc1,0.007003934280583219
ck_beb97e498e6cf8e8,0.011987415341558108
ck_a96aaef34173aee6,0.7478945864055587
ck_79ffcfee599d77c7,0.022802203477819256
ck_322ffda3332d08a2,0.046915107114850876
ck_3b1d7648d4580bef,0.003612880152112335
ck_6e4b99fb9725d9fa,0.0070291707173591985
ck_893b8afbe11301e1,0.0032982602950119896
ck_56b992c6f136fa5e,0.02703148839154838
ck_c624b9063400fa3a,0.05202940723007614
ck_bed3e3db135b782e,0.010313648055342657
ck_5d038ecb3c8748a3,0.005889014901011084
ck_77fced07f6dff42b,0.009495242801181721
ck_05d81b1a150f31c5,0.006885294117682383
ck_285719c77eadf915,0.002666547016889377
ck_664b5e02759f985a,0.003526922498279901
ck_eb48c0bcd12ea654,0.03061253192708325
ck_1bcff399166d7c43,0.003531731619162293
ck_e9e3381d5e0e5051,0.002999294495076339
ck_f5f87f772388efa0,0.014166595018961246
ck_80b072b7f3c7e8e5,0.006168404533816805
ck_386680372fb54857,0.004121887402631904
ck_d98934f9fe0b02b3,0.006447778892061263
ck_283c5bea94b21e80,0.009155834604388534
ck_8dbaaa00ad829ca9,0.03224143670999154
ck_9782c86ba6485f88,0.0022406353092439472
ck_83a69c4a5d55ef19,0.007539243916520774
ck_4fa85cebf707de2c,0.004124270327721758
ck_ce1500a7f0d03fba,0.006367517769799852
ck_73d60b4630e3937a,0.006910603100967958
ck_279d43303708109b,0.06107273079788948
ck_64ff60c073fdb6db,0.016634217129774163
ck_d5c14e877ca7b755,0.0022498281674170942
ck_7e5401c362b2216a,0.0028977071331041855
ck_064b2aa3f0bfdb6e,0.01051099830734103
ck_70066eea13b4c34f,0.006936573134355748
ck_f0d349d68249d5db,0.002762891557809809
ck_86bfe328e0a533b9,0.9214558225519202
ck_18f67c00ba21fbde,0.010303440032531454
ck_72fdfc7e6d8e1436,0.004875952247057802
ck_75257ca7d7da2861,0.01321263170445946
ck_a0c3059a959ba5d1,0.01429935037876691
ck_52f641c9ee6fda70,0.002131033587106944
ck_7c6b577174af7a78,0.008281694147906344
ck_52174855b243a8b0,0.027869519298298062
ck_c12805fa5d970a83,0.018356114310087403
ck_0406931800e0e2e6,0.009020244779698445
ck_4b97d19ed946f503,0.007144575278841969
ck_87dc484baaf5a23a,0.0015324273123071442
ck_539cb0d117db8cd3,0.04402850506446457
ck_09f8f51bfd2492c6,0.008324095846855633
ck_05c4dcbb45de1f8d,0.003481939347590792
ck_37139b41c5370523,0.011192781883246412
ck_ec094eb1cbb3efc5,0.003864451877217267
ck_db32c95ce2b6f502,0.9964475532292685
ck_7a02ee1bfba7353b,0.004551093538366238
ck_571dee4f3336c7ce,0.005271170283884094
ck_c3c69aefe7ea1d2f,0.012293634652209416
ck_de05f97c3d40dd1b,0.1624753844174149
ck_823539d936c55fc6,0.0012834214588233143
ck_97e94708bcf43563,0.0046245308824672295
ck_71c68dfd011dbbbe,0.9330231056410944
ck_f5791fd8fd8fd191,0.010374762164293371
ck_ec986285fff05b7d,0.002815202433943013
ck_da3526ab6c5c884a,0.015151456602719948
ck_f9197b070416f443,0.003061013637611434
ck_4fc6256e0e60a926,0.044196575398438784
ck_9c0deab8a8367c5e,0.0027585732094469926
ck_f34fb7ccf82f41e5,0.009724091015788267
ck_777669e2243204f2,0.4389601986915073
ck_d3a2a4c011fa2554,0.025275279283303143
ck_ac84b33304362c06,0.004985511879907049
ck_16af4be191c47d3d,0.0016426005991155555
ck_0446920a1004c596,0.007323745228827154
ck_0c6a50d747593b7b,0.011619488421382438
ck_193d9c87ad3f1dad,0.0015727855286693062
ck_5b8315726f6204e0,0.02284197979353115
ck_f7e53af3c91fec64,0.010163510818047488
ck_e679fbf4f4f4aa07,0.00954967997347927
ck_59a14d2564193101,0.00340230581244645
ck_0e9ec486bff403c5,0.027228575845094846
ck_f6b7a10d47dd9a1f,0.006935647502447816
ck_4b4d99e443618904,0.004317197774490278
ck_4f05daf1cf0d5755,0.0050034216709983195
ck_64ac5e6fed86ab60,0.9983673956155028
ck_01ac687ce0d696a7,0.029713357622768843
ck_5f9a7ff990341bdd,0.0012072313343063077
ck_010d0c2e6c1657fd,0.010350804586733271
ck_4b2e87d86a5e415c,0.03822265806204629
ck_66f9f78d4c6a3edb,0.029850938614875647
ck_0b1d84252c0b46c2,0.014792837527530477
ck_68b5542459638b56,0.15334571653628576
ck_62967b91504149f9,0.0035884605375341586
ck_f99bc1732ce5e999,0.052017987083642095
ck_c2017120b3b88a46,0.00866385340228679
ck_f7ff94c3df5ac874,0.003046006324181967
ck_25382331551d22a5,0.02962340751826426
ck_703b41624ae6a5b6,0.0036642938927352337
ck_e2c66c72cc0b0f78,0.03306769047739032
ck_28ac4c5134cb8e77,0.017839223829981724
ck_168c96a1a636ea15,0.003922257098538266
ck_39a81899dded61e4,0.029441019573874856
ck_94a096c36162a153,0.005820831409991982
ck_ee535461b5f05539,0.8021397011222937
ck_59c29d9c57b4f994,0.023170974692734558
ck_8982888dd6611143,0.005793462662836628
ck_60896cdac2212bea,0.11862400198976637
ck_aa188e5c25f7f42a,0.021711013208756475
ck_1f56fe99f250cdf4,0.016059151303168276
ck_d0dc156441fcfdcb,0.006838271754370876
ck_395f3bd4aacd7ca6,0.0066729615381315
ck_5576b725de38d106,0.056625319170378684
ck_e2d1f212f259539b,0.006713282503404091
ck_3c3a1a1365741bba,0.00440587606122533
ck_4f325dd15c9bd45c,0.012729704766172025
ck_66f0945add423e9e,0.019282588097511582
ck_a74f6a3030f5d495,0.010118825080766483
ck_d9ea77f4114a389c,0.051431729048296966
ck_bf15a1f8d67a30d3,0.02187332532647179
ck_bb643194d1cbc47c,0.9989813177341044
ck_80e5ea27848069fe,0.006074971689216681
ck_635646a661f05b4a,0.01148499338604222
ck_bd80546b4807dd59,0.03551146144303797
ck_63743141ffa11f45,0.005431947795681503
ck_0b8b7c5c581fd161,0.002829840478914705
ck_79d62ef181bd0cd8,0.0067826444667865695
ck_562c76a3753fc7da,0.11306250521531605
ck_d66bb1f063357f99,0.004313001124586568
ck_89d7bfc81c3df597,0.011297629971059027
ck_fb0cf32c4a56f740,0.018478717163796003
ck_6c679602a6476ab2,0.0014549766098534386
ck_71b37fe47490b4ba,0.00535865271605166
ck_494ec63c5ce8e150,0.010049200441178569
ck_92e474e4368c4791,0.010965234315361859
ck_2d3d6c9364362017,0.0019980160389638925
ck_354379de065a8ff8,0.014044646397110743
ck_f7bde7265053364d,0.01919638439548291
ck_820219bb9c761b52,0.13731020509373268
ck_a5ce2ae36fb410d9,0.003754501720830418
ck_ac55dc6cbcdf8228,0.007848061050968972
ck_f34c93a8173555b1,0.04490295211112964
ck_fb3b68b4424b5f92,0.06257661021494955
ck_d3f44bbe2f7e9b2d,0.00808504944170421
ck_dd9c5f0c42878e67,0.005013037950619125
ck_41bc3efa0fca700e,0.023072530870665093
ck_4d1baef193cfb900,0.02396030464931528
ck_aecdc5a96321a2d8,0.0251285824476811
ck_e7c8a9e4641eb9ed,0.0007146298040721533
ck_f2350bf355dc919e,0.011163075565685647
ck_bc61c59970f8de49,0.010071423280801371
ck_389607982eb6b701,0.9477315722597888
ck_ace6b72e5bf3e93b,0.02421602991490924
ck_2afdd69094c955c5,0.015274425113617715
ck_fc9f16df35190eb4,0.0743242488808128
ck_c43b4175fc9ac5bd,0.9801146796655765
ck_1a4e5ace078dd782,0.007993826281358751
ck_232325ef6bce92f1,0.011163619745862415
ck_51c50c4c443df31a,0.6866480268769947
ck_126a82e8d42e5ce6,0.00845814749154012
ck_caa348f0e65db062,0.9970704848260834
ck_a6f61864fac3c8fb,0.004325482411910809
ck_694eb6c43193afd4,0.021817021174063714
ck_d7792b429620fc24,0.012139910081462237
ck_2208392a9f6bd249,0.029040688449735324
ck_8ff7a9b23a55fd62,0.006698577887385957
ck_8c5b29f6666d4874,0.010034887128381685
ck_fcf5b8216d0c18ef,0.03582962442375541
ck_393287947b5c8d79,0.006722978254664039
ck_3e6833574edf1736,0.00282591200700657
ck_8b772caed8f1541c,0.004635191267470868
ck_e914974cee1bccb1,0.013597888470451633
ck_4f1e962ff8a29732,0.004752146487977084
ck_f6923088c17a04e2,0.021795148178286445
ck_10f90d879209734f,0.005132679604685702
ck_3d6c3c00d854f5a4,0.0366040062249541
ck_6e8f8ef7a03cc6bf,0.008437399959026941
ck_833688de8629c5c0,0.003219671145914931
ck_20578ac693ea4e93,0.16372216165655468
ck_43aa136bdb0a2832,0.8621004307682455
ck_09cd5c4df1e81ac2,0.44229680615009304
ck_8f4b384955bf57c9,0.009730495696909588
ck_94b90ab8b2dfb50f,0.013794907781652724
ck_ea618f720ff0b4b0,0.005383365919469648
ck_6c83aa1d100a7cd8,0.020186884435254657
ck_e7be077aa0b2632c,0.004290403906263887
ck_e10ff5c38bd18470,0.00840592288623731
ck_0593ae243a9ebee9,0.013637753439049619
ck_b20b81b88dabe28d,0.0036594259021079144
ck_2bb6a17e8eee35cc,0.01971655775193422
ck_8def763034187436,0.03463107718736185
ck_c1aebbeca6ab5ff9,0.008197013691752329
ck_ef307a6aee38d1fe,0.7596342625315393
ck_49dddb894d33f6db,0.048268830648933336
ck_0daec63bd5b0729d,0.01978509994453534
ck_c49b685d2b3ab89a,0.0030460594986098373
ck_732d45bd578dc39d,0.016051487663633752
ck_74c3c3452e4e7cce,0.002799324591279043
ck_5986119e7d81e831,0.016120581556381488
ck_98d2f9a6ba3a3077,0.9781499415191053
ck_586001d3ed9e7fbc,0.002383140226680922
ck_03be334935e999a2,0.006489078004063263
ck_9a43c0c73a39d759,0.021296430659069377
ck_a1c7cf63467df4c2,0.0069933112456163835
ck_ad48826c1c26eb78,0.9602163360637321
ck_985c9ca112000e9a,0.01593812910239367
ck_aa06ed358e43db69,0.07369193586170375
ck_d21612d48bb4f7b8,0.004202643530968313
ck_9a9e3dac79280d7f,0.04327467157942744
ck_8250eddc1ecb07a0,0.01976985623639166
ck_d6f27eacbad310f4,0.012083145327071172
ck_27d69ff4e0cb428c,0.02561171794992101
ck_5e5461dac83531ac,0.008155824320038259
ck_d1bb8890081e0a31,0.07928621931295962
ck_cef2a485a77e0723,0.0018762301389502385
ck_3e24b026bc66789b,0.0008265246593478765
ck_8105bcf69a75ee47,0.02808988681309871
ck_6494f0ef13ce44d9,0.020206187930468637
ck_a4a7ef3ad799c380,0.021637070965884866
ck_a48ec0c00ae20e82,0.017476797717721523
ck_4717f24f2c6f40e1,0.01849267979437665
ck_54748ae0f2daaf10,0.02131199179552538
ck_ebd0a45712dcf07a,0.013272877625030524
ck_998475a2e4dfad4e,0.00452538959343514
ck_99c0a41ac9c73857,0.0031341062287232697
ck_ca24bb0de508efb0,0.0036102004947115825
ck_f2b8995fe5402759,0.0035283333104923257
ck_d37d56e931105db0,0.04793195056553194
ck_e66ae4fd586fedea,0.0036930322458158353
ck_c1e7d1021ae58f00,0.0010997127208924697
ck_687ab5d5554bfa79,0.03739142298209576
ck_8f8e5e2b9dfec3d1,0.25286696486213633
ck_537cc97d0398c922,0.039353685874473916
ck_56b389627d8f02c5,0.9538131918914396
ck_48a6754977a44db0,0.005159096151746065
ck_074f20921189e7d6,0.008708755700306606
ck_f22aacaf86a65d7e,0.11482444210821913
ck_828eef2334e17b3a,0.06577513694508072
ck_dd8edfefa1eba531,0.001104597907177463
ck_66cd34bc568d95e0,0.019880500143096655
ck_c95c786d2f8b8edc,0.006343978713903802
ck_bce5b7fecfb6264d,0.035876342048811946
ck_d32fbbfe32c00416,0.019403883461368898
ck_bab5759b07fe2bea,0.003761426135133383
ck_c55afc68421d85e2,0.0038838038972206085
ck_dca0b6ca93311ca2,0.04066220906780796
ck_e0571312f395cd94,0.007343842991519412
ck_fd038a7d33a9d6e5,0.007845974225973072
ck_ce66831f6611014c,0.00706842774499546
ck_09fab6b9825001b2,0.009066450443182331
ck_80b50fad7f255e1d,0.007534029421540215
ck_2a97db9377d01e36,0.004963919977199732
ck_9e5b7acf51b1b743,0.027946850329048437
ck_5468fa99c945d785,0.010223627236890432
ck_556786868599143b,0.021005724336119618
ck_a6d4f998dadc90c2,0.7350101164814534
ck_4d2159603045109e,0.008267718380320694
ck_a9ca2f447b984a6a,0.0335216509425428
ck_cd553ba6589d8bfd,0.008822269428028297
ck_830b2c5d1818ac07,0.04495962205127309
ck_80eb91b0b4001084,0.019437045663614413
ck_730226c2d216cacc,0.01550642976391776
ck_f07e27d125497b66,0.017849988790519366
ck_b68199ecccf2350c,0.0011067872056464304
ck_15dd3ecaa8ce0245,0.9353283187032547
ck_6dac66c8198c07d8,0.010237201259939642
ck_6b817117d87063a8,0.03319882396144607
ck_589109a188adc2c1,0.004624601405094421
ck_bb76609b79e0bc9f,0.011628943371454377
ck_f0cbd5383bb07778,0.012683924463411421
ck_02b9f418524f6650,0.015573388072440884
ck_4e9a6f06ab134102,0.007688699529481196
ck_7334a9ec656263b2,0.012236447331943002
ck_f80af368cfc6cb7e,0.012519865207435766
ck_d74b2ead8aaa3f73,0.007611222662213951
ck_1dd69a11daa7bf1a,0.005327207334278315
ck_7509eb97c1948b16,0.008993254806029288
ck_a406bf11e48cf8c5,0.03530146458181508
ck_d1e3de178601d3c2,0.020771785380798886
ck_71044c29ef071570,0.004119632055089058
ck_a1c88c0568f142d0,0.13074619778076937
ck_dfc6f5712d8d6678,0.08504081940175552
ck_9c56114f84e9a541,0.007922175461063502
ck_d7c28eaa05bb7144,0.016362451023299564
ck_3a30132a57181fe3,0.038348740259388704
ck_48d0fc4f6a2109fa,0.9997508252153439
ck_c0389ebeb0e65cb8,0.011733027677396297
ck_b4c014d5c0cc9eb2,0.007894016421810405
ck_a4258806a533efa9,0.008092494208604015
ck_363751deae40edfb,0.05655291246566868
ck_c1295d97cdf35ec2,0.011141730318518242
ck_648c03f9aa4e45f1,0.013254528646357394
ck_65ed7e72f24731e7,0.0021810591777132247
ck_633e6579f5c74a5c,0.9832509798232172
ck_45cd5ef6b359e9b4,0.006611137492147406
ck_2e679af24adedac8,0.004594243992219729
ck_9e962f9bb0e7bac2,0.012243454000018479
ck_bef3193f124fca5c,0.03193844251288967
ck_a907fa8795cd4baf,0.00495545158199572
ck_f280d31f54a4710a,0.04480099052690118
ck_8c582eb0f6c0148c,0.00493068862669905
ck_4807726e797fb893,0.008939774946685757
ck_b3263e7f31aab45f,0.011630998070528944
ck_3fb9813849e51837,0.02133851478083719
ck_eefcf0ed15897898,0.010569317391553467
ck_bc996c523944644b,0.009748544777268513
ck_74b848064f2ff45d,0.0024503468570858185
ck_5f9e34c849704b95,0.005028425286757696
ck_fc7a9d0643570053,0.0025100454962172763
ck_f437a53fc832ec95,0.6377900935295643
ck_56e6cfa32156a916,0.002150966463365041
ck_2e1b46c5fc56b863,0.06349336657708833
ck_1af2c0b3b8d202c1,0.007590712226792828
ck_27b07021500ee841,0.007080709008208678
ck_148cb0c723284dc0,0.006252424127492556
ck_70b9274473bd6dfe,0.0031284696568059816
ck_fca7cc9c42695453,0.003300622439852574
ck_8d9518f64b222416,0.01183916223507754
ck_f1e1c8491f16f912,0.0031587310380616442
ck_d36733da917115a6,0.01142416983128141
ck_a4691b57f837d88e,0.006331820721951375
ck_e738e920bbd74a7d,0.009589912198123421
ck_6d26a152f900fee8,0.0044717056103699
ck_630c835243c66b19,0.975460651905922
ck_e88e86b19cada4aa,0.01308187457830897
ck_15918075563eb074,0.0035146061364605373
ck_9439bff87e616d4a,0.011702300740074249
ck_993beb188dd4abb6,0.006490645033345938
ck_dff090f03ca5529e,0.002803505922270787
ck_3baae40454c00938,0.01491427843775888
ck_6ab83f45bf16eaa6,0.0868216844507323
ck_77fa39d3b733c226,0.521293958519851
ck_daefe1e2d2bc362d,0.01598227957333877
ck_f01e94331067edf6,0.01481366347872189
ck_773efe58c6278c3c,0.009692912574274586
ck_f7a7f8f5903617c5,0.00975196392563715
ck_fe037765aa465c58,0.005991583143018477
ck_29f3a1737a2d9634,0.01261374743554885
ck_7825494e654d5695,0.0177814453036788
ck_325c7643cce02da3,0.04976996599987025
ck_01e0689157fe9617,0.8706220748847745
ck_7bbe1dc8add17ef0,0.014360404092657469
ck_e0ca2c819658f6b6,0.985959600175979
ck_2d14bcd2e0fc043d,0.012337621383034575
ck_fac32d76ed40f683,0.005393239603380688
ck_50df50af592b0c06,0.009760501256945225
ck_23981a3261674131,0.008097384444119622
ck_3a4811dc4a1a891d,0.004068897721533732
ck_4874bdec79f9106c,0.03732419745316248
ck_fd84507228467b40,0.02386361693615573
ck_6a17384072f904c0,0.010556450604097021
ck_74991a9e85c3b07d,0.003179001473248095
ck_520ec32c4f253604,0.015718943287657657
ck_ed01be7504dc4187,0.061480774680686585
ck_c6fdb2972417c9bd,0.010172215205075082
ck_74a06f347b32347f,0.008818772782019283
ck_1e7de58822000dea,0.032985800900306464
ck_cbe716f351d660d4,0.016247538782862204
ck_7560f1891d66f294,0.0038206981663629707
ck_45f4c821c70d134f,0.1712556020430127
ck_b1ff9edc51d42f97,0.003970751445936004
ck_114141d85256c9ff,0.001147430378517444
ck_d0e95b90ba86da10,0.007130994446058411
ck_252b0a0f1119b220,0.0015689222608615706
ck_28dc0fdbaec00580,0.027351178324789192
ck_650020c500b1b50d,0.008738578102566117
ck_e77529651c416cf7,0.0037741175705440747
ck_f0982bbdbd122f91,0.007041200056739411
ck_f439f16f8693883f,0.009415983505204693
ck_e30cb64302939f38,0.01414105522515757
ck_873ceb8004d3a9f7,0.031503749569242824
ck_db6d1c6d31da967a,0.0055025345178226215
ck_8e7a32f7e3905f4e,0.025081988934213602
ck_2c91f62c05685ed7,0.016565430723531317
ck_7f79878197340435,0.004774718392018291
ck_23ff85f9d2355e8d,0.008724930997860777
ck_b138fc249e659e60,0.006427465382416688
ck_b911a09f328dfd4b,0.0057686244882110315
ck_a2858979dd5645ef,0.0035704915384735998
ck_f1f2c3c623553f0d,0.0014006348914690906
ck_30f4b2ee8abe1342,0.016791759952306928
ck_6e8751b571ea54d1,0.011491985469045063
ck_e901dec0e09eccbb,0.002465354845328945
ck_10495d3a635b8d69,0.016480637021481104
ck_4f5d7985bcc2eda4,0.0022035010864189805
ck_7df526b2b4410bb4,0.008251622963203305
ck_4e1757d1347ab387,0.9969316779807557
ck_79b8523137bb2603,0.01679326198269191
ck_891530b489ce402b,0.00910707823578464
ck_41b954c7a948c060,0.007181598959908824
ck_59a561f3df01441a,0.38211977712834594
ck_96e4d38ef670eaff,0.0033776722866453762
ck_eef67f8dea702338,0.015746936931344685
ck_73e24f5a8da289b3,0.02869089641451781
ck_52cc2fd5095b169d,0.03987135846025181
ck_dbb498b1a346a402,0.0008231368331581968
ck_f253130dc3ca5b3c,0.0031241123657382965
ck_942dbf632591b65d,0.037335989659850265
ck_ab4a8d02ec3c0fd7,0.0012141964315567299
ck_7f780f465c29398e,0.006536702068279143
ck_adf84b9df54c3d80,0.02161649440847615
ck_1b1df006b81d38ba,0.0042211493090566045
ck_3be72c9c178fa00d,0.05184346942830057
ck_ee387f9da79e67ea,0.012665184631230677
ck_731869a0c39cb2fe,0.012277784063337719
ck_f2b0e7a47f442557,0.2595983039522031
ck_4bc42878fa180991,0.015647850775265863
ck_5f3609511443e5a8,0.006896302125074785
ck_b354003302b272ca,0.003775915843028225
ck_1c771a7c78f6622c,0.014168901449178397
ck_466dc6274fecd708,0.004904987774897098
ck_89c74feeaffa7d09,0.0037978027073843263
ck_1ccdc69d0bb712b4,0.004198164967182173
ck_b22e3337b8e3dbb2,0.0076218690493717696
ck_79c7f0d29b1db1cd,0.06116980427145064
ck_84df6770549e43fa,0.0038104695034880008
ck_3c6417a233c68c73,0.028450791566114353
ck_f7485cba392bc294,0.7849567679280689
ck_46bfb2cfc29a6d2e,0.005309574753456513
ck_e4cf189a8d31649a,0.0038481427190960524
ck_770475876d0e7e6a,0.017624435108367243
ck_c2b61a98d1c8f6dd,0.7853560197032433
ck_8ae64df60ab6ccda,0.02241575009882619
ck_507e40760a24d2d5,0.027266062362079856
ck_a1e77090b1c6ccf4,0.007909150892453545
ck_09aadb4c41b166f1,0.0691814794371573
ck_604c17cb97dc89be,0.011773282182079948
ck_8d94fbb4828ef326,0.010889608064930088
ck_17c0a6a92b5765cf,0.003517971067055321
ck_ac79c72a8fe3fdef,0.024613103967899078
ck_b8cc2df5192bc49b,0.01218287849779346
ck_3132857aec8485bc,0.0017936799647037254
ck_b6cb8d6ae828eed1,0.01752535016302976
ck_2f82ea66c4f53b33,0.05232105470057755
ck_1de43fd6c6c22a5f,0.016223242229519253
ck_0348cc6908f7f3af,0.0015372021936957956
ck_6e676daa4855b58f,0.03249973597707754
ck_2a37fef48b44e9c8,0.023030365854888775
ck_bfc2a57d8fd1610c,0.7638070301269878
ck_c1c7d4e62c9fcded,0.04861649968054365
ck_36e72ef9273e7a95,0.007470830862074117
ck_ebd178b3f3a9c50c,0.009245054158885576
ck_c89b9ca398402f1e,0.0020099155996477925
ck_bba413492dc46f2a,0.005747703884011344
ck_e971faae8a10a260,0.008617176441911316
ck_7e6569a1b2455cb0,0.0026458570362680412
ck_744ffc11d32b96bc,0.010043308662344696
ck_435cb24538c6f77c,0.023414441952709072
ck_411219470d0a195c,0.06919990128451953
ck_6f730b77dc6cdb84,0.006369260889464006
ck_aa4ba931dd37481d,0.002917759959118269
ck_aa59702537557ff1,0.027328317948365436
ck_c58d9151834f5bad,0.04036716163219144
ck_3a0e0200cbb185cb,0.011920646046547677
ck_c98b16f9a72a6568,0.0010087817177256494
ck_e5cdbfcca2456652,0.00832293589374251
ck_ff45764ea7d6619f,0.009659915241200969
ck_6ec39903f765956d,0.03564036447225307
ck_9e17699baa83d173,0.0030149608403050245
ck_1fc98436281ee39e,0.002257542999137487
ck_76ebeb5aee42f041,0.007874093124390108
ck_562320295fa35875,0.00511524830595228
ck_84c402b23766e1f2,0.011242131356130372
ck_8d0532d24f1070d1,0.001510928482059481
ck_32a495128395fde5,0.01800691606014979
ck_f067470743d3c7a2,0.006757640630277097
ck_28dde633692904b0,0.028057927084028204
ck_e61c8721e3ef1921,0.002974394010706648
ck_4e333c09f0c37dee,0.012065472289087343
ck_3d58628d1c853c8a,0.008180039355112863
ck_3265442528d51728,0.2525618808180764
ck_cb1c00c300af3f9e,0.20272436214198128
ck_7ae86b5a885affc3,0.05675829092917288
ck_a50370907e6b397c,0.01460195320842061
ck_df87d6f61a63eb21,0.010018581305597966
ck_85bf21aa1a00452f,0.007225343593560531
ck_b9f1465d803e57b2,0.031250765950796656
ck_91c2a5fe69b9b1d1,0.009604346690491941
ck_f3199fbe84a28b9a,0.009752379753415825
ck_ec3eb6dd0967cac5,0.01234427772858737
ck_5124a2e415384945,0.035135625477251055
ck_073509af21dd7f5f,0.8944776647072226
ck_617b65141f546a1c,0.006479590291242998
ck_fa4b60387d744fc5,0.005515329887534075
ck_98068c397d70dd3a,0.01841541672517374
ck_aed2681e1646a0df,0.02083949233620815
ck_e98429675b46272b,0.002426549402991127
ck_b25657bd16739036,0.004858178959521545
ck_75217ee144b715f8,0.05499002888226902
ck_b359192aa659bdce,0.00797378591524336
ck_82181b935360dcbc,0.9993230440523236
ck_52c0ef68aa2fb8cf,0.008927695498681934
ck_06f042e9b1b662fd,0.08422841495489757
ck_c0b5cc3e8ad2ff44,0.03004479294460651
ck_368b968b5f33431e,0.0024787667235277857
ck_6e44024e9de301c6,0.0007463479019052415
ck_f5e02a3432571b20,0.015351733622661278
ck_bed0c020b10afa3b,0.012384961817643644
ck_7e63168dda612235,0.09157008575782806
ck_4c25570eb72711b8,0.0029848251424688305
ck_58955542edee1adc,0.004300941778016119
ck_06d0e4a9189302a9,0.02898276706779991
ck_f1b80b821a20186d,0.03719140039216763
ck_b5c93e6d34f8d366,0.004762553373207079
ck_69587a134d43a4ad,0.02578288726301316
ck_70a932ab39d86a24,0.0029923424981224632
ck_96100d5e8e051e91,0.0038732571661498102
ck_b26e4ae47c9107ed,0.628759208658631
ck_492e4b89c61b7b6c,0.023001067089647866
ck_36d78ff3bc033ee5,0.004262199940565917
ck_9c9884b9bcaa552e,0.08134734849135436
ck_cfb11a0a2325bff5,0.005788445597835992
ck_598e036a28262aeb,0.01582884018856827
ck_8176616132458c0f,0.011250223459298271
ck_4becdd3d2696c7ba,0.004693462499749958
ck_7333cedb61506ead,0.004304004677261282
ck_a69ca7b9d70972bb,0.0025761152026856347
ck_e032068be7b77d15,0.009404520442925224
ck_02ec4e06709e6b82,0.002613523741389368
ck_13cd943777651aac,0.008983962780036074
ck_29640fc2fe81c251,0.2360395609970305
ck_00d1ebc31ec4653c,0.5253469858166063
ck_7c872c99481c1e9e,0.009377354073252565
ck_b1dba768dbe7affe,0.10431164379896529
ck_7c3a6a82f3c3241d,0.0032413012316252756
ck_c924f36bc1bbbaa3,0.015894585465215286
ck_0a2b7078736b4dda,0.004899416107708153
ck_5b5dea6476d4e182,0.07625945052943067
ck_f271e855925e8d6b,0.15758470680167505
ck_97a8dac48dd62488,0.0799185173676486
ck_63133a79f23e2627,0.011886676370899421
ck_9b5ec0f78e160e65,0.0038350790260605902
ck_7264486eb512d84a,0.007608032729240057
ck_a50621b5eeca84b4,0.02248405843440943
ck_901d820e0b72abae,0.0011739703314850398
ck_9d1a5cf5a3b87e48,0.00768286090204652
ck_e291cc60920456d0,0.5653554384410743
ck_755010362a9b1bc4,0.03382196078807007
ck_8285bd3c90af94f6,0.026208933355102017
ck_a60388296a47062c,0.02893448757809715
ck_d3d5b2717cfc3913,0.013004625855610885
ck_18d214b1418be39d,0.014941684599068908
ck_6d64e1c07b19856e,0.007924500215355379
ck_0a993bc947bab61f,0.13630959342365748
ck_7501ebbf4e21f160,0.003917795118760139
ck_cba4162ef29a6d27,0.005380312980113814
ck_26bd0f8898afc8ba,0.015231625223712512
ck_0a0cd7f4be606a93,0.0363911069212758
ck_f2c7a4c50e2ede96,0.0063133203697729465
ck_50d0bb7edd8c69c0,0.0329857056753277
ck_5791f8f76a629a4f,0.0335313465467063
ck_0bf35dcf7b38f650,0.002618992710463798
ck_646dc03de4c31803,0.8012155657440434
ck_d4007b5b26d9d854,0.002929333215008346
ck_943f66f28dd24750,0.0006447849929707883
ck_984dd7452aee372d,0.020974444742103544
ck_ecaa6de0aca5e9a0,0.08606455321364548
ck_2225b555aa2a42ed,0.01164246436574082
ck_f11f7691af16ad07,0.004353295140529513
ck_57849e15b61c43b4,0.0066629983697508825
ck_e6b95ff91116a592,0.010314618631259612
ck_184983177b73dea5,0.005574929987766095
ck_3bd12d468fdc2450,0.008646770160717012
ck_08c7bb0f9851cb76,0.08689422410656597
ck_779581adb573261f,0.19901178954607696
ck_02d4cef6358ad3b7,0.012544319963811945
ck_a60a61ac829252a0,0.007580677772609543
ck_942b95988a6245a6,0.024358367203052376
ck_6ea70950c1cae00b,0.9752150146572747
ck_f823407ace7ff064,0.026154287924063078
ck_7c418947124dee8f,0.028515737716436715
ck_bb0713a2a1d65982,0.01679985298325465
ck_a85182ad90b6f1e1,0.0029534890118520004
ck_e267999226b6321b,0.0019416428092203094
ck_4ba8bec14c2217e1,0.017713347705414717
ck_174be2231c5fd2b6,0.005538510960818039
ck_610815786d729d2f,0.008342059178791425
ck_e9b75ed7567a3f23,0.010953350316346113
ck_7c5529bcc079600b,0.02523983796470329
ck_5d16e257c0635f7e,0.7480778016870712
ck_c830f3830875b47a,0.017874062915858014
ck_2caf553b31831a50,0.0076414815461845935
ck_90696b7182dd9129,0.006520403899037849
ck_38e4a74ab256e2eb,0.014238275428310196
ck_cdcf6671b37c9c92,0.01712243472400426
ck_f0c18cb9f951a71e,0.005733319449748018
ck_d61d97b21002f3e9,0.017738768148459292
ck_cd09375e6c81d2c4,0.0236054089122108
ck_a79a27767a02e31f,0.027084962425317227
ck_0943e0f305078e34,0.9956922882495934
ck_fe3b67041dad2dd1,0.0013889242551782793
ck_3420f2fd520890f3,0.024258475282327267
ck_3e91dcc209431984,0.09200189983922695
ck_e4d6dedd97233c07,0.016524757141847358
ck_19db0bf788697c2b,0.009049329958965523
ck_4221e07b17388fd3,0.02746727463685328
ck_5e8e857b63966609,0.33610944319403724
ck_c8806749e263f70b,0.005092219407637064
ck_233a487d31c3e631,0.9931643963191847
ck_e2a2ce9b8cf44c63,0.025207494091723834
ck_e6c8611c0cf233d7,0.0035905064514800164
ck_4fecb87eaffd5cb5,0.0032804985716790207
ck_f91d48c40337d375,0.03471581317144122
ck_79c30169c71b8033,0.8741894120818322
ck_b0ed11080076e381,0.004122265945396017
ck_bd2545c62f258231,0.026241207242410455
ck_d69de468b44143ca,0.006974040877468452
ck_55fc62a5f89a7251,0.010096109269551625
ck_c16ab1e4dafb4910,0.044533063637768856
ck_069d158665a53909,0.00929428547134524
ck_ee4ff3aeadf912c1,0.00822892080580846
ck_ecb1e15f0b185ceb,0.01763940485726958
ck_e76db7d2562f9836,0.0064725801303285955
ck_d1d079913aa158bf,0.0061469116110073425
ck_2cb763a881aee27f,0.003481924554502639
ck_19becd44f2c3d2b5,0.022281528031409762
ck_5e20953547ba4135,0.05907705307626949
ck_f04761b4a937ac3b,0.03210173607107562
ck_7d0fe77dd5ddb656,0.02304855609357577
ck_78f01d78ea79642f,0.010138926065068866
ck_ad54292a0b2f44ef,0.0056925629787797005
ck_66bed631354de5b7,0.009942037735651034
ck_417090dbffb1a63c,0.016856192252183412
ck_d0935b571a4a3868,0.014208830403001103
ck_dd0e17605f970319,0.008423715961096605
ck_2dc31db181150e20,0.007922134028519942
ck_b568ba3837afb39a,0.010012107199365839
ck_8de69cd219d3b87f,0.8600511331041908
ck_3d4913a86f207fee,0.04234558117218507
ck_ee949c71f4f702eb,0.9873924363743096
ck_01645ea51972e99a,0.01344595645497743
ck_a60c618b7f0e4252,0.006183514277137729
ck_3837ad850996ba60,0.009684468022763135
ck_a524071c51ddde20,0.011043287191884712
ck_0af57ebaa45877a1,0.009085561272436251
ck_a7cf6c3b322f6b7a,0.017836001062377427
ck_ce0ec41f96951048,0.024708498629210252
ck_5c3a671883d58b3f,0.0016094098621775668
ck_7905fe8e257b0449,0.0835902852919859
ck_da6d1e5cf6aba6fd,0.007165405085433282
ck_6b67fe8e310ab865,0.014525450081254247
ck_cbaf8a954281d4e3,0.9167934468647291
ck_ed26d906883bea0a,0.004471066536071645
ck_b621b6ffcc7f4848,0.005471605636159228
ck_ef6f8e048ae1bd4b,0.010789815218354903
ck_2a09d142de1c77ff,0.0064460466375767566
ck_c340644176ca03e7,0.019624321012776107
ck_bea2cf7a6b7bb900,0.011556024360459416
ck_1f136a4476b5e775,0.022240081189946338
ck_3759939a0205306d,0.0069382171517559
ck_ee13c091bc379188,0.022850315144424906
ck_d58e058b5c553dd5,0.0033058687108168555
ck_396e9ea9a6c6d7d9,0.008794987047518134
ck_402db4184982fdf5,0.014661035143019852
ck_a037aff5f8128c73,0.007117709368534631
ck_8f6cce9f69912983,0.007059458690084314
ck_8758fc6622bbb7df,0.012065080158364562
ck_6ca018259f70858f,0.0036791743400370674
ck_63379e3c9fe6f711,0.009553099312089959
ck_5aadd286d188f5c3,0.0049110430133835065
ck_e69d27e8965df0be,0.002316845496416907
ck_c67f7944896a0310,0.03494772664680917
ck_565e3418d2f4061c,0.01152172612226963
ck_58eb871e8d7bed52,0.02027415856307159
ck_d5f5b0dc97b9dc27,0.006044530547174254
ck_87abe9cd066a20fb,0.03099587198061517
ck_ff7e31ff8ba731e5,0.004187505305677782
ck_f73273e220296be8,0.02551547924160755
ck_73f4eb09af29b1c0,0.014331280254044653
ck_49dd816b31fba6b6,0.1057263653060638
ck_bdd2da300b530c5a,0.0040380953438559795
ck_8a4952de8a123ef8,0.06537948105499547
ck_49170c4b31a20f5c,0.002408170782174819
ck_2b7cadbc8b180d32,0.6363995205323415
ck_eb1006e7285184a6,0.018065866016071373
ck_646d8d0834782d6a,0.11638202192890666
ck_1b823610371a29c0,0.007720655737406946
ck_8dde670a735d1e90,0.1022296473923021
ck_37899b1b571b1c6b,0.008359154205071025
ck_82a8bdd2692c2a5e,0.0038926258308600256
ck_5c67f27816ae0b6f,0.02427802528780578
ck_fb6e06ca88519dcd,0.008818658112971948
ck_f2c33d5b65b321db,0.025529448738971432
ck_ca1f6f01868e978f,0.005107810826803687
ck_22bfb9246646eb41,0.6998500086673298
ck_7cd9f39c50748ed0,0.007004407974345739
ck_62fd7eb46bee9210,0.0073808241865110855
ck_c3c19d6a0720915c,0.0027606728010474146
ck_7cd0634a6e60af83,0.0815686855599226
ck_2733fc6ba23ae46e,0.0694031446470516
ck_82f3f744209888ac,0.015558218178166524
ck_66eb09be007f0755,0.016885179898889668
ck_7f8e816ca51755e3,0.9981068547538292
ck_4185506d12cf9fa0,0.0036398259800391615
ck_2659d1d3762a2825,0.00411326230142459
ck_df4424f6dd85080d,0.02918400796040166
ck_5e9e149a3b69c726,0.026856060345321616
ck_8288f7f226e08b89,0.008035872322180717
ck_a7285955e2852686,0.0507509585194134
ck_d099fca88691f66f,0.013769530012791876
ck_166bd1dcbaf4d6fa,0.0024120410064725813
ck_fa5830d81bc8ddc1,0.008988533833986725
ck_18e2076397bcc211,0.025689180063496412
ck_f7285b92648c1c81,0.005335595020299784
ck_ff42557857ae3aeb,0.0008989017888089635
ck_7956c251b85f009e,0.7652338332538083
ck_c2d3ecd7278eba2c,0.015085884896178483
ck_fa00aa0f3e859904,0.009603708475841168
ck_0063d2a9507467e5,0.004824072830377067
ck_26e9a7bb2061a58e,0.3718226267659885
ck_d7607a213b800bfb,0.01284954153183651
ck_266ce7ccf41ccc50,0.01024060747729123
ck_8e16a64a776afa82,0.4716540161330963
ck_f7fc1bd0b9ab1fa4,0.029473219465451395
ck_a4fa8833995c716a,0.03187264784571331
ck_ab640420858ab5c4,0.06522029522617451
ck_5923f53b77193a58,0.08006314730258882
ck_d1bbfd246c0ac9d5,0.022880839995495745
ck_e007aedbf37d6ec7,0.0034747841535595586
ck_9645e7adc08631b5,0.012738870988699004
ck_57bbb19eecb4b87c,0.0024102046206741132
ck_96953b8945b7d403,0.014783272112992631
ck_1078b1e155b5b640,0.00823097091049225
ck_ee53ce862bc9c111,0.01647697825218935
ck_ba6e1115fceaa067,0.05194500727949126
ck_78181f8e998e442f,0.001994818311627626
ck_016e8c8eaf9d511b,0.019658402389197523
ck_e2aa7be60794593d,0.1055798040934639
ck_ae8e5dc4b725bc25,0.009890309034629188
ck_fc7935f784a4f249,0.011555265270245016
ck_05d44eb1f5f085ce,0.014371246556739792
ck_49886ff1e2c759d6,0.012884029633788785
ck_d87ab3261322216a,0.0026713838108054526
ck_0ac9848bd4ba0c14,0.003510993856304947
ck_d115ac6b9fd62a7e,0.00615295164508664
ck_bdcf049c1e7d0c95,0.0050723548110929925
ck_7743c9fe037d1f9e,0.0466867454721157
ck_37143d9cc296e6fa,0.04125178046536003
ck_2f138fce1171e277,0.013284913575303205
ck_61fa051192f3e810,0.03408831204059917
ck_417a3500b2c717b3,0.018079489782344763
ck_9473ea4a01c95f9a,0.03322887245680352
ck_de5eaa2cdbcb67ff,0.042973181086258916
ck_986e4e61440506d0,0.4766457212641554
ck_d3877e1f907cc148,0.010453723044959663
ck_2468a7e9e68a0927,0.009030743532039155
ck_c3ff6790cc6d7e34,0.002962540676956627
ck_bd85f30c36f5998d,0.06219856524752722
ck_90bf017cdd37b66e,0.039267765323435885
ck_448456f96788713b,0.009070998202377115
ck_455672e652fe1abc,0.8404318018818002
ck_142dba210ed2f3b5,0.014666709787595827
ck_895bb39d24bc1c4c,0.0005987852201950521
ck_21ed2ea6386c5a07,0.0014090015945058302
ck_61c74163eb36556e,0.010190221741886413
ck_7e2ae8b69ebd5675,0.0034022053962160202
ck_9b71274ff83de482,0.7919022897178948
ck_748af92828c9d288,0.006345456210461828
ck_6276ece8f80ea799,0.024001213231534327
ck_f4a6a7cadd6e0603,0.05898392112049397
ck_33ad8d53394ba77a,0.8541573524331995
ck_f65e5ff7da565f91,0.007294704796355796
ck_49969a9abc47cb69,0.015242214673442046
ck_f1e0a006068aff29,0.017491125661784675
ck_72b86e4485da2d0f,0.9977061552595408
ck_0789ff4562202b20,0.011029587211832828
ck_bff090cb4ab76b9f,0.008012954477337308
ck_15de11438732bb05,0.006146456161674861
ck_9c9287cb28950eb6,0.02729054900592606
ck_d11d27de7bf0b973,0.4835827347439591
ck_7f08078908599bd2,0.035050719186436756
ck_c1d1a625b885a975,0.056366038279615616
ck_2987eab34ca7805d,0.0227158970147756
ck_c2ed04a9d218410b,0.003663408259834129
ck_73d3e8c6077f61e6,0.09201069671115124
ck_9a15fdefc47e8d11,0.023887121649922956
ck_f738b633b8862d18,0.014630350722974347
ck_56eed7041add49a1,0.16101391377881688
ck_3fe86b6331ff95e3,0.05183960176411909
ck_34a69b3b4a681796,0.11877923424117039
ck_97d04a67a104af39,0.020148707665702974
ck_833a65b86a5d9bda,0.002033740400511654
ck_34dfb57e5bf31d2f,0.02840998562024013
ck_ba7e347251ea399b,0.02240829995862537
ck_31d4c0518e5f52c6,0.006686462000188548
ck_6f04d047d1dde75e,0.0034966989464472282
ck_82b5b79ce3517102,0.9097100707766376
ck_80dfa54b30f65fff,0.8431480491896617
ck_3d7b1078e2d57c69,0.005198023065298482
ck_dae09c4e074af5dd,0.01440263559717939
ck_4ceb43ccd0a81c2f,0.00341918087003217
ck_0cff8153881875ba,0.009681871553114226
ck_439cf7d51ec7de0f,0.009313422129709746
ck_165a868bdef28ad3,0.02200415489863486
ck_3174419a81e7caf2,0.002980677656797408
ck_0c3dd22587b08018,0.01706055914371881
ck_88774ae52e30e877,0.040184955734040545
ck_c24f61925dc158d5,0.04903972838608219
ck_c543d82e22b3c8a5,0.008049154426083407
ck_c78c096ca8cb33ac,0.0025214411246753574
ck_385188ab27784fe3,0.040567927335773295
ck_9947a323bab5cacd,0.025387150462127177
ck_86d7127391d4e01f,0.0054467754609333185
ck_a1484e6215fac651,0.9629313827549492
ck_d4fd0e438c97e0c7,0.025612946544144692
ck_ac7fe1c344190c50,0.014061975530921901
ck_e7a6b925c8f39a85,0.01055484935484094
ck_38ee42f15a573e81,0.03505748184405103
ck_01fbafc42c8e33f5,0.005080422700977582
ck_d3137f0f7629040b,0.005865802329621494
ck_73a7794b659d7a34,0.0056764319204668425
ck_c86520a00e50a926,0.016128811164059956
ck_7f6fa79c7a107161,0.007018461127542651
ck_643abfbd7548d0c9,0.010118318421393978
ck_1b0434f096795328,0.0051187728440743535
ck_e527fbb9450a4581,0.9716128157568193
ck_35bee1fc12664644,0.19629125893799
ck_9e21ea33018ce538,0.023405887606896558
ck_0b34197335ba3341,0.005540346508580201
ck_a432b1bf1d3b3d5e,0.1123120563618971
ck_35c93b2924900376,0.033436455785279755
ck_6430a8792f400e0a,0.005915162900774596
ck_7ef666d67bc70223,0.01720535368415247
ck_a3acf4b986afa98b,0.584947980115227
ck_5d1e25d7acc5af9a,0.007247414191574837
ck_d3885e286b3b11d2,0.01249776355703735
ck_e7f61b4a39ba98ac,0.003005434929305267
ck_c9690baddfc4177e,0.003790298292860789
ck_59fae092fb0c4aa3,0.007513406881191701
ck_11960b5f1c7a5e2c,0.003601638297392994
ck_4b9dd69946438d0b,0.005957787364217774
ck_a2cc3910a641a808,0.3820330887194798
ck_018f780215ecaf38,0.009821504759980292
ck_baba5d66def0d770,0.055806192519266495
ck_cb1bd7635968ed8c,0.028189843958034092
ck_5a17c89219d1d9fe,0.006567697835402242
ck_3efb0e9bf25612c7,0.002445382458811108
ck_66f94903177f20eb,0.003364429236723707
ck_295565fbf77ef885,0.006302300828345738
ck_0fb3153d37626b75,0.0032249531177968417
ck_25fc3010e8a0f6d7,0.009419689855773173
ck_879cc3166fe1bada,0.003737749959784903
ck_a5e036327d3d1862,0.0019153625349382338
ck_1694c28f44480e98,0.03556292639363176
ck_c6cb651149dc9a8a,0.0043845552129620985
ck_c5b583490198672d,0.008960010328456003
ck_1b96d9af0d7da2d5,0.00614567952599781
ck_0a8029e79a5ae7ce,0.021215399319703787
ck_c77e22834ef97005,0.8374690805510703
ck_d8ddf5e99f7859e4,0.005388288077824261
ck_91742711dfdffd56,0.010535807231550957
ck_95b894380ad2702a,0.03973513076842379
ck_277621473369614f,0.9954950068704006
ck_5cb9d7b2329d5ab6,0.05080304001952051
ck_67025c64588abd1e,0.0062630243925021105
ck_fef850553862aaca,0.003778182036117153
ck_7929284327667791,0.0439816135509601
ck_319b059bb2145586,0.027260756680265244
ck_c190c7b924edba75,0.3501607462908719
ck_57b657aba4daffde,0.02796290056971566
ck_55d7217b0aff9fa2,0.006609470554426814
ck_1dade5592f90a15c,0.01754066359598805
ck_8f346b72fb40bf14,0.004144683319696011
ck_cfadd21458230ef7,0.011737042583655773
ck_793048d11fb8b328,0.0945167837655788
ck_70b9b79ea1aacba8,0.014242081472730131
ck_c54c5d8e4433b0f2,0.014759167304699594
ck_50422466f145bfd7,0.002340513884853238
ck_a3564236069e3524,0.19563753899116515
ck_ef059997563e3330,0.005746311424097505
ck_e14892e424180549,0.0019824869863610565
ck_9f5f81d771146aa1,0.0024515401299636213
ck_3a469039a5b9d963,0.004957499310588522
ck_63601a58a6120d8a,0.008906711591341553
ck_9323e6fc1e168eda,0.8791290938152665
ck_bed8a480e27e911e,0.011539476578247375
ck_ddd6625c5eddad70,0.0024007919811941496
ck_5d22e9ca1d15180b,0.25924727244732554
ck_cf36d8b070ded782,0.01089182710104313
ck_fd5609bd23a1eaf8,0.004037532728929347
ck_1982d571cd36eb0c,0.015742325780180894
ck_c021495606b4735e,0.0176904596384428
ck_1fc03ba33edd9e67,0.01634574035840582
ck_67e075c982add719,0.012339136726807845
ck_9040edd974ef8e3f,0.23534627759676235
ck_c3fe0c6c5e1f40f6,0.011176519630756877
ck_767947540b234add,0.008761955238777657
ck_e8298ff2dc1e9d50,0.010083735304643853
ck_becb6e1c608e0078,0.0038670281508274298
ck_3ce7cad1f69b71d6,0.007902322894238565
ck_ed0e776c0926ce67,0.024908164643474718
ck_14f0484b3817eda5,0.018867959734126985
ck_e2a1068c2fa22525,0.026839054453525153
ck_eb224c0fd146253f,0.01655760524075748
ck_f92e04024bf13558,0.005587661340906841
ck_a9161cf1ca22a6bf,0.008367795318006294
ck_1a46b56f4734d52e,0.05535906539431739
ck_cd655202db489010,0.0024043169828433797
ck_a980b296c95153f9,0.01645165636910944
ck_beaacb4a783db21f,0.004677543665453866
ck_03009b721568ee98,0.0231239201833763
ck_37ad3a65db673e70,0.0020696668643212348
ck_071ddaaf2e4e3671,0.006720050946848006
ck_019d5891103e7da3,0.014257098298235942
ck_1a065ea906ae3d6a,0.026154564673328554
ck_6f2f0396e5b1c538,0.9956439354352535
ck_055fb9f2e1c8c934,0.012941618095172209
ck_6fd8c86ac719d7eb,0.03429169614823818
ck_920bb003b42e6310,0.0036401475784894827
ck_8beae3d7328fa41a,0.013356893412913493
ck_910205d25388a0ae,0.0023612962791649656
ck_007337aa99a4891e,0.003090964200035729
ck_5df6529ce8290906,0.034690945329485835
ck_35f8656bf93e3b3d,0.01752313849519594
ck_0a2f8b2f8a5b6f02,0.012966819756408057
ck_fab4f2f8531b4827,0.006190059289808563
ck_7c4e588f927c27c8,0.016961168814880568
ck_7cdec61e1c488798,0.31694009239686644
ck_19468fe07e26f992,0.9949793314637032
ck_d021fd497ea35fb2,0.009696142556012002
ck_1b52590757c0fbeb,0.010024952577521281
ck_074be35c951ae10a,0.01989814144540302
ck_38e46bc861e0165b,0.027244755029565942
ck_201687857ec8b3cc,0.024204570213236867
ck_bebea2cf3063fb24,0.007802548666229477
ck_dfadff70a58a9133,0.0011197231820717398
ck_d0c9633fed57c344,0.07898048414293515
ck_3303fd3f64632c7c,0.041938073115994165
ck_9d4fed252718f58a,0.0718465105073655
ck_65ad9b15979e3247,0.060006694175421905
ck_93892e91387f5103,0.006247690708360571
ck_6f81c199e986d9fc,0.007352615117466463
ck_bbe1a2ea5a403ad8,0.10932630365376872
ck_a89b66665714058f,0.00932209983230342
ck_0e9b982afc88a3a9,0.9984999849835887
ck_f14dce41036486a3,0.9980430019797809
ck_5d7ae0e3562e99bf,0.013639594554328428
ck_d263b55f0a681cce,0.015972386022813468
ck_a443d49c2b4863b0,0.01754155690120653
ck_2baf214ad6bc0dbf,0.026041209792860887
ck_3ef7a03ebb81cfe3,0.0021148536167280812
ck_95790440bc4bd2d0,0.004040933519339876
ck_841f598bbd54c83f,0.04955145431330844
ck_a7bc323ffed2ea97,0.10885924900209534
ck_f5100511609b92c0,0.0007783064682185427
ck_2a07c7021b71cf65,0.016205863678253295
ck_44b9125526acb05d,0.005260507934141219
ck_c2b4a1d8c0b6c1cd,0.0006247236272774886
ck_29c11bd68858e923,0.0030326871527137844
ck_ace3b96c977a7560,0.41635952103626983
ck_e3d4b6f681c783ab,0.03611327089888052
ck_918c92182b6817cd,0.011979272402979826
ck_d66952b03591bdec,0.007810695280789384
ck_7a58e0cc9943c39a,0.006427379691298044
ck_cdd2ebeec75bfa69,0.7205996791522716
ck_38703b7546d35a80,0.017765905801283517
ck_b60fb9a10d6f4489,0.027777183507684586
ck_bdf837d761a7cec2,0.2469495802538644
ck_4760216154c8cac2,0.7850967922297375
ck_b694c803b62862b3,0.1037556759864982
ck_d7877684c7923ec3,0.015571699382969062
ck_7384d4d2406aabf4,0.007423783245533184
ck_0c2932cc0d553694,0.012407070907745512
ck_bb41a66e3d90263b,0.0895297304311993
ck_5245cbc5ff4d4fa6,0.008427902612150307
ck_4df2fb8e4b649e27,0.023256093706579304
ck_bc6f07b06aaa4ce3,0.8450927863281212
ck_25a1ea40b2d59254,0.0074096703627334155
ck_af65eb885a51048d,0.005326681889968475
ck_7a3f2961e9a8b6dc,0.011801273452044696
ck_a9f700eee5d638df,0.011220478715503192
ck_5e18870d8e30e379,0.0480484558518003
ck_e9047964952bee70,0.01784530929690075
ck_49c3bf13dc9471ce,0.0417630078923944
ck_4f63d5245b3ac1dd,0.009733764762443831
ck_291bffc7809f896a,0.032563307697775566
ck_9b5e7fe28208f5d1,0.004094581527995626
ck_8f21f2690c32c691,0.026374824391130938
ck_729cc0b46cc2e546,0.10690701856237987
ck_ee4d9a7449515908,0.005806822884332976
ck_2c629c657f73941f,0.005943602887847919
ck_e4df7faacdfe8c40,0.01816944321871363
ck_ddc865af1dd5670e,0.007403827517791294
ck_e52cbcd9aafd26b2,0.007984932045452451
ck_0ac9114076f5bf3d,0.014756405512870293
ck_7661d7ceaeb19f97,0.006952649728141682
ck_028c41b195280980,0.004108144555694943
ck_dcc125b178b79566,0.0025644444089705275
ck_1f517e0ebf397b51,0.011640111795946081
ck_2c80a592fb4cd6a3,0.0038271460696005137
ck_391639c0f13932f3,0.002549245284300266
ck_c36ed9f8e6792ea4,0.013890500854706955
ck_3689fa41748a6f6b,0.04314948984026496
ck_555848d51f4b5f35,0.01873517576540075
ck_27e4de495abb4d15,0.028804635838746567
ck_054ed4288ee58d6e,0.030342971178458078
ck_1422a7bf7756294d,0.9923905175486476
ck_27acc9f320cda104,0.2940157385871536
ck_9c4886c5c90ddbdc,0.006165232066858108
ck_5efbea1befdefe1b,0.07798152605067471
ck_2f9fa0d61829f815,0.004900370249983028
ck_798ba4b8aa544fea,0.0014226406247024358
ck_54e581f71be5430d,0.0038828006608769253
ck_5b82c774df10d49b,0.003825560663118334
ck_01d840cffb870615,0.17604588547404426
ck_3a8ce1cc724229b8,0.001433064648428879
ck_8f43459991ea511f,0.006675661908326824
ck_f878b68d66fbfd4b,0.0026575642012242706
ck_e84abfc0c747c9dd,0.9830195351835821
ck_083e4ac78685c3bb,0.013827684050878438
ck_fd242b18575e3063,0.022312167454078703
ck_b150fe4efb449b05,0.004041887996214348
ck_5e84bca0e362da20,0.007774138668805824
ck_95188150ff059c70,0.015145755474858887
ck_c20638a325ead2e4,0.004647878225032266
ck_dfd3dbd0d97a642b,0.01271191436685114
ck_5fdf8a0bdbd3ed62,0.00919353436116088
ck_d6df562a79b9d0d9,0.012886741426674848
ck_28c53b214b2ee882,0.11876641651900305
ck_aa2b4c662ff213b6,0.01302788134128384
ck_5a6593d954085775,0.05075361932698832
ck_558cfe5f77a55a9d,0.012792000381959809
ck_c7ae1d4b3ab38185,0.00853140242378958
ck_0fd826fad7ec7cd6,0.03116342065722641
ck_ad6d48c20a3688a7,0.003282399939059037
ck_123c15d93f1840f2,0.06898333993966775
ck_a75ece9a9044eed0,0.0037545929722041962
ck_403da2a2d800df9f,0.07789354721710405
ck_7fd8b1470401695f,0.2695040713344832
ck_cfb06f07394dfe64,0.0023322376314387594
ck_aa01d5aafde73d0a,0.001373334862309682
ck_dcf851e7bb5855d0,0.0038897925350588813
ck_2fa8f2577116e9ca,0.03642364591263084
ck_57deb202d4188a29,0.007558053232555128
ck_a95afc7a00303a26,0.009778147484909556
ck_1f871df76c6a995b,0.0456810538327714
ck_1a6b30320835e57e,0.015438748383200711
ck_73c5371635aca173,0.6441711923719717
ck_1a9235812de4b2c1,0.011339261414119674
ck_ec26e327cc1848b2,0.006950215449860384
ck_0742fe64055d686f,0.0025153143099314215
ck_076cbc25c8f15fc3,0.9257202929031548
ck_ada46085a78280e4,0.018334273498404212
ck_0aaaa9d2f75a0518,0.02821447294142851
ck_4ff6fc70bccfba96,0.17239513048362773
ck_a6fc92aa91e99b77,0.8964076291642206
ck_6031211ff118cf0f,0.0048463866606920595
ck_920a48ba8c583e96,0.0021985691868222027
ck_098167eaf124c279,0.01935049216933028
ck_91a0ca45f429568d,0.013953381829916471
ck_e077d004cd1d80ae,0.0047960330434944996
ck_20a7d1ce6cc27312,0.004906095786753343
ck_8d27ff8383d48132,0.00962719186673342
ck_c47e32c47f0e6578,0.12583942345453203
ck_9d7151dbdf100e0e,0.011154692448975732
ck_5dd80b3c01457bd8,0.009855739414896867
ck_8594f165e95316d2,0.001403180047551983
ck_a58e900469dfc3f0,0.007768720544232293
ck_f5178a658225d8e4,0.005205946389634447
ck_f5dde68f6f0468e1,0.003736198265969587
ck_a8a2e296f9804bd7,0.008816710534226413
ck_463937167965a1f8,0.01623642106281415
ck_12a074db100481cf,0.0256457108690537
ck_88e3dd3039508332,0.01903115536420013
ck_9cdfaa1c30cc9d32,0.0028413241522843597
ck_4e0e80f5cc271bf7,0.00338379392024205
ck_af69bfcf4f07d932,0.02559673550449099
ck_5a4d19f1b83feeb8,0.0029871085433870654
ck_eaec5f1a83b66eb0,0.24547619499034967
ck_2c4be237a7ed79c7,0.0055113979183579005
ck_e16528edc694fb33,0.9950948309060235
ck_3c177f5970b68bd3,0.00709425265235096
ck_ad7c256ea10c4a00,0.10053102576066783
ck_012519bb095ad36b,0.9841289563873847
ck_0ed2739384f1d644,0.009441162902871468
ck_48446a9e8184c7d4,0.0013979746483583646
ck_31e1ede23247d56b,0.026099278580405835
ck_40052cac10562cde,0.013019348649919021
ck_3267fe3aac05c71e,0.006298918748418552
ck_c3db1b3ad4f16679,0.007688509545170609
ck_1b74b798eebeabdc,0.0053494622167019465
ck_510e7c5df1f95d90,0.9918089382446309
ck_948517bad569b40f,0.06181037231170983
ck_b16a7c51b6f7a6b1,0.24592935801403976
ck_b53ea8713d32ca7c,0.015166621249333713
ck_11bf1039f8b3025b,0.007705605875868732
ck_4b088920f3a844c1,0.007355858554272839
ck_c2015a1200971fe9,0.005478933869182332
ck_f5a32e6160b28379,0.007040021355322727
ck_b0b5bf9254700402,0.00607682062641227
ck_eeca179341d56f8a,0.9383821255257221
ck_d94dfde9e03c9d1a,0.016620139554696312
ck_938ce30c864bc7df,0.0013167155558162454
ck_66d38518f68e6194,0.0018745992473101468
ck_115d86fabde77b65,0.001713796161391504
ck_9e109edd124492a5,0.0042461121621132575
ck_f29471fe7c818d6a,0.006373552516713189
ck_a27bc31eecd9cb9a,0.007840389044151633
ck_ed4427962c68918c,0.7515433007104393
ck_7b55d9bb1a250d4f,0.00985573275035446
ck_461e3f7b97db8d16,0.021683295189032024
ck_2ee84f3fa27f2cb8,0.004668850894785148
ck_bdee7c86f5ebe81f,0.014897506205065495
ck_719602def4d35fe0,0.014000962842511426
ck_87c26b2f41025109,0.999639241040586
ck_c7baebe4549fdbb4,0.05901754694722824
ck_6f847263379f2e43,0.04052917048216428
ck_95391029a21caa24,0.01240727882407015
ck_97402a153348e68f,0.007387846620822758
ck_f1acf73363925958,0.017803634559375784
ck_041614694b77e599,0.008517202858095466
ck_a7b57882ab66b111,0.003714463898675682
ck_71a0d645744302a3,0.009139380060160868
ck_bfc453eabb472f91,0.011686564145095685
ck_c33a762d98f9b290,0.0045574935306289715
ck_9e75c6641939f4fc,0.06227597100304693
ck_d17653a4a2d4a79e,0.00737958810596155
ck_df20cc23b8fb8e22,0.009635377311028169
ck_62720b81617896cc,0.00924253989841101
ck_d6d2c1f6dfc455b6,0.8889678304675794
ck_a0b4209feb31f5c0,0.9987781994728251
ck_779cc0f2de4d5488,0.05076973240021434
ck_3152c7115257f084,0.004436602669258539
ck_a28d6b1601b472a6,0.012752095619146305
ck_761989aa4c47d746,0.03546726234894943
ck_97e3b04a1350f6e4,0.01684131054852939
ck_397d5fcc9972f909,0.007808274058661981
ck_bae8dae7cfd8baba,0.04920948480586498
ck_04e32ee9834c088d,0.6789101816158951
ck_bba0ccc6cd968680,0.007776259340420335
ck_1b34c420a4c85a95,0.008501093936511005
ck_a1201284122c141f,0.010312077529215546
ck_5ac335f02280271e,0.019536296703332328
ck_dd882323474431d4,0.009643945910758688
ck_f9604adde929beff,0.004203719042337682
ck_44211dc210139ed3,0.01193944874904707
ck_e5e5dc431bed6f9d,0.007886268569999771
ck_17d3022ca12eacd7,0.009291806686189159
ck_209f574c8d92274e,0.003924770007179915
ck_9fcde1ff46cbbea5,0.009432012364834038
ck_58fd684aa5a6f289,0.0011721631270528163
ck_e96a5e1f08f8a867,0.0008827899564989384
ck_90456160115f9ef4,0.004464106025967074
ck_70a60e095e9b706f,0.0018431613786490102
ck_2d46291975f0dd08,0.003036185314829526
ck_f2734417c0db4ee3,0.0020107439928238467
ck_651e076ee43aea85,0.0027484612451000815
ck_74d602c907ee9119,0.0023221111243766756
ck_4c99a6eadea143e2,0.04667303719861621
ck_8395f004cf4d4c08,0.0037856680222389896
ck_3938e92585df2b34,0.020375692913109613
ck_bc32655ee5ed643e,0.011699350255459009
ck_ced9163ea85589ea,0.5836907074032844
ck_9111e3a04b14dfba,0.10653211421005823
ck_791be3378dd7d64c,0.015014428021955248
ck_7cb0c9ded4d63027,0.023462821116617294
ck_0db62d5f7f75f80f,0.01537516363745571
ck_1723900ab9afe374,0.0424177136541297
ck_54459b45d2be8459,0.0042215963636338906
ck_a0543e9b3abe1001,0.02357047609331627
ck_08dba09fd7dab896,0.01167617011134817
ck_b9eaf03453ac7d5f,0.004402465868516399
ck_298922703c5bbe05,0.021035300653087532
ck_e662b14b2bab23a2,0.048954283549457564
ck_4a691892d9d6cf89,0.00883202800465599
ck_056d5f0301c30902,0.026270092530510752
ck_7cdce37d895eefb8,0.00787292167001396
ck_c0b8067c144ed6c1,0.011333432474910005
ck_856ea65fa27d06dd,0.0156256754078383
ck_55d0c7012d7ef236,0.009780592057478867
ck_9bedf54df9418e4a,0.005591581857697472
ck_00f9ca84d1d8ae7a,0.00726304991507037
ck_420d1a9c604293ce,0.006257055995574635
ck_9874ad160efddf50,0.0388185159294239
ck_f4f6f0caaab70040,0.0053652894140322595
ck_a26704b5b26258b7,0.006717670869310831
ck_edccb5a93b741744,0.007334910868787743
ck_a5f7b6fed6df2aba,0.015570568106645626
ck_ced6b6dcdc7c201a,0.01081966969017482
ck_77549c1a41f837c3,0.015943311799210855
ck_aa5f3ab48c17fed8,0.3852481208292006
ck_2a5a4c18c2c7274b,0.023357225043500362
ck_e05d44e46c7174e6,0.003133847267816464
ck_0084d8ab6b1044f3,0.005631121440193676
ck_42633573639a3f02,0.9926290636131758
ck_0fc1086e1c9e04b6,0.007381455256582565
ck_0e6bebf8ae9b9b03,0.007959957720530538
ck_f158d9e5f101bb35,0.014912207897435185
ck_e107537a4cb738f4,0.0046812250515045955
ck_ce1b06623e4a815e,0.0024439425602049304
ck_2f4f94827984c426,0.02849253697330172
ck_e8ea56e122a5a487,0.019757730525094327
ck_2d7394afd61643d0,0.0036914636384536804
ck_8dacf3a2061ca17d,0.025805201547836915
ck_315fb710a0e371e7,0.0050914310752127965
ck_cdd7c77823c2257f,0.022640500223008904
ck_e9287b6d909d731f,0.0024041622201919533
ck_d12d2924d0f7a64a,0.005477244765951612
ck_0dda35c0c64c7073,0.9965738086742106
ck_d1ed88ea4211ba4d,0.0033377009546515326
ck_2103399bdb2898a6,0.008193636809600151
ck_1a524b5cc8da71b3,0.020694099666899817
ck_58e5359efc52e0ad,0.008823915147846563
ck_3caec7dd6f8d02c9,0.04074947177228515
ck_3eb73e56751c704d,0.012669736785948205
ck_37d47cf0f34574a2,0.0023793186235913037
ck_66d0c6d6b67a8d58,0.08140808658802097
ck_98149ed45d38c4d3,0.03128360760449594
ck_00480407160e0743,0.005928080735427327
ck_d1ea4bcc407c7d5e,0.01079829295531082
ck_ac2f7397801036ef,0.007920012837394552
ck_799aaf9f2b9ef621,0.020068238559555484
ck_93c4e05699b3b7d0,0.005707835234807268
ck_66accecabf3901c0,0.02569897611607021
ck_f0c4aac04076a6dc,0.008451319016663591
ck_e3cb5f31d8e94448,0.9965378685516955
ck_e541967c681cb929,0.008206233110562941
ck_8aec3d3dd51517c2,0.0031394840778232367
ck_23edb6d938a3b87b,0.005064961289897882
ck_740e760fdcd27835,0.0017745809670978883
ck_fc40a16adfced018,0.0035482353661967247
ck_7f0cd6ea3096f985,0.005338019362515032
ck_347386629d96c664,0.010320417055450802
ck_2366b29ed9887a5e,0.004616618123738706
ck_187317383400491d,0.005390301335130694
ck_dcbab304b55a42c7,0.011741848514946267
ck_ddcac1ab765ff61a,0.0050341317517361706
ck_f39cfeb277ef6528,0.001352080821356052
ck_d69455220b21dc9b,0.0068489597223710934
ck_b4703ee97f94d7fb,0.008119478911206093
ck_0e0bab173622db9b,0.02355102215296106
ck_d6fe761ed0db3270,0.018701771484778845
ck_590716322ff147ae,0.026700827314163067
ck_494954023f0eb309,0.019001556226218914
ck_95e444a01e2ab4a5,0.015295490061478312
ck_0f909705e2e60f2f,0.0024069125268915002
ck_6d03a542922b2ae8,0.008261424855285306
ck_b0ef193195a2138b,0.005227565163008615
ck_7b1660e942436e12,0.007507610040682905
ck_50ede3eb561a202c,0.006105794725997518
ck_4c4a939154446053,0.0013300295582329743
ck_504a45ee08db72b6,0.010899931408095271
ck_f143641bf3dd0414,0.03867036892948018
ck_b7bd3a7f263f4f29,0.031657903807527414
ck_bd23cf9bba1dd33f,0.040799589864899434
ck_e5f5cb7dd6ce4a37,0.019098268718833713
ck_1658429acd5306ba,0.01564715747966001
ck_db1fa53d588bf99e,0.005419638635113357
ck_edcfa9e1cf29d813,0.018643777953217627
ck_b7c37d410b1646c2,0.008099148228414873
ck_73cab88b29c7845d,0.09450265507730475
ck_f42a43e4c3f34ccd,0.0060785806595404866
ck_0d0a1a021efea5b6,0.012586731561463792
ck_f8f6a03613b6dda8,0.013767880688293892
ck_60557f077abc42ca,0.034752622694207154
ck_d75f25184ece2b51,0.0032663106252303798
ck_bb1a981306b750ac,0.021659628971057207
ck_7e561caa5fa1f3f1,0.01867854130511764
ck_e424148c6f2223df,0.04472158542681893
ck_4937cfa6526ea138,0.013229062450473558
ck_a72d6df666e1c21c,0.00658447599298497
ck_245f5d62ead5ef28,0.0178804928961427
ck_059806c52cebe4f1,0.06473061712786395
ck_547090bf35a3b243,0.008506454659668388
ck_19988702ccd79201,0.007935427548842282
ck_90b4ac695b9c6bf7,0.006926159158709875
ck_66267bbad1f1415f,0.9912581929225561
ck_ff6a6d3547dd2d37,0.03927617696509922
ck_03129b41457795d2,0.012955899834123347
ck_a892252e4e0c2828,0.0070811395212257875
ck_b3905153b9eee924,0.010923576031981738
ck_e934f984bad2ff91,0.9071605282706112
ck_8d2afe17c0082e6a,0.03768648762857529
ck_ea9edf9c107d429f,0.013424789689688188
ck_61fff5fdaadd394b,0.034090604043255736
ck_3edaa94d28cd48ea,0.00305084471429725
ck_f66f06e24ff32671,0.02348302319989611
ck_7cf562578c7f158a,0.0043688822168867075
ck_66949171b387bb93,0.025176643671192635
ck_87d70f5fe48a6128,0.031573099525928974
ck_3ad3fd3cceb56b66,0.973652701586635
ck_d229dfa0e4442628,0.002359984760579018
ck_4732da7e0d2dfc7c,0.004670597251357285
ck_2209de229b4c71c5,0.006918272583915879
ck_4ed711fe4053e74d,0.06871635355053886
ck_c78b2638fadd91ab,0.05508039356418514
ck_8bb6b0a292754576,0.06740593674024366
ck_0b615ed566da1f58,0.014138880492141641
ck_d2b3ce1ebabe9f93,0.027281299955224485
ck_d3b2b250da61db19,0.9721425353239023
ck_4ffe0366df388604,0.018695107595242982
ck_d2d4a8f4a9f2c33f,0.012477314748761705
ck_b378b8d8100ee4b1,0.012593685842412916
ck_20a17e8f206a14c8,0.00925784575450204
ck_9ed53de6ef779ae0,0.0030770185998807167
ck_3f16e2cd7e6874cc,0.0134860395618198
ck_ef33c04f4c9e3758,0.014860393086155456
ck_8fd91a3c99e19097,0.42495804393403475
ck_0c6e7bd357e4a348,0.004709786757014013
ck_95654593cdebd141,0.006695256805090102
ck_9822f8ed05335741,0.007798895005298669
ck_11c7667920541587,0.003675742546320808
ck_ec3715add8bbb6e9,0.004503449828391651
ck_f09f9d0e0886e0c6,0.005614984168688648
ck_12107dacc6d05bd1,0.0024292194074936346
ck_23a016cf6b98d89c,0.005654021115961245
ck_0e719b3a6906b8f1,0.001789741542156951
ck_7137eeb394d200f1,0.020307373357159583
ck_8026e017909aaa6c,0.011784176551161195
ck_ce36b0c287bd198e,0.0175756752138608
ck_926b81c0ba528eee,0.10801555256391802
ck_6b93bd8abf87b1d6,0.954863083918226
ck_73762038c7ff2f6f,0.002544655245457533
ck_abd10fbcbaf2b038,0.009155595134068687
ck_7ebc5fa7f0d3b8f2,0.01704199487165825
ck_fe33eb743d714c03,0.009353127267039687
ck_17cc7b411f448e66,0.012532649644376894
ck_5debd55f361b2ddf,0.002706977460979147
ck_350bf14e90b503f5,0.004168808151336651
ck_469c17407d17b706,0.01853953151157596
ck_004de16f7d8a42ae,0.00825520597222554
ck_27fd85b1e38b675a,0.0027856854239380452
ck_05f79ddd8eefaa56,0.007653941570088655
ck_3a57a13ce032a6fe,0.00197771829171911
ck_c965fd6bec0f0ecd,0.021227595190067394
ck_a721f0d635fad68a,0.0032115885477020695
ck_c29489366c01fe65,0.9760768983880808
ck_781b8288e54ba8f8,0.08213396162853381
ck_c9eb4df91ff07f2c,0.008715821464432777
ck_8a5a57858e8c77f3,0.007552317576803389
ck_76d010aa02eb477a,0.0024123472434895037
ck_7a50abd42298133b,0.007568644928874507
ck_1d2b80ab6c4944b9,0.009368935272669996
ck_4e39e3b165edab58,0.4326541406329983
ck_e0ccfa0d689339be,0.007034671882317902
ck_89790ff26c844bc6,0.09933599707442038
ck_94e8142728e44380,0.08172473273137135
ck_e3a22799716df39d,0.005898215932282801
ck_5217b55593a332ca,0.02697418920821294
ck_c1c9d3842d758420,0.008805687948245313
ck_dd34f0a844fb115d,0.19070072530885046
ck_24cd0d779e866287,0.002758318047486298
ck_59f46321ecf6d306,0.014755500712829465
ck_e7c212f16d6df272,0.010099613200367308
ck_c69ef0f3e7d6acf9,0.024304263047118257
ck_6c1dbee7e8fdd5c8,0.08842703552706305
ck_2ad0ecbacd5acf8e,0.9789551796302071
ck_d67d9dfb60b286b9,0.0031704500433588846
ck_b35d803568f82d9a,0.008812833626427262
ck_af39767cf583905b,0.0066445808197512155
ck_4450b55f462ae134,0.003161020632253025
ck_545b71eb4fa594b5,0.0033162833596762625
ck_c0422e638a9c6046,0.018469472253614883
ck_cd7dcc884e283746,0.042691629185735165
ck_d6ea026357ec6477,0.005005994427273359
ck_e30e17db5473c7b2,0.041496026609009966
ck_5567779d6ba184eb,0.014074295000895017
ck_fca2798914627dc8,0.025921848206452307
ck_fff9fdc2adf5100b,0.5115819464096977
ck_0c45e54897ab34e2,0.008206952333169254
ck_507a6a580ab55c76,0.007056689108005953
ck_332ad134fb909869,0.0077877598106342785
ck_ca60d61cd4dc3bea,0.006137373439221139
ck_59735f4ab2ad3da5,0.0048826723399198945
ck_ab9ea095a5c58b4b,0.025348501197020954
ck_ca0cc8ea9f344408,0.007443780704425838
ck_8e139f8925ef7968,0.015373484970097929
ck_9dfb2ae78659240a,0.010479328393852383
ck_90f6f5ced708aa75,0.0013618475175868434
ck_4280c33af57eb4f4,0.003113730283802004
ck_5ac86682385c86b8,0.010865703337867112
ck_1bfa8abdb22be8f0,0.04038381246586849
ck_65491367584c730c,0.007102226812887396
ck_3d7db96995745472,0.01034704697184426
ck_a1c39df50a5873b3,0.01887867343584367
ck_ff7c26a62bda8089,0.003183116362039558
ck_09b0d8af304646bd,0.0012719456433346026
ck_3c25029e40aa8a84,0.0015728438250454072
ck_765aaf42c5088545,0.014145683936049588
ck_e0f845159b6e6a4a,0.008319172283611271
ck_272ae2179bbd8e58,0.006311695399857019
ck_c0ce85fb4109567d,0.02708851184607862
ck_515379973a8044b8,0.00638501880636295
ck_b5c3075c811a2216,0.008473460961548001
ck_713159c5c6a7a4d0,0.9990927590160168
ck_5b3ba20c8bb1383b,0.01048000107067298
ck_67cdcdda3033842d,0.06367515557760545
ck_647ac26c5900f082,0.006411947740378773
ck_46d51648c1bf80e5,0.12292857995501935
ck_40b4e264d1a12b83,0.9781866571679092
ck_620d7ae27af83cea,0.008474643056723212
ck_b9e5b318ee4de68d,0.005144617195856178
ck_cd691e3466fb3742,0.005832745351822397
ck_7190177963eafdd9,0.004524101843748437
ck_362ce13eec1e33a0,0.004669791853850415
ck_646e270e0195bf05,0.012146072212279636
ck_472e0be7a3b533bb,0.0148862549663081
ck_0dae4a7eb587f3ba,0.009642073129094356
ck_e6e7257377c37b28,0.05183853483556101
ck_b7f5d10b427346ad,0.0031989576414286104
ck_3365a0ad1a8aa83c,0.010756451831283867
ck_7a43ef9c7b1c67b5,0.010508866399072071
ck_7456df89f3792235,0.004571640746750258
ck_5014a3b07e1f049f,0.9699551733074265
ck_9b12fb56529ebc4e,0.00976876970649094
ck_002eb6552b504ea1,0.003593329201521092
ck_170f4688e0acd875,0.06055680263626585
ck_ccc83cf66365357b,0.017989935629644765
ck_4719112b55d20161,0.016040296736061378
ck_a02aeec1914c158a,0.008860222148739829
ck_ad4a4daa826ac68b,0.8661929384543626
ck_0d40961e47797027,0.002596328600711675
ck_114c32aad4b6183f,0.0938916396885851
ck_6ee939b7f396975f,0.006425315740416742
ck_202f0c14b07ace01,0.03373141743087509
ck_09fd43f1b7e2eca2,0.014610878218083951
ck_189b6fbe9b9192e7,0.01237470569026564
ck_1383b2b1875000f2,0.017306515173773303
ck_00bd7803f2530c68,0.00945638034744745
ck_4085cd3bf2661518,0.015507351706972546
ck_79323eb5d2e5efae,0.009954012292211071
ck_7d1661a34164406e,0.9939258303579227
ck_ec30b61cbf517db8,0.003677322187079554
ck_ef346071f0b7654b,0.018461719068467483
ck_4c2f2eb657c2c60e,0.006987221437565831
ck_832d39c590a3ca75,0.9941644738002919
ck_7cc5e0fa3ca5a713,0.010663875069384071
ck_08b4619490e751a8,0.9960157461127428
ck_e0b3158111370118,0.003905581970823977
ck_2685f38930866af0,0.018034024933749924
ck_cd6fbd4e8724f994,0.017855975819687186
ck_33160c443d4b3f19,0.0095197671601895
ck_2a2c336a69b8d68d,0.03283446128284067
ck_805ee564bd35ef15,0.03331052705152076
ck_08a0355d1f1890ef,0.00882024742711308
ck_15fe2a47fa7e92ea,0.003044276990444751
ck_85ca825f905a34a1,0.01164679153860185
ck_b6527a85fd682554,0.013953420072963364
ck_9dfaca4c7c80b10d,0.033582872965087524
ck_ffb4d892c5158201,0.010025888123313967
ck_a544e766540861fc,0.07756914520501237
ck_354909fecf5da8cf,0.011040668393714738
ck_fc5ea49518e5d637,0.0037623510952964046
ck_7c12de74de30b788,0.42407775894489214
ck_7f9a748110d70005,0.004504421943725601
ck_732f725747393ec8,0.022402729298796827
ck_2452a30397dfc54c,0.00964671108163727
ck_08fb463e69f647c8,0.8498465067222962
ck_49df70f908dfd069,0.046550769709421944
ck_7af748a23775bd54,0.05458245244380714
ck_5010ffb1c94187b5,0.00284811450198511
ck_68250033717cd59e,0.014583212176428917
ck_83dde7da2bf647ac,0.0007224876367552113
ck_8bbb625384edebd7,0.0022967818674056177
ck_5eaeb87bf6207406,0.9878580872289074
ck_0a7adc2f27f98510,0.044469701855440774
ck_c3719a30414bbb4d,0.07587613229475722
ck_580f136ced341298,0.0031117927930930456
ck_70d69e5d1bb99e85,0.008307673951710682
ck_c3476080516db25d,0.009080958998136086
ck_d4e0b2a12fcfc35e,0.001708452650948347
ck_2ca91214c357c072,0.057619999619152464
ck_c3ba7534cefc1de8,0.007039835096768763
ck_e967ff05514b697b,0.020790947980774827
ck_2d3d7d64a6f443f8,0.007039350872715664
ck_9ccc030ba2de9fb2,0.01985694478575077
ck_387e5a7f163c7837,0.012311031580162326
ck_d51df5e9fbbbcc94,0.04683434291397006
ck_15254db133b28371,0.006417764048665786
ck_5ac959cbcc5e98f3,0.0016530276806986017
ck_619842688294dabc,0.00787730891826224
ck_179ed66cdfc1ce27,0.004526314523480344
ck_3a70b4ee59084715,0.006537813838697562
ck_c1dd3feb9a0b6471,0.007120666043723271
ck_235ce9603c7dccbf,0.02691962053071889
ck_edf1096809e83ef8,0.0022984689005937646
ck_83c2c34add971d76,0.0011069466303961725
ck_0a4e191cd0a57ce1,0.013344946748428491
ck_472c81a144f4631b,0.0044157643032776426
ck_81818169208a8cda,0.026402730720342625
ck_06aee5a62a67a84c,0.04000954568440756
ck_754cd7b4a5ae3f94,0.1458876573773544
ck_3428910b44b9d08f,0.04780348246308931
ck_a9d2bb4f2bde7052,0.0034430603267192844
ck_6482ed4491bedcaf,0.004554323349958546
ck_966d4d713cbc7792,0.0042452859059387985
ck_1c8c969667cbaab2,0.9781843298892152
ck_94295287a04c85d2,0.5854216041514947
ck_466103ec5bd9444b,0.012873703073778376
ck_3c0031d7514da17b,0.007338143402594843
ck_9757163e25262b74,0.017898953419497207
ck_c8ad3f01319c065e,0.009003604503853502
ck_d35e3aa9ef5d405e,0.028299563987550617
ck_3397c7856b4669a5,0.006709778481668169
ck_1745847cd4e5dc83,0.011741437163117197
ck_4b84357ae8ec7777,0.00920108216442095
ck_bd771efb4a7e15d0,0.009074135249816744
ck_764d40f865e710af,0.009943025946476971
ck_021c6a4a7e3f1f0e,0.003501072270607194
ck_123d75ffb75b606d,0.017254897156578936
ck_b48cd8593533fc1d,0.34224784850279916
ck_c7b17f7b24bef5d7,0.006119423991315021
ck_b11e22e75d9b99de,0.004447171763368947
ck_c7550723b90e5615,0.0032157324847613897
ck_4dfd8947f540eb24,0.014142005265666318
ck_731943c682c9394e,0.07221916133189972
ck_7db098a17374bbf8,0.9690649910908551
ck_7f3132d6be389657,0.03275660505925464
ck_95458880a54df0b1,0.03104329614716805
ck_4c6ea04ce8ca9e2c,0.005517631742272222
ck_8777beb11aabd66d,0.00868426423554589
ck_60c3d8306527a08d,0.0023684524710116204
ck_cf8ecabbc61d3e11,0.016898033035727806
ck_5189a302cfa7cefd,0.0011761462852767869
ck_77f293d44b4a3d2e,0.019264185791873074
ck_bed50fc64fbbf8ec,0.006084651505936027
ck_929bcae878a3ecb3,0.24657793978382372
ck_f7c6c26ef3c4ae06,0.0040860249503044035
ck_59a9e000fa275e1f,0.018323090179239197
ck_3ed9e081959b2f5c,0.023170502005250893
ck_57f17254e2688637,0.00835477669906321
ck_52dec82e9cf6135a,0.008515123764373437
ck_d91ab840848a54fc,0.00344946084131718
ck_c886adec7bac250a,0.03139272714325764
ck_63d4f5076fe4406e,0.00543027593083566
ck_ac0ea27e692acdc9,0.006673063562371213
ck_ba845332b730b596,0.002665835757860437
ck_7e9a8924eab779e6,0.9624365111580292
ck_38abb60995114f8f,0.008239734139560095
ck_323b9cc5c49f8ea0,0.9645373977251318
ck_c530235393360e3b,0.01536700925039091
ck_1355db6f4010232a,0.012398723681604646
ck_1cec1ed1512a2d3d,0.003847346463524996
ck_5c0fe988b8aa7fcb,0.10137519191269598
ck_79e202f06d8dfe42,0.11535804469510039
ck_e137400825a1e3e6,0.003545391061992869
ck_fefc49a2b8ad993e,0.025805516489016564
ck_7510b1023cd08531,0.07282247361593937
ck_b95fbf2b5640aa82,0.011373707796245648
ck_f4536ba8dd2d551d,0.014325939365308562
ck_9dde2c63acda3ba3,0.024873226327745603
ck_59472d17debedafc,0.015909297386959842
ck_b0fa8b84e94d8ae0,0.014141936639208375
ck_5b52ee0a13c71590,0.004516111927694604
ck_ad3c4be96599554a,0.003722498996097075
ck_458531c22ec2f9b3,0.005472121579224982
ck_b379c198d6db2d62,0.019597087280268814
ck_ed9c56fdb9f45ddc,0.16793908001075908
ck_b3ab3c210e2c7c19,0.020122821773814234
ck_98b34f2d704c1c2a,0.006610569631282807
ck_6def9d0429e4ed4b,0.012457605375193649
ck_ac68d707006c12a8,0.010617332682027702
ck_829cbf5ccda481ae,0.004560427013750119
ck_43ea894480567274,0.011859200765120231
ck_5e36042cfad96c99,0.7772884033855465
ck_891eaedae139828e,0.009876812034767996
ck_68ba25dc3385fea1,0.12013629849206878
ck_4a522ca2dc4831a0,0.0017199171100729172
ck_a152165caf295b51,0.011797661955945782
ck_31c54d540b128843,0.004688444542822583
ck_cc447fcc24a0772b,0.9384106553408917
ck_8a16eb584093b12f,0.0019607973777451115
ck_259271c70f3fbcbe,0.021610851575965657
ck_bd86132499defcd0,0.007011240095176561
ck_7a4e3d553e8ab5b7,0.06673582193211429
ck_8ee08f6777cc155b,0.013758250933344277
ck_604c710141327a81,0.006876898264418909
ck_3f1287e6c27de0dc,0.008193838804387331
ck_ae91b4cff57fb3bf,0.012974904526456868
ck_8d5fa65717d2e0c6,0.010550101626594893
ck_c0b744eb9e7d4eb7,0.009475430214996703
ck_90114c891239d821,0.0034716266180020183
ck_85de63d278f0fbae,0.0028839018911096656
ck_3d41faeb96802f68,0.0019432721610010309
ck_2cd21137a07fdd7d,0.009227092205992792
ck_168e7ea341a36b80,0.003055146930915767
ck_db23a0e3e54be60c,0.5489773100859592
ck_a958b2461ffc21a2,0.04028789319343387
ck_0b3c3bea0e0ed339,0.016391627509640055
ck_be5df076b8a86409,0.0013970314296446826
ck_2d1548f1ee405cc9,0.003208949852596279
ck_7176bbc97b1e42a1,0.0010446313458696561
ck_ad9e2088a33c8c72,0.001538287693833894
ck_324b9939d9c1c31e,0.003744148103285738
ck_dfc8f5c141fd7c63,0.06340121616127359
ck_16fc77b2bcf5ec03,0.9921585391664451
ck_4f521611ae14ae66,0.003935932281583275
ck_a7fcf7b592f68ca1,0.007947367200496632
ck_8311cb6755b2016c,0.0031029110736925003
ck_724085c3452d4693,0.10879508893196287
ck_a0db4ccca08030c3,0.7494973839865872
ck_de39c1947fb675ee,0.018229767458966543
ck_96a9221a87be93c3,0.032524048868317876
ck_98217aeafa0bfefd,0.006535279645544493
ck_f4a7ac178fd55f0e,0.0030404363755230945
ck_5d818522cbfe2a54,0.03667690924932482
ck_874eca6776b34dec,0.005194461566644068
ck_7262b4e0c29c942d,0.004873255353865342
ck_20cd2f5666719baa,0.004246246361973143
ck_d7ad9921a4d25926,0.023982318577323598
ck_d56ee1654378ffc7,0.011467165218745879
ck_2c7667f64edec2b5,0.00514271973253655
ck_78730527f8ba1438,0.05991123099635195
ck_794ba5921cef50c9,0.19897503685483342
ck_b8cdd6d6dccc4554,0.0024255479662841314
ck_12cbb211ebd2b437,0.022864452539243806
ck_85cb5033fca7c846,0.014837785329226054
ck_1e51199a075ca0fa,0.0030334955392263057
ck_e0f3ea3373dfc4aa,0.006465888348630847
ck_40799e129fcf42c5,0.031699639209241987
ck_5d4ed73b9efd7d11,0.005353586021665523
ck_243b1b9fdd3f9a74,0.001099416387385697
ck_9d64187c0800f84e,0.015408430060943999
ck_01eb24c18ad11fca,0.034657408144589105
ck_a0e46b67e986ab56,0.006875804100081574
ck_cff18e2d8c520272,0.004853621315121235
ck_6a27c44b691dbfac,0.00497853340709028
ck_e6ffd0754ac08661,0.00264083245817082
ck_a7acd5b015823793,0.003754761713755611
ck_c3f360c2d0ea0a37,0.0065610564613791805
ck_38da3bf629458682,0.013059705348601314
ck_9a0b605e9c3220c4,0.012762715035597744
ck_e980d325b8dbb8dd,0.0016761727730121585
ck_75b69034000ca7bb,0.04557688558777933
ck_d451d24c780b5884,0.008751055190296819
ck_2e824b0b27494a17,0.008932152963642782
ck_23caafc2cd34242c,0.00741913863077246
ck_ffe2aa26f597e552,0.007540087242392509
ck_eed7f1f7548df15b,0.015208441804030526
ck_eeb75f8a6439f65e,0.01859492756079152
ck_2e481d75d110c06d,0.08948280956734046
ck_192579ecdca7ff83,0.005324756532791061
ck_869b1878d09d230d,0.11354361574247317
ck_323a71f9452d21cb,0.9344815161662673
ck_5e68ea2c5e893cf0,0.039248486485289766
ck_be52a7ec43241ba4,0.026391712949310225
ck_77b56c49cfdb1d81,0.04952910701310391
ck_15e0b679931f7a8d,0.004516298525835331
ck_93776b0c113f41f0,0.042076739707022616
ck_1f2760764afa45e8,0.006160145319207944
ck_3fa1a523d77cd619,0.01018256131475163
ck_0e13c4f73818149b,0.011036307862955449
ck_59be61b53d971611,0.005359657735270986
ck_87eb43e3b9d96169,0.038835047111012676
ck_9b7167da0920c37b,0.11749650896101849
ck_6cd8e0196365c474,0.02433006975413527
ck_9951bd806c13c7fd,0.012410573289685332
ck_c6d2e11a368184e6,0.006771752932824565
ck_c646cdead6fb79d0,0.011035685308039068
ck_abaf371ec8249c4a,0.030654214967459716
ck_ccb3767c239018c1,0.0041190188327565515
ck_e5d1462846154a75,0.01560010596304606
ck_939fede90473e412,0.002629654137659348
ck_bc89644ae3688995,0.014076485245646432
ck_71c917295020ccc7,0.009872868818951627
ck_1d58f6caaa4d012c,0.0078330206920473
ck_609c249edd88c565,0.00612295462892862
ck_b1496c474c4a3239,0.002888674094775481
ck_00a07fc2a9183c3a,0.0013976327219245182
ck_2122f201e65f76ee,0.005975373415372443
ck_a5051eafe8b51224,0.004626701051892962
ck_129e39ddfde92eeb,0.0010075570622268065
ck_102db9615e722c9e,0.04204325100429918
ck_b6a2bdb2d335e1d0,0.9983693920236275
ck_c4cca8278bdad9b9,0.0013985887208505167
ck_212525e2828a6c45,0.019679330008775628
ck_84ad096a46e1a960,0.020294213686875714
ck_1294f7af22fade11,0.044834266014308635
ck_0d33977c3de8cfaf,0.9980867267531992
ck_5c47b49c26cce286,0.0235859994493553
ck_f558fe02bb0219b8,0.005025387326754647
ck_c09c914e416edd08,0.04325098291165033
ck_f8b3cdffef535330,0.06029171603591349
ck_46a8db16ad00b749,0.022360655798943956
ck_310f73940fc4cf4f,0.020360749641526354
ck_3d7fa32dfb9fc692,0.032790133266792226
ck_fe8e5a6c880ceb4e,0.016248722327708763
ck_7176d12b18f2cc0e,0.008028235331685146
ck_61d244b2cde483af,0.008305315344412792
ck_3865b7525b910893,0.0058412646306141925
ck_efd7b9e22c6317d6,0.07506433315808209
ck_5e418a7c04437b4a,0.010318826465818581
ck_2db3fb565e0211ee,0.0026827782862118748
ck_1071d14c46c92379,0.8092310296371261
ck_1d7cd5dcbcdafd7b,0.5919242251153181
ck_dca9dc465f759db4,0.007942016801627847
ck_0d4dfd93086e7330,0.004370336505687559
ck_16077934338472bf,0.0012678347440609507
ck_5249b223000915ec,0.02369170726038693
ck_125c5a720ecb177a,0.037435315652852026
ck_62337eccb1672737,0.006427477293514071
ck_13376c59b5bd6943,0.0022572804689705685
ck_399e45e5fe9beaee,0.014323622212599934
ck_946afc2943298d26,0.006849913697520256
ck_a6e8e8f535b1f1d1,0.0426604464578525
ck_7c0fdfbb447cdc04,0.005453678628574551
ck_ce0166addb93bbad,0.004350898760558643
ck_7d28da4f1dab09ee,0.558957664748182
ck_0508908697f60ce3,0.06618649562916007
ck_d96eb3cc55f2772f,0.00407669663581105
ck_b4384b6c11766ce7,0.008078465243152474
ck_e5cdbe3aa12c97f6,0.007443695183220894
ck_9f3861940d8d873c,0.016824920496130512
ck_d74a62ab3804a81b,0.003829340093637036
ck_7cffb189f4f514ec,0.976215424961654
ck_ec8738ec663cd2eb,0.009220246657804338
ck_715966f86d5c913d,0.0038394883622527177
ck_6da9c5912e15d9a8,0.004013711508263858
ck_c081e1967dcd811f,0.014012626487366576
ck_f9f93d1d41be1468,0.9010018530487972
ck_583d6ca78c97d91e,0.12643378384832316
ck_533c4f7400d5ab22,0.0644044111033659
ck_80c0a7f54ff4895d,0.011552468386124226
ck_a60d6b324bae0330,0.00996622874199592
ck_4eb1c12f7d092bac,0.001555410108237821
ck_5a9d5f9901e37e31,0.01230124632706366
ck_5ee32bc6bb5d1d4c,0.10096193970544637
ck_4684fdd61c6a0fac,0.016052436567042774
ck_510bfbbee37ff436,0.008362963616543253
ck_a964e6b5d8415334,0.15769300302801872
ck_1b708e2a4a0584dd,0.011450876629054616
ck_2369689bd795ee10,0.005271159823212141
ck_e9dcf535f8c289eb,0.08332921233117947
ck_09748dfe4df3d540,0.006333695628851757
ck_2ce5afbc014763b8,0.015240444980995822
ck_132c16312f37810f,0.00510901221946487
ck_010264ae04f2e902,0.07758665839383867
ck_fec0ff92fd622253,0.011362235213671013
ck_6343e0d3b1c2962b,0.006729453626877203
ck_be51f4e5e6b85768,0.2371045937708491
ck_f2bdcfb4203ffdee,0.009931818137993183
ck_9720a472a3e0140c,0.002796981328538778
ck_9aafc33fba1474cb,0.006749422917196475
ck_5403c76fe68a08ba,0.5576557388408202
ck_6e606f73a1094afd,0.052290099480842504
ck_ca9d86f65cfdf018,0.0069503999920183515
ck_b9f6040eebd1605f,0.026349818106233817
ck_b447badc9138987d,0.004002168107374593
ck_7fc513033af061af,0.10584545623503869
ck_01c631b38e8a9535,0.005304236143666759
ck_30753ffe481a1b8c,0.07612116978609774
ck_9129c92c12e0c8b4,0.0009518199448366563
ck_c401a26725b17177,0.0020630181946429773
ck_117d78ccd5820f36,0.005857196131288522
ck_b5777605668bfca1,0.002517024150658496
ck_0e5385c70c6de025,0.010097699409598183
ck_6a0f8f8fa4a3c2bc,0.021145246559865997
ck_1c65e8d5be3b9c60,0.05979243978233735
ck_432cc19c7eeaa46e,0.009529036685633426
ck_ec7406cb5cbc8f10,0.011597991948192778
ck_18eb1f9181f95df4,0.0032503425415286503
ck_b837c7dac2a9b931,0.013500430324446314
ck_acb84dc2351eeb76,0.0028194899685731883
ck_812cb3a4482cc618,0.006264652452875031
ck_1436f6e11d4008f9,0.01092951886426372
ck_cb83b9f806e90dc6,0.06571178206947133
ck_60ac5e5f375daa38,0.023621127040098902
ck_a7e669cf1c3985aa,0.01237759447850641
ck_675c0ca1ebb1051c,0.004082884468347338
ck_398f3f4cf05c721b,0.005850230690748556
ck_3364a1d9261b3638,0.006757952270722369
ck_8dbf61df902a6bbc,0.0032836530429265274
ck_25e551a0a8d2fcc2,0.022142390328948363
ck_7831ca5c31fb3859,0.05248671016819911
ck_7989376f8cf64a9d,0.012757609760011316
ck_0027ba644f9ae2cd,0.1638936421293594
ck_02a9104419a6dbaf,0.00889393138798865
ck_f97c477986043755,0.0041169899735713725
ck_4b68b38c1b3326a3,0.0041148389055593575
ck_190bc849e5ff5401,0.009087817933399656
ck_a0e96fed380440b2,0.02772005353125056
ck_bd25ea782e375b22,0.07801799654063463
ck_50ed8f4e7ae6710f,0.007379352951816813
ck_86a2d852a9715432,0.04089649140290698
ck_5954f45a2ab45f43,0.022185911422863663
ck_5fc65c24e0736d5d,0.9809791472799231
ck_51d842e6dae74c71,0.004566982123503275
ck_b05c4d33c4f43639,0.03186298990504968
ck_538fdbbb3c2bcbbb,0.08100250967146648
ck_735f244b99e3aa8d,0.016804094842549886
ck_5a4eb535c9a11993,0.013360423449363704
ck_706a4f673a9fda3b,0.2901498176621104
ck_b92b11d205af91eb,0.0033833793054095017
ck_84569a8fc50e73ac,0.012741963876726558
ck_a5ecbefa849ae569,0.005326426151987206
ck_40bc6de252865f32,0.002846923860809519
ck_4666232ddbf77756,0.004631002483318652
ck_aa0b083e2a6813eb,0.01940056139371267
ck_634276b05f4381f8,0.03679367955783013
ck_fbff7b5da8111567,0.0034056327964589453
ck_c00e70606904539a,0.006452197733326086
ck_0e808afe2570ecac,0.00825861826425343
ck_b1495ee5c59a6b28,0.00847188306036208
ck_724e459b9ece38f4,0.03105071657378241
ck_3c08546dd0c92863,0.006548828195422899
ck_aa9b28e7fc43af79,0.7776136863330815
ck_f2f3cf9cd23b2809,0.016388702283471647
ck_19660cec756632ca,0.010528441688686357
ck_221b5d40358230f4,0.03188367968299102
ck_dcbe6814fc4ca0b4,0.014122972885724734
ck_5f0be7b468a72333,0.0023367910054097074
ck_49685deb63e4e8f8,0.006398813888576867
ck_032880f1114dd51c,0.031946385807310185
ck_238e53b6dee8c301,0.0086009204164939
ck_7c7ca54969eed187,0.026177960811302692
ck_a6c740041faf0bd5,0.004424514533202621
ck_2455d43bbdd2bb69,0.009199888133939023
ck_6c54adce174f45f4,0.005549900686476378
ck_192bbfd0d5720134,0.01177564377767324
ck_85e5494ec20383ae,0.01090854008381849
ck_479a065d5903e9c3,0.0036388823764624627
ck_408efac1d3885ff8,0.022059883720334156
ck_f7e958a286ae3b57,0.006392992295146589
ck_8dd44eead7d765a5,0.012795386170242269
ck_2c4d25acbe3fabd9,0.006112992725018367
ck_621c9ddde6bf2eca,0.01674046414524873
ck_2df4854186ec515b,0.025787050993410828
ck_a15fe7d0f4b65c33,0.5947563316039485
ck_73b729cb161487f2,0.0031917143633310914
ck_053746067839696b,0.007416934068110561
ck_0576b00d728bdf19,0.01031190026623557
ck_daaa995f3c2f0e47,0.026073383188372535
ck_a777c813551281fe,0.020600751230027955
ck_c4de808ae69c771f,0.002887121164064778
ck_1d3e561a7d20be0a,0.998273600164913
ck_4cc11c7d3ca61f73,0.004209538563665829
ck_fd78f8a8663646d7,0.005752454954357213
ck_3b150afde386ecff,0.02094836147351266
ck_9fb11688dcfe1513,0.013461730396466868
ck_924e572517515f19,0.8369350638158122
ck_eda55c8fb47593d7,0.00579796560267307
ck_e066f71f8b296b7a,0.0018411026255440407
ck_32430e678c4f9f53,0.007156329036671134
ck_7484c214c889fe7f,0.032939051114268446
ck_7bf668e25abeeb05,0.004009961127464149
ck_3925f8565abb7fe4,0.006187235288908058
ck_933789b55361d7c1,0.42522362105976746
ck_04212a9bb9b28696,0.9978563751726558
ck_f04938570a154de3,0.004394865515659334
ck_4ac918e884cff336,0.014151624993108146
ck_666b95e75d99ec4e,0.9899711283519459
ck_9b665ef46d785324,0.003926969323372398
ck_de056e37c82e8e00,0.026323558507808417
ck_618c4e5cfae99dcd,0.02664478457542899
ck_3b74512f774a6e5a,0.008520826373498899
ck_1ad36046aaeb816c,0.005162667555440724
ck_2df5a9fc87553eb1,0.005478810078760386
ck_b367449195e36499,0.004456158251868272
ck_1242aa4496576a99,0.002243425706504553
ck_133d8a1ac7c0e301,0.9885078554508512
ck_b804e784cde9af8b,0.006344668535124059
ck_4b3506b624e5193c,0.012861487022799377
ck_475ea9aa6d3898b7,0.01703986624212648
ck_337b24a474010abb,0.9827034762969568
ck_749e0e50c3907be8,0.0018315982169125264
ck_d1157eade2ac3975,0.010419551190744218
ck_c2dccbc1b24b137b,0.7901831850549925
ck_af02e1817cfa40b5,0.04268960474074083
ck_e9a2495dea8675e2,0.008795530763616213
ck_1df4a1781a0f6999,0.02672988240051904
ck_f85155ca5c312c7b,0.259545103297864
ck_ff090498c4b17ac3,0.01029729897062992
ck_17673a1c2867888a,0.0025667083480676155
ck_cfc2384f22954830,0.02527332747643884
ck_bd2cdd53fca26171,0.004883040781151648
ck_ec1c902b9b9b9c5f,0.04368870653634408
ck_317360ec0a67d27e,0.22813065423545764
ck_3e3ea5d8c4a229dc,0.06377702620072351
ck_546ad962d04b7de4,0.9964934433276491
ck_82f07504ab59ed33,0.031903526399646484
ck_382ebf136f7fa337,0.4866522550890616
ck_ed471e496916ee15,0.006801410604269514
ck_0ec820b670d48098,0.0012774844944513468
ck_0b20bfc515ba42a2,0.011775291984600096
ck_42341cf31c08c981,0.0038627447330004706
ck_42dcf92e9e016922,0.021104980391148435
ck_424c254249a109f0,0.017708198146887726
ck_ba576d6d4cb6130b,0.037388965628362136
ck_529fc3170fd11abd,0.019936087273529513
ck_be48f583f79427f7,0.017365659369747898
ck_94fff69584dd3b2a,0.014845110340644735
ck_6babe5b8674ff51f,0.01438866237829145
ck_7e826e233d6ea028,0.08030327183184406
ck_d55eb81a4d543c59,0.00453683364491112
ck_12e2b5ebfe8986b2,0.0017015781198735198
ck_206f8e3cd72768f3,0.04967147823423284
ck_a2d7a563f520b7ea,0.006029801666612281
ck_47cad6c3def4c9e4,0.002242449783600102
ck_46bc797b4d07d607,0.0016886384294984823
ck_bda299466bb2136e,0.007225248793121229
ck_77fce5f86f00b8f4,0.7589180641962417
ck_25822068c86c856f,0.002882117495028265
ck_9191579254663f5d,0.003581239485161923
ck_311d395fa9b8550a,0.016719702685288412
ck_31e7742f160980ef,0.01795900984336188
ck_f3dcd818db92de7b,0.006296572280812577
ck_150a1108f936e6b0,0.008383187186131916
ck_4c37586080edb7fd,0.0028729699156487556
ck_6f8ae0319c07cafe,0.0019212103326710645
ck_fb2a35571ec719d4,0.6007628360841591
ck_e45012f22b7f91d5,0.0031776343227197666
ck_70e6bca473bf6902,0.0067656214312248695
ck_e7501307c0698e5b,0.013627401586511868
ck_e08e9c8ec5f23d8b,0.015546267698133593
ck_72771757dfb7f7a8,0.021385798321733568
ck_fc418f53ce4aa579,0.9872892368473494
ck_c1ab40638f04cb02,0.006433395204219879
ck_f01be92dc78a2dc7,0.005532185441629642
ck_703703bda38fdcf8,0.017397443336321435
ck_a1c78972e4ee4082,0.016007162021517946
ck_255f0e5888ae9e23,0.024499594001043214
ck_3b66196ccf436c35,0.006292724821257633
ck_75fcda73f0b43557,0.012851354113861766
ck_d3e208671cf37f91,0.9950860743376606
ck_233397a8bd40d38d,0.004585820106820985
ck_01e7960c63dca3a4,0.9752325198013418
ck_d932f98bf6b83956,0.3526827801710132
ck_abbd1465fc730d78,0.005711434412422059
ck_7890208951df34f0,0.008102517975621235
ck_be5bd81e3715cb8f,0.9699406021373109
ck_ead68310311690c8,0.8549875326876862
ck_c2bd5a722aa637d9,0.002351626666728739
ck_197f8058cea1fbea,0.0014748591033124322
ck_ab33fb754c818ae3,0.04202360308367091
ck_95fdc264eac72fa0,0.006930245926936995
ck_02adda6e91e49650,0.009430551260096303
ck_c54643d94d3ce355,0.011534144183936609
ck_9aa45c4e03c8c57a,0.017431147614535028
ck_427b91925952cb40,0.016802077749073847
ck_c4ca1434f3778f1d,0.9993081974423744
ck_89a1a780144d808b,0.00916295106831094
ck_8bedacc6233c6269,0.011010819162269661
ck_f4f83b1403ebea46,0.029213718694445393
ck_a1fd0ad03ff9b776,0.022331205717447775
ck_c30201ebd003fdc7,0.007038305334823927
ck_9fe9bdce982b312c,0.021849771632469553
ck_09169f22194fd6aa,0.05395368833761251
ck_976fac1bb3dd8c58,0.01710756320318404
ck_bac5233623b25ca4,0.01406035093146408
ck_9f83fa5a2d3b9049,0.012775702298159095
ck_b2a79dd3df560f14,0.00954512878163403
ck_62b9fb3db284941b,0.007540467393695246
ck_aa075c418ed9fe5a,0.025632207605248026
ck_c6abd5d57b1009d2,0.005781011255452681
ck_0734fd90b2cabd43,0.009412040461350956
ck_bafe82c870356706,0.9988148402875827
ck_e35eb857c61548b2,0.838404370431898
ck_22b587c18363899a,0.022145129541033814
ck_aa295a11b0a6ab36,0.0034977394091029556
ck_d839798f9520363e,0.02087271153793293
ck_8049f5fce32be185,0.7123639184450082
ck_e2ab04136a442a98,0.014835684660598219
ck_c9d72140b0389216,0.013538353468094167
ck_f234ab47061ba7c0,0.0011911215711535024
ck_31fc51d5a3dfe16a,0.008192718797599498
ck_f517f06551e69507,0.004719684415588602
ck_392cf2cdd515c34d,0.007230206323325838
ck_366616a725afc6bd,0.021124953546920077
ck_e18ac29ea62cb435,0.024883573467182955
ck_170c65860e2a7e23,0.006467772612597852
ck_093e3a7134e11d6b,0.006181597011468855
ck_d111c98b36bdb791,0.0032502172162194812
ck_1ebd574406235957,0.006651553903781894
ck_65519d0fb137e0c5,0.015516745141922639
ck_ddc3fc99eaba2064,0.010926725359784544
ck_1be8cb95d6d9bbf8,0.003349238872420654
ck_242521e261148fba,0.011638333910377382
ck_110608c3b03d4038,0.9353204046704683
ck_0dd7c5925d28755c,0.004743161417713756
ck_f11be8ce05382cec,0.027517084268697867
ck_129ffae92dc01408,0.003565817177215655
ck_b0b9047dddb1ec84,0.875585424696491
ck_b4954d16b9749829,0.0089298754733937
ck_66a8325f28be7562,0.021230589853929335
ck_e1b1e7a7e4a15b3e,0.004591630918973687
ck_658b4b54be09a4bc,0.997729121028142
ck_77f8c5042065d506,0.00997819227222563
ck_b003e5b54df65db4,0.016910273919645686
ck_ce81ff9b8b35562f,0.02791576697028333
ck_d27b872648b71202,0.0034781675444490083
ck_3acfec10eec32f9c,0.012928973206373817
ck_813e02e1ababd177,0.005714445744229032
ck_ad9a18f58589faa7,0.003278248732484821
ck_62f5cfe22c952694,0.021273086241042693
ck_a46c1773f01f0be7,0.03211228113794379
ck_405b20ef9ad0ba5f,0.08432429999797739
ck_f948e8a8fdd79b4e,0.007325390900657856
ck_81275d9d4c559e6f,0.005015665333901771
ck_40e84e6ffe788a4c,0.016026372022712326
ck_17733f75ebdea93e,0.0042830256076836866
ck_4a1f0172d3bf4fd3,0.0026627215146250707
ck_01ef1036b2e66a4b,0.006321910263480491
ck_084a85145c15ed77,0.03192016735138536
ck_62f46226f244139f,0.02024524402996215
ck_43637d28c7216453,0.0033762437096741147
ck_fcdb4fe2f095fba1,0.005303890522251675
ck_9f85fea4490c00cf,0.024377917067329082
ck_83e5979334345622,0.02084131453757216
ck_231ae0329ebc3220,0.008891742810023171
ck_a49a2c1f881a3560,0.00411055120269178
ck_88ab6d245228c38e,0.0020410036090105694
ck_b62276c3426d680c,0.01178022767561097
ck_def344d68f06d749,0.007801420654383417
ck_8b19bb5b23b6741c,0.057686093516759546
ck_c009c97d5fafbced,0.057121753155102636
ck_9e298cae167f4693,0.002162228578595384
ck_84d62b8196da2452,0.008051134330169607
ck_6f73cdbf9305e2ea,0.007643247832116192
ck_4c1fdd1669c7cf51,0.00473637789132038
ck_744eade757ba69b5,0.1200283199491607
ck_b0fe4b92fc70f72c,0.0038180003290849618
ck_dd1c490050cd9051,0.015328908244135693
ck_17bf38d51115a8f3,0.008427983084078789
ck_166aa980cc87fa77,0.02506955321985688
ck_f17ed7e0fd687742,0.02076783785200047
ck_26896c494b2768ef,0.0069865891605993885
ck_88ef9f85948e1a01,0.0027088575226228958
ck_a28d9bb5590d458f,0.056775521190948225
ck_8b8b9de339d75d0b,0.007574440197433816
ck_6715139e240007d9,0.007807076667721445
ck_139b54e6ccbdd7da,0.03139993331208273
ck_66e81a4190c33510,0.017985127168838096
ck_4e862c2f48c38aeb,0.0028594569186755616
ck_1a3ff7620580a514,0.010355280878800993
ck_f33188c232a03526,0.09815080507035352
ck_348c874eaf0354f4,0.007173549566937283
ck_931510e384b1d0cb,0.01874092456997163
ck_e15252ebd7553422,0.003065542458177807
ck_a3cce46d15cc20a2,0.02715080592988634
ck_0dc1e536231c4860,0.012329998452916175
ck_f92cd37022b0ce21,0.016857350645895636
ck_bb99071e8f58c8a4,0.5805677748165625
ck_06010f0df5b7cef8,0.006268939825059579
ck_ab7cb50407d6b13e,0.005269797041693422
ck_16a06d58d71935bc,0.025788747184149613
ck_68f56f6560a7a933,0.003692729318295345
ck_a019151ca8e7527a,0.025512813290067077
ck_d1b9e5d32d2d789f,0.004416792203179191
ck_615763afc2e17a7f,0.004940734263189345
ck_5eff0208c74ec714,0.009153281193286424
ck_7eebd0e6ad6c070e,0.007975619913368988
ck_cd4c63155570d6ea,0.0085819474139774
ck_c5414d7a8031d4f5,0.006760974578526321
ck_9a88a5a989cb5bc6,0.2296392120430416
ck_541a734fc457246f,0.030055593678545357
ck_861af5a9a9a6d619,0.0027895458200536266
ck_2cc1d9b587f6da31,0.041309877191615274
ck_7084ed3cf20781b7,0.023410771640803983
ck_e02f93f51cc8caf3,0.008064437374533695
ck_9a930faade55b8ea,0.004181687126451612
ck_0afa4449f20d5196,0.0034900167404326547
ck_4d503c41cf4e5034,0.017775998097418852
ck_6ff0fc7487e737e7,0.23016635806613414
ck_b21d8630387cabce,0.0024618798353825988
ck_bfd9bfc5b6ab4a54,0.029424176460452367
ck_629537d8b4d0f395,0.015962205622728255
ck_bfb067986660afe3,0.044506237505003036
ck_c1a31690c8573226,0.002062133606586446
ck_94c9a4d382689e82,0.02594498259583691
ck_397c03aa33a57310,0.12661447642822304
ck_4b4a3c5b95c55b43,0.0008971096216831537
ck_40780fc0f8d6f309,0.024530206496040697
ck_72022008a92c9386,0.027623333665755413
ck_0af18b3ce015d294,0.008573241185598091
ck_a481385c2e60dc4a,0.010245167760563336
ck_e49b5e4f2f2e79db,0.18036054548430272
ck_cb88ef3dc1f42225,0.005161341330542993
ck_a4e2607b4c8021e8,0.0014020747917818344
ck_8aa8b9968233a1ab,0.007155364253802231
ck_cd32e58e8a1c0e85,0.007806034910608886
ck_69b5620e00ef5dec,0.0012232671450940022
ck_0dbefdac0a1868fb,0.0023748325303587243
ck_fdda581aec411010,0.0029840355710884295
ck_35e411b05d22f663,0.013208121001512932
ck_11662cc7940ffc82,0.040296475549266055
ck_4db6d4fd2b49aa81,0.017747860919407468
ck_cd0e76f0e7bb38cc,0.005109328480619969
ck_cf52e46fa54e4540,0.003473897171692562
ck_337b930fd149a696,0.009945171545388784
ck_86a61d9a39768e87,0.018320651044633932
ck_8424bf65223a5a9e,0.005885266544909191
ck_9625a64406ea16e3,0.002798316360389169
ck_ed0cc1b1c28f9511,0.03220054150944938
ck_9158bdbb63ee8987,0.013689930036531675
ck_2f241b97c0f8389e,0.008208538056524472
ck_473d6314ea614b29,0.00906315587043516
ck_7443d6dca8cd1352,0.0034120615992386614
ck_c6fbdc5ba68a8466,0.009786943884571965
ck_6cb7c97b72d6b5d3,0.01716762917802712
ck_b43f04431c267dea,0.00372450735371697
ck_77b2fb17c29f5e72,0.020127064343633073
ck_b1c51fdafcd80122,0.014462756520269834
ck_819bf3e8231f4081,0.009238705622397973
ck_1dedcb48ac381a1c,0.130816945643437
ck_888651bfc2c8cf70,0.011713983984774046
ck_af0a6540ea7a36b2,0.00503646682875727
ck_97e980463aca4644,0.005631811881919646
ck_6faf3e6820398866,0.02793596989556687
ck_d0982b4e0e118e4d,0.02312549609358973
ck_3f5e8f3f1df0c8c7,0.06936540793974319
ck_5d8481e2b38bd99d,0.024158216206460532
ck_569b83668d74042d,0.9871966919005891
ck_f8b6069d7577fde6,0.0028709639669161863
ck_837cc7fd48453a01,0.009498091478980368
ck_2973b8274f0bf69b,0.008247724141558709
ck_69bd0b1abea7e1f0,0.29633575585991007
ck_fa0b234481cb57d3,0.03068264404300329
ck_cbeca201dbade3e5,0.032099307184795776
ck_05a00b1dd5a03359,0.004981286509628321
ck_77c0fb524edb4a94,0.005455513610941588
ck_e64f0df63e1be595,0.014945779381111711
ck_5c7ad6e731b69333,0.8146786628071443
ck_b657ae3c146cb7bd,0.0023352266093385836
ck_7dbe24ba01316775,0.016292839406476523
ck_0e3f80c1553c591b,0.012575855790336463
ck_3edc45db58760d76,0.0027598894438659875
ck_24ff97ad90bdd69a,0.03009685149352976
ck_263f6c5ff26b5e98,0.011938729524315793
ck_437afe412ea4259c,0.0463993735696117
ck_ae8c9163cf957d7e,0.017455732878578416
ck_3f8571d4f7420b2a,0.011563889063583044
ck_e6465c56b337e6c2,0.011815022353656316
ck_7dff6abe4bd644dd,0.22180714013332
ck_27fa694569140345,0.0008003819990314569
ck_cdc55623cb16e6a9,0.004467619262274741
ck_b08b3f089138c901,0.008384177021263579
ck_79da63fc100830b5,0.00993155956726541
ck_4339f86c87289222,0.7460012070446417
ck_38ea56d43afa5660,0.0069966033314910496
ck_33ecaa7b892e73df,0.05823031740592109
ck_dba767885bd6ad69,0.0038773295643754566
ck_b109ec4c63503030,0.003667153015625414
ck_a7f522382509cef1,0.004516635242542696
ck_d9143e236eef177f,0.02031412769839962
ck_f790d91e5ff0eccd,0.39451121875937545
ck_064013b0957d87a5,0.9949642546880075
ck_643f549b4ac78a26,0.303834624920379
ck_a07e7409d6d5aa06,0.010527825672736905
ck_c37f03995f0f0169,0.0037943319269610216
ck_8929d2eb09872052,0.07078214205007026
ck_27f20337bef5ffe0,0.011828461613811351
ck_7c67b73196e3d0d9,0.02880243952016114
ck_e30db36e376606f7,0.21281553582926846
ck_99b4f266b61ae7ee,0.006078625716458781
ck_4072b59388976896,0.009778229475481839
ck_21c99e1d6b881894,0.0026813349328167167
ck_ab2aed614ec1cdf8,0.020081181760249228
ck_a8cac8d480306839,0.0022518397721412306
ck_36d37be780c1291c,0.003684713683536929
ck_7b3cc6cc3f250f39,0.07645726868661248
ck_b6673bbe61d2680d,0.011502309808955079
ck_c251898b5d51e3b0,0.01543505022587545
ck_69105f881da3c821,0.004440022549073234
ck_adfb8472d5c3d669,0.014232592997875085
ck_4a24ad61d017e1ba,0.03239809504737153
ck_15ccbf8ff7d14086,0.005603345677452733
ck_c4bcc7cefd40f8e2,0.0022769516821267754
ck_8d5eda29a2cffa3c,0.010959583071595466
ck_df65967b8b40319c,0.0010524176763411113
ck_329f7de7279e74c5,0.0046786278486152565
ck_d5b8e74e7ca6355a,0.02523217759101386
ck_faab769cce19879a,0.01778288464937276
ck_9b552204498b6762,0.009548855352903885
ck_c7dd84401e29a7fc,0.0031589720862964213
ck_14436a409ebcc90f,0.012733331115085079
ck_f09165d73ee903b1,0.004654317293201614
ck_3dd542c2d31be2c0,0.005497428205357209
ck_8afc1112c12f5402,0.002829759337796052
ck_4682fad271d47eb0,0.762217320499058
ck_9bf0d28119fc42c8,0.009385587607627765
ck_4610a073bb54d1b1,0.2079352472758446
ck_f781539b1042dc83,0.0021571223693505
ck_3199b471575aeb3a,0.00560380972285454
ck_51d3e8dd7465c015,0.010677130541487063
ck_bcfb7ffb7cd428bd,0.009477477492991679
ck_8563fed6674afc77,0.010895807668822146
ck_89c8b06aa8c84b2d,0.025222315990926805
ck_9a2fcccb82da663e,0.011529301150155066
ck_e7a3cfb9bf908e80,0.0050927965513791725
ck_d99a8b4c820eb46b,0.07020917165085974
ck_ae2ab6be219219aa,0.0023520551224533296
ck_a0dab7aa9c4a39a9,0.005168155798523428
ck_604e1b8a8c693aa7,0.009210230460472117
ck_17c4296276448afe,0.01292461216208442
ck_9e9a830785112a73,0.01387862190687119
ck_2bb49dc2388cdc1e,0.001281582776459114
ck_bb303568b6915205,0.11624198069011127
ck_ab1bb02f6b189304,0.778066228350564
ck_2675e7a008e584a7,0.015909283931642218
ck_9880410fcd10a28e,0.0005689079497438577
ck_e73caa3771ec5e0f,0.0033476956877669154
ck_74928f5f91aa12b2,0.03148415266475803
ck_eaebaf4d28400fb8,0.009863157780142552
ck_ec5ea81cf813597c,0.08848151133415681
ck_423ff4ede6a9f066,0.008779593390123184
ck_205c107cec528414,0.9547870714871146
ck_1df66f537496ca59,0.03377115613412916
ck_3646515079e6be55,0.00918618586532357
ck_b2c896beec146477,0.020194779655829314
ck_d80283209c963f11,0.007013030902609794
ck_c4524993ec31dbe5,0.002921002004978418
ck_9f7807ed64cdb728,0.017169354576172476
ck_8550f229b5eb03ab,0.0043703066908752485
ck_4199342d3aca74e8,0.04046409303817544
ck_3135c019696ee6af,0.9979153388889814
ck_5d01200ba3341462,0.011080188492673351
ck_a54dc042ebb7c766,0.04491295849743552
ck_ca5b1057f8248f73,0.017532243176903082
ck_1f7ee7b23fc6f2f4,0.0035231870863979653
ck_92d782bd9ce0d1e3,0.008197787888889177
ck_7b35d218ed0c5a60,0.013591131365438752
ck_eccfd552aa652d3c,0.005665860005478735
ck_9b6ee35e8cd0b11c,0.004400352198810932
ck_d838491d3d4f5ecf,0.006131950910913114
ck_3a34c3ac83cf84b3,0.005614655955274662
ck_c08f622bcd6de6e7,0.011400669421095534
ck_2d634e3f24681c0f,0.008933692498172385
ck_956b5af6d7d86c65,0.9899727315916352
ck_9332bbc7125219a7,0.006586816099515398
ck_8007824431fa803b,0.0034600086475809885
ck_54b087bd873af8b8,0.005026741452977981
ck_e70418b00cbbbac9,0.07598186855374155
ck_500948a8d4bd8e13,0.02689880053542815
ck_48e84b0cb0b90fa7,0.008907885357716432
ck_1917ef3e6e345549,0.02505479110482267
ck_5c33bb46c1a5945b,0.020163790920219225
ck_b51a58e7f032c9a8,0.03779323880738603
ck_188fdf2be7c92e9d,0.9987939885057232
ck_4a103f8254b366f7,0.00932013760059666
ck_4388abce33ecd01b,0.35409430364196615
ck_321e740066fb05c3,0.473708855800446
ck_c93def7392f0aff5,0.04603777540300482
ck_8582490d6e365a63,0.01153372234130425
ck_bfa17a0b1760e616,0.0072611415417518374
ck_65a23ac8e44eb901,0.008339423633320592
ck_bcc9cbc9ed8b7c31,0.025176751449108945
ck_6426427efe3228af,0.012465954776258982
ck_eb264d1b180d4b4c,0.05488073092812121
ck_b7af9b2ee0eebbc6,0.023595381654147443
ck_79557434c129ba52,0.010015898473334907
ck_073da541ec3f9d3d,0.0033742305792398277
ck_96dff7a09d45f116,0.038809989078475736
ck_8ec86e853ad52828,0.028676344472075573
ck_64f5fba6af67e024,0.0044963686517925094
ck_e0fb11fc9dcb34e6,0.05189466690529773
ck_361f535599110201,0.00717697693038237
ck_34b0988a97d96902,0.005121865151895307
ck_337c5684510cf432,0.023029955496138826
ck_258d661e450ac870,0.007294480608486076
ck_6b55ec4e87a5e22c,0.4936766747976605
ck_638df9e8a22dfe0b,0.011512330581647667
ck_e36c8da1bd359960,0.026284822406469243
ck_73188a826b5f499f,0.014635148642111111
ck_286bfd719836e9f3,0.027377793628598424
ck_a209a5f7d172125e,0.010612424094065058
ck_fd0483639811f62e,0.07002372863070143
ck_0d16d9349e4a9e08,0.006952380001884332
ck_fcf5d4a4748cdd53,0.005567297534624048
ck_61e1f7168cd9ff25,0.015502432587947078
ck_b7f4baa2cc82fe61,0.00639449542602729
ck_437f9ecd2016a1a8,0.01977025275890705
ck_04219a7ea798db51,0.0446937773769916
ck_644b1c1149eea9e0,0.017238387275587082
ck_bfc82b3c1c9f2897,0.45228010419647263
ck_9cf44eb0237c2429,0.006229926424148106
ck_2106e509d77fdb4a,0.9249605082944306
ck_49a0efb5d4067b6f,0.06277201897438028
ck_82f360df1e9f4eb8,0.021633835087685533
ck_9986c7d781ac6b4e,0.004938387745385213
ck_c8413898f5f7cb7d,0.02863012613829103
ck_b3fb83f0d772a831,0.019345935313332514
ck_a2299b4f530be0d6,0.08819172515517143
ck_fce0b6855886a0b8,0.03041281581764101
ck_162513e73782929f,0.030773039979282546
ck_3e9e3bba8bd363af,0.002810697711269375
ck_88cd35378075c84f,0.0010381139280854614
ck_20541686a94fb71c,0.02694680438408938
ck_fa80da579ea9afc0,0.0045598591934091735
ck_7916e53daab36745,0.02989241902394781
ck_121db7ba3be29ee8,0.03134124958652593
ck_01e5986ebb9a78f1,0.005480366529811151
ck_6c26c12071c91ff6,0.005037717937868006
ck_0e6e05c3cc8c8242,0.006369272047134717
ck_7738eb085e5753d6,0.0022118308563590493
ck_2bf10be403849c9a,0.0063001684475485625
ck_3e6f35e4500d2f2a,0.0032951095698227186
ck_7a9f241d5f082567,0.0029371451205056393
ck_247589ff532f7aa8,0.018164777858466374
ck_d1c787c27d50af49,0.022397409812463537
ck_49c98bebd1338879,0.0012391444390209912
ck_9afc3bb849f3a64d,0.013468890441063966
ck_1d40e4fc541abe93,0.17224823483287685
ck_4fd9dc00e1913587,0.9876019204568983
ck_c19371047a2d011d,0.002141318106860299
ck_7d9f73dc7c4f90c3,0.07425320112156107
ck_8c84fcde93a04334,0.7517867548889675
ck_e09c97520eb0533c,0.023134248636998776
ck_a1e13c0d58560340,0.0009042078588482879
ck_cacc2ca410cbe80b,0.01151485386088961
ck_dad5cf32ab9f243f,0.004130880879235483
ck_b2cb9e6610eca967,0.02488910182016378
ck_1da2f69023ca4c13,0.004463079167045725
ck_25122cc0e8b1a662,0.014412590610860733
ck_dfee9de05e3971cf,0.006152666314271899
ck_ca54b32fca7e94cd,0.005801567078823794
ck_384ccecd342a24ad,0.003407533283457627
ck_6abf8302ce052451,0.024925203756652792
ck_6ffa90143838a4a2,0.003519222701571178
ck_34f9951b0eca1965,0.011783245915399913
ck_9385f5a1eeebefcd,0.008933881123956496
ck_3df8da6f60a89a5b,0.01813832292605945
ck_08ff5bd467226a5f,0.0021351411955923367
ck_6eceeafd56b42576,0.028557193033449595
ck_f744e208183971f8,0.007086554838903874
ck_7b45ed23304a854b,0.017909437987830346
ck_f88c79186a082beb,0.5682885765947736
ck_b78d785ca3ef773a,0.005061770540057858
ck_67207e3eecc02d76,0.018372273960323246
ck_7aa8bc018c2b003b,0.005964657045351912
ck_676fa5f6aae5475b,0.007555227523918508
ck_73c18e03e3c7612e,0.002410389386446628
ck_d91d9f8445b9769a,0.8882564771237941
ck_f6a4a7ed27fe76fc,0.032449190836320384
ck_8742114f4f0cb22c,0.08784855699923452
ck_5c82444b3b9160ae,0.006568924888253431
ck_2acb54ca20c3af6c,0.031201867277828105
ck_15b93103ccd38609,0.005921137878793348
ck_16541fc15683e21c,0.002785831733271134
ck_039e6d5a330cea1a,0.023017366550678094
ck_d8116c34302021d7,0.002715070479596292
ck_e03a9d8ac94161d5,0.005750554025887059
ck_eeb854318b3a6f0a,0.011902248921730245
ck_e9f228845bf6e28b,0.02699825052271597
ck_203c2a22c0c165ac,0.0070903100488834215
ck_5b59e859bed5b40e,0.04632037983240649
ck_7b61717f172f9317,0.9744219888992111
ck_114722e12db90a73,0.013084047745262537
ck_ccc7916b56d42195,0.002175810559145314
ck_2dd147ce6d61749f,0.012390035851057732
ck_9ede51c8434cff6e,0.02190144502099911
ck_88a8b1d442ca3686,0.008804294740741294
ck_36d2be9012f7909e,0.07027612317162776
ck_495d814d6d6d521e,0.001586176974276977
ck_6f5bb0c930644cae,0.998284084613991
ck_79749eca42ff1f5f,0.019796494484553485
ck_cebb8aa8c8f62c60,0.005964801136623198
ck_349cc5edda1b8853,0.0063326926923197874
ck_85df7b7de9700aba,0.0019657673077584825
ck_e0983999ca26c19e,0.015317265661811526
ck_d879d645d6e44207,0.004529944237878869
ck_a6c02ae50932cd9d,0.0037822063390409023
ck_50176dae5b1b716d,0.0028189787154652753
ck_d6880578428b965e,0.043745323673684014
ck_f51fe59cd445d2cb,0.010761286212718697
ck_8440ef1386c07194,0.006694519306686908
ck_28cb9b03e89263f1,0.0007519979839338255
ck_5ccc1a1c78cb33ee,0.023849518818829022
ck_e04166b0ce66393a,0.003887829496863113
ck_72ff52c4824072ce,0.020051729835621413
ck_11f85bc705dbe036,0.06286558838323798
ck_89f3e380b0686963,0.008663252947725573
ck_26df74feac7ec51d,0.01534934926880049
ck_a9812ff3c111ea94,0.01610061516242859
ck_bf6fb7e6470e95cb,0.0027645498053192764
ck_cee4e4e1b62bf82f,0.025936790995590524
ck_7c560467daca735f,0.0011071209688256894
ck_f72a5a3b0d6c1177,0.001932026112248737
ck_5fc90b4668ea81bf,0.01340193802054654
ck_c2a5c54ad8d0d297,0.013262738008244322
ck_7508aa554fae6afb,0.0374328683175335
ck_003aa842b7ca1d77,0.520819461087524
ck_573feefba6bf78bb,0.04274053981693742
ck_83b2b192f41ee2bc,0.06553082238270037
ck_64796b6b2c3c7f06,0.013072998818552407
ck_5fd8924732fe403e,0.6360123707650175
ck_1d96d7fd65f208b2,0.0515663958915395
ck_9d00823bf60388d7,0.007224482369165816
ck_0ee6965e68efc177,0.022302672070279524
ck_337e98c69f6e7886,0.01179883897122248
ck_b8e8dba20676d87b,0.016116828125682874
ck_f8ac3a0500c0ec62,0.0022831565838935795
ck_577c816b41cab002,0.9493498406053371
ck_05c97fc9de11aba6,0.42771484322836667
ck_c82364d87875a1a1,0.017166607482295725
ck_e43e53cc7b8b8e41,0.008551518372508938
ck_d07c5b0321c685ea,0.03200216429217501
ck_16077ac345472e6a,0.005483439807598164
ck_e07fd57565c94c28,0.019513457525730943
ck_a4d6e152b0076964,0.004161429243967738
ck_9929723f65636c7f,0.9997278587529328
ck_d90b1d03ae151f62,0.037831028183347
ck_a553418f2fba1440,0.0273487834233407
ck_105b0c93573fd5b7,0.8598658579697388
ck_2a01e610348b84f8,0.015458646116226696
ck_df1585c7d72a96e0,0.006950847319536731
ck_df520a7a6e405889,0.02448558616098191
ck_2d9524787cfe1ab3,0.832072603899737
ck_7f15b50b29dead01,0.007812943155813112
ck_fcb2a559474c3493,0.018848259560504132
ck_e5ca550b39ed45bf,0.833640690274901
ck_d2ca47180a926ba2,0.007284821142027058
ck_0a93ed76bf36c8b6,0.05368974079809199
ck_406c4442dee45cd1,0.0009055374542829745
ck_56de216eda6b7fa6,0.0012241794860661625
ck_3d56b477fe2370b6,0.03726609904279996
ck_edfe8e90e8f4366e,0.006294691163093502
ck_2096d32f3d497ea1,0.07154067161852895
ck_c18245be844680f3,0.05359890619675021
ck_0253b3e7be021306,0.003944777711516797
ck_fa5ba9ed9ed6a343,0.00635638307775469
ck_c9c99e5b19aeced8,0.00591061817176077
ck_14b4bf7be6ac2b61,0.012474884344571143
ck_b7df99aecef385e6,0.052378766203207305
ck_17ab3068fa303682,0.008429285196214907
ck_592a3520d841d11b,0.006348939131978137
ck_094974d75e29fb2f,0.03717713145397834
ck_6cfa71d27fc27f92,0.007199155052493266
ck_f2ddae2eb1cb29b4,0.04389566332556825
ck_1757fcb0e6e3f88e,0.04815920569708809
ck_7afefa349b960a3e,0.00807282395361892
ck_487f7fbc290e4ae2,0.005108744493295054
ck_28dc0de0ae291f37,0.010235627402061707
ck_2c2f080ba185016e,0.02199589595773888
ck_f4a2bb10afa85743,0.0008404405130108794
ck_9ad08fcc183ea1e7,0.003048276444184889
ck_d08e00c842b75176,0.004593938929086449
ck_a3be871ca22ac416,0.005947407842735706
ck_ab70961e7c6695b2,0.007475131593394634
ck_c6200734c7f9b2f9,0.9973208305036829
ck_d0f470f8078c91df,0.005708649463547791
ck_11c7a58e09e6547b,0.009823228891786894
ck_2e0eedaaf2980c2c,0.003186081133725243
ck_0e2bc3a5afa439d8,0.04823456381280917
ck_c416357d20238a4e,0.003962751025174886
ck_f0c44ee5e3a42e3d,0.014306934628274145
ck_8342e08cc2f9bcb7,0.012365556563461088
ck_93c0cb3dac4891fe,0.0073087252393545694
ck_5c5284c45d9ad8bf,0.024443898385681572
ck_3954b7b0fd1d6614,0.0036050142571257813
ck_eb1ddfc353b4da83,0.005496426020650756
ck_ae668e4564cd2aa1,0.005116026357057429
ck_d89abbab3d4957aa,0.005924637411964576
ck_364f8203a3e98d36,0.771629722849289
ck_004fe0daecbe2c1a,0.4805181625464735
ck_a31a64a39a2c4941,0.011287053509870757
ck_c49f25dfb39909cf,0.009831189213907843
ck_4ab74a6e7450416c,0.004902327986352376
ck_55f50a9ae2db8ff7,0.0007853380820727376
ck_7a86ef4e2beaec38,0.003166193159760208
ck_f67ee7910d532216,0.008956550277251264
ck_21860dd2159dff28,0.005197296181693231
ck_63560eec94b76d2f,0.006174594524783683
ck_dd78cb6ae2866cc6,0.013120873866597082
ck_c1f4509c8f5dac5c,0.005207287686041411
ck_b921af37d500e139,0.0045523499178109815
ck_e23e50e02cb3904d,0.0776112695300677
ck_80c4e9274cf976b6,0.9981622023086482
ck_4c352dd3e7c81269,0.07555572628411468
ck_1cb6dc67f9a321b5,0.021737093633139547
ck_497ed60723283c0b,0.028097787426822493
ck_db23a5100f338d72,0.015125853968197281
ck_57658eda1c59bc52,0.004087311983910095
ck_94410eedfca91304,0.013061697628197994
ck_eee99af3598311b8,0.06487688741925542
ck_832341c98254bd84,0.005086389706413958
ck_094d10439b7b4eac,0.01771875416119872
ck_2493ee8e7b91d304,0.022496576247654592
ck_254a7c97c36dab8d,0.01252593496968414
ck_f268416945316815,0.006726475799975837
ck_59e77e3a81f1fa0d,0.013520184771886672
ck_614ef655f0685060,0.011019116383393238
ck_04d2ea38ee27770f,0.002937934045701203
ck_b89c6fa2ad0a12f5,0.006822739125389092
ck_1805fcfc4a9e4ffa,0.8759108711399592
ck_3f5ae4673a9f858e,0.09453976010467012
ck_ba88a244d5f7380f,0.018246530228754086
ck_fc832b0c90c9bdb9,0.692849907335751
ck_7109923fd7dab20a,0.015566351842925104
ck_a97b481ade6f7972,0.006905596792769171
ck_f56200205280bddf,0.015967170693616632
ck_754f30ea19df857c,0.048332088735632515
ck_59fd11b3232de9dc,0.9136287312094098
ck_7519260415c2998e,0.007414892767551357
ck_b7f5acf5df1bb13e,0.007651410243880612
ck_46656a23f4456d22,0.8750686008245364
ck_994316fa5a02b319,0.0033436119525178313
ck_ccccb17d2ca6ce94,0.030463708966642158
ck_269f1746f2609ed4,0.02053863213501507
ck_3521243bdac61178,0.006071150564084359
ck_cf920313f6dd28fa,0.008964204562847019
ck_75d2a2715259c4d7,0.028538914181414646
ck_616cc31910f5de50,0.0049126213203039195
ck_31e70f2f04b48b88,0.005400281379707354
ck_76ee10d6e2dba70f,0.03991599394753976
ck_05b2b04e11d9ae9c,0.0085159044767785
ck_8089fe7403c5f537,0.005972031771216398
ck_3209c530c9812e39,0.004058936501142167
ck_fbf7351958ad9615,0.0031940853614137333
ck_0adcb1fffcb0a34b,0.03857742650027402
ck_8f6ca5d3b17eac6e,0.0030534868860602805
ck_77a40c7d2f862a32,0.03215857339554171
ck_73de0b49709e5f8c,0.004155724118713322
ck_e3982142336782df,0.028762775238211566
ck_c6a7bbd0adc4d5f3,0.0238571140081763
ck_fb04ecbaebb774bd,0.011690317745324726
ck_de7259c3741db179,0.006492083717998854
ck_b6f2a2fd232c141b,0.03342607836521906
ck_91fa5032f7aff0f1,0.03547073886687596
ck_c5f8ab515840a0fe,0.005265893998372386
ck_b0f8f5408662337b,0.00402707715354201
ck_eb4f4267e24d042c,0.014200242275344397
ck_8cd1b68dd74b1375,0.0910417977267478
ck_3398551e81dbf3db,0.019812464822898144
ck_9a881d5433126ada,0.0033496494448864364
ck_9fd0be2c018ff5e4,0.006418411186207317
ck_364cde38958b7af3,0.13844481260998545
ck_8c95aeec6a4c75b0,0.007304069475547389
ck_2595669e421299f6,0.00957313621630759
ck_1402d24dd623df72,0.010139231439682077
ck_5c2d43ff841632f9,0.0050052346420533305
ck_791d5392bbd80447,0.11332282826461346
ck_f6e9d14dfb6f3c28,0.027106129990621043
ck_18df83242ff3cdbb,0.7118337464928489
ck_c363d3b050baf3b8,0.016992337703903498
ck_f8540cf3a8b2f8c9,0.00838089108812517
ck_dbc487cb0a6c18da,0.9753860020625589
ck_98831b57c7ca2e4f,0.0021227197737488015
ck_a6c7b8d6e8596d4f,0.01376678224366133
ck_13f2560c6a1ec62f,0.009864817245279375
ck_6c48c58678f64bae,0.0011444114946044038
ck_e0346d5081e640e8,0.8447252684759493
ck_0c9e420f97baaa06,0.6959946994299219
ck_da06d97db0b18851,0.007327154833608578
ck_6e4f31bd108571f0,0.002704176398385342
ck_120e995d50956bee,0.02992021464835455
ck_cbe525da0b69f18a,0.10415839975080013
ck_b62f3e3185251f71,0.004426575852481725
ck_1747fcc466f0ae38,0.0017627593015218355
ck_c6afa913168ce8fa,0.012844232379306842
ck_e12a9f7d027e3387,0.004193592668882748
ck_ddf787359d2b5deb,0.0013162260163886218
ck_e1140be6157bacbe,0.0037513340085126084
ck_47d3e8d1dd3fbcef,0.01610097601473832
ck_f90293f1eba5d7b6,0.07440303089159292
ck_2f6e64f638da0f97,0.0021096244892003604
ck_25dd0b02af5b2f37,0.016872842257146446
ck_a2637e4872cf4811,0.06853517705003143
ck_2ae44938847f3852,0.020673344495407753
ck_8347455ab53ff620,0.002966388711767597
ck_7aa2deeda0e57412,0.9659245500137711
ck_f9c4f8b4ce2691f0,0.027048820896351244
ck_e5f7b99ba6ec5767,0.011049078505817368
ck_59371c9140239fd7,0.004764939312820337
ck_3380d60067b4634b,0.003574541242677392
ck_27466468d06db4eb,0.019883512673373255
ck_16d2d27fadeeacf7,0.005314674913111242
ck_0d5c0736ec76385a,0.0014385981616046196
ck_8053f1879a9b4e43,0.042241102823954074
ck_ecf9794349eb4b3b,0.05818681750551982
ck_913ecdeeb8e21a9c,0.01919244382811549
ck_687eab3ffe1f8cfa,0.005027669205148233
ck_e4459115cd8e5e4f,0.013264514729910994
ck_1964ee9db929a173,0.9860185896466483
ck_77fdac602d0c6f95,0.019604125447331967
ck_1a28b6a40a6bd3b4,0.11100616497706842
ck_bf285dd49f372de4,0.008975612649696305
ck_eb6baff0f85ba936,0.030083484719571063
ck_a9bf75bea912027b,0.009278669834328245
ck_bb4aec09d4968dda,0.1377327072238164
ck_48011996d54855ac,0.09046072918264332
ck_a1b4c96faed3e0db,0.01031149649133277
ck_8cb20053914692d0,0.02637352885263565
ck_5f52728d777ff2c5,0.01395594157811264
ck_d66f42a269d5c1ed,0.007778447128431846
ck_244b897bb4d57c1f,0.003940383038349911
ck_4eadbe7298b15e96,0.005051368535189818
ck_179039559ff7566c,0.006117726079864938
ck_a60fe02fc04407a9,0.02014769965840354
ck_baa47383ffd50f04,0.011602846885610814
ck_3b1766a1d51f8f0e,0.7369886990913183
ck_abc54ed7111e9ed1,0.010399558469636725
ck_2a46b7ca55239413,0.09499803606864513
ck_4ef9de711c3d93b1,0.03493722868821621
ck_ff822700f3605e06,0.9987179482461089
ck_783fe5bc20cd02db,0.013977555904227765
ck_ac9d3d9754104cf0,0.0016688419687199481
ck_9800c21dfbd8e811,0.0034485439997619057
ck_454b9e21b7f25a4c,0.003727633417703436
ck_17946516d5df71d7,0.005919175057380697
ck_b7e7f7d0cd886412,0.04341977148116922
ck_9eb5b3f5f672c2b1,0.0013406659738510436
ck_089e3a07abbe3b8f,0.002683272770304789
ck_6a28ea6ce69cb869,0.08780491963437015
ck_3be854e42e76569a,0.0034190501342267598
ck_d3e2c26b8adff099,0.00860351582404653
ck_47de038381a9cd65,0.09948491473930675
ck_e26a6659c237b650,0.00685834041960382
ck_7cf301d075e4e709,0.017878859239902876
ck_c56a44fe315c0389,0.007199349214871097
ck_0e70516fa07cfb17,0.9462905801454556
ck_d38f941d09eec820,0.02232318165863053
ck_d6a290ff8362c7b9,0.016798739381427067
ck_cda72f597330d0f3,0.010545709591797993
ck_7c4f12d70f184533,0.001937834542781093
ck_bccbf9fef367f00f,0.035041067495180864
ck_710f867a3bd5898c,0.006563012603569248
ck_be05447853d423a9,0.002599401399102563
ck_0414507baeea936a,0.025500999027487148
ck_60796eb60fc3043e,0.004331337026170655
ck_d0b32e039abb8200,0.00876570886364955
ck_9060f4e7ab7a1b0c,0.005126091601161988
ck_1e0841ed17fe0562,0.012920612978016395
ck_d523f0e50a2747ad,0.003717868424615987
ck_e322da8b213eab52,0.0029040132649130056
ck_54b0b070689c50d6,0.0019192892783617098
ck_e7dce27edb700f27,0.004953781607272154
ck_79e45040dbdd6447,0.0137526918278894
ck_259eb102342057ea,0.005180042286227943
ck_cd92852d7376a4a8,0.0011730187279788385
ck_a705c61bd679496f,0.0069869990578329474
ck_4bfeb78b47b7c6a1,0.046826799316513554
ck_f7112818a6d81422,0.03207035913478778
ck_c2504f5a113433ee,0.0049053614888073796
ck_9915ceedf63a5289,0.035165016355565785
ck_bccff46fb0868454,0.05989281086929911
ck_db8733fd92f20cd7,0.010118719475318103
ck_8f3ccbd20d59f1f4,0.00508887244499769
ck_f77dfe6512eae322,0.02307290719941999
ck_957fb25437c75e41,0.027102980450902446
ck_46225858a38b2e57,0.008388788464481796
ck_f637fabf0f60528f,0.06378458328039747
ck_e6a6caf6e7de17c2,0.011904901951250258
ck_f7bc569b37e8bdda,0.004605856876158873
ck_e739eaaa7a1822f2,0.013179449140024956
ck_8409716d174635b6,0.011192158517831957
ck_04e40f556a5062ef,0.011598993991065289
ck_fa3b1e85d27af2ee,0.031428381311132916
ck_703b375dd86a6124,0.01589157019967813
ck_63ce4f44c92d7143,0.014460643549872193
ck_0d641d32658d6e0f,0.004783333902329553
ck_6a2c4edd82e10969,0.002853123820203327
ck_4c5ff58afe3d7a67,0.0027759145891918593
ck_6b114f2a48152b96,0.0020849233640170815
ck_e842fb0cf055a83b,0.064036326938657
ck_53d17ab97de1ac3e,0.004260970946179812
ck_8bb9e75393954a1f,0.002141740364635084
ck_07cb2b6f2a4303e1,0.02227152267357013
ck_31631e2028d4f855,0.011429914837240214
ck_4bca22b5926b9c28,0.005759521196741518
ck_1631bab0ba1256db,0.00576853404576364
ck_41d91dc9f5063566,0.020210537385701107
ck_cd78f0832a09bd8f,0.6694292379693391
ck_d5194f2e92fd6427,0.006935559231599158
ck_e25f70d0b7229420,0.023908899317427824
ck_1496568ddc3b2d56,0.20633379925350942
ck_53a6a33060d5c8b8,0.012596870607847097
ck_1dbf1f15193197db,0.03657466979060091
ck_5c85d93ecfed4b0e,0.008553375876634588
ck_2b359a979520276e,0.008094012951260995
ck_1c93cc58f314bf71,0.0290779701519059
ck_9341c7959543c542,0.002761787608594114
ck_1da9d40837ebaa57,0.009033432502261424
ck_265accb3c5c32620,0.04150291655658874
ck_ec4e597f17f473c6,0.006083381603052744
ck_612089ec90c37219,0.008650359753393603
ck_c6bf67470f526771,0.0058816644265792814
ck_6eda4c36aecad602,0.003292876410433059
ck_e62eb708d2688fae,0.007796017955153302
ck_e21a900556b382ad,0.01370136459980215
ck_fa3a766e49dc77ae,0.005935477492985493
ck_18a55b06ccccd88b,0.007622803609117182
ck_6ba091eb42ffa9fb,0.039136977408186294
ck_7b8cb0f90fbdc8c6,0.004908207533273251
ck_228a583f23abff48,0.010370617473786644
ck_a3ce05e9e5e32142,0.0107025756471546
ck_fb4797045077bc6d,0.0037645907358732004
ck_5fdafeaec036f016,0.01062219714225931
ck_e9e8cacd2fa35e79,0.026023651541218402
ck_ff182f033134dbb8,0.008913902641033745
ck_0cbd3b27063d4415,0.046155784407543525
ck_81709736281fa3eb,0.003673127468950256
ck_b0a0fb0ee9ebf106,0.0041444938862337044
ck_2faf7ecccc9fec58,0.0031780312895684044
ck_d251e9fa09e542dd,0.9921921104055195
ck_32f590e87bc3d715,0.001296271625893016
ck_20de8abfd8960ee3,0.012262463310774024
ck_a60e6edc48e3d0ac,0.09982594281167059
ck_905e460591d9a278,0.03031409653108185
ck_2ca83dbd728af019,0.0032074164906220385
ck_7061786fe2f22f5a,0.008032327368365377
ck_821446adc95e6da5,0.0048583611649836295
ck_b1182471d9ac6b26,0.0014123854503113316
ck_59d380a0973b3951,0.008594755431066654
ck_f7fbc95ebf584379,0.00399840347313013
ck_8e9faf94e3e6c757,0.002805170851970687
ck_d9ba2a6c0d926b4d,0.007589163987598923
ck_4d3aa36ff83f1132,0.05444806807539061
ck_db906debc36a5d1e,0.016587583290173583
ck_329a73dbd585ee09,0.004435326174625053
ck_f6aea576cde8d592,0.0030496123705751237
ck_c40ffefe4e30b001,0.01820352344171424
ck_501dcf1ead036d2b,0.011099742719502953
ck_8247b79ac67aae7d,0.0038984169554700187
ck_e48d14d5b70ef5aa,0.02273743360002565
ck_f3ab5dd853d38252,0.014418349112887722
ck_1a0aac7f7b94b1be,0.04059824457402009
ck_d4c8f0d957c3965d,0.020491708913876288
ck_9e3896c2668ce06b,0.016514480757338735
ck_227602ad072b838b,0.0006498400245663143
ck_9aa899a5230b0963,0.04521600006876675
ck_344b2e326a6c3dcc,0.0015424949875201311
ck_baf43bf1bd963f9f,0.02167861091963339
ck_e6c584b4b1ad6d9d,0.0068938341027256055
ck_ab9f0e08af030060,0.05354550483200643
ck_5ad798286384484e,0.005147817982248791
ck_ae7780327e210522,0.020556800642944472
ck_185f15b1523bbcf4,0.009299713478055357
ck_bf378ea558a4125f,0.9178099390810626
ck_1325000bc7f35b5e,0.004331200738898352
ck_98e1992ac8e7d2de,0.031835136711267344
ck_71fd8c346fde5cca,0.02381788728694696
ck_47a884dec960ff2d,0.029808289355637143
ck_2dcbb71e39d64305,0.04955967213524331
ck_d546994fc5d3e9d1,0.00899808447072029
ck_c2c7d1e45a521857,0.025573269638487068
ck_d72035cb29db3aa4,0.011502284867554974
ck_a0498755cd8d7188,0.0009903994118930413
ck_a9aa389688ee5aea,0.006220444866694022
ck_ff24776280ceeeed,0.01211966671395242
ck_124432fd5c92af7e,0.9191130885885271
ck_b27a9e39726b26d9,0.0067557075450614835
ck_c4a72c09f2fdacc4,0.009307909508332228
ck_bf47375e41ca3bc0,0.003968812947694278
ck_4c518637db2322d5,0.5186346331026163
ck_9e7278fc7679f002,0.019168270497813337
ck_b9facd2210daca5c,0.23923154269309324
ck_1c607e24f2c4397a,0.032930968781461796
ck_b1e81b58b9a545ce,0.1019641058884422
ck_9d5049e195eda029,0.015450014797883516
ck_29076a13f539187a,0.39219538192763037
ck_00013fdfa0bd37dd,0.0074843547628674085
ck_b6675a04df1a4276,0.007229447022993714
ck_52427b3f8478db19,0.013987458348758086
ck_3b810f15ca0eaa55,0.0036138583220421535
ck_0f6d916c92189516,0.00757479138651467
ck_b3dd1198ac5aea73,0.01301350549584573
ck_9776cd8263a9f415,0.005474592966357358
ck_7d51c86e0eec72ac,0.020797967152423012
ck_bc2e771a1d8d2dee,0.04421162177787628
ck_c10e54c9db29e6ef,0.9463323812375516
ck_7184ad7709ae4c80,0.007557742438883091
ck_e55f5ca37f30ce8c,0.007775855348553987
ck_fcfe06e44d09a344,0.011343887040694433
ck_ab3426435b0017d6,0.015358054009578414
ck_c383aeabd53e9c89,0.013577245673476757
ck_71bc01291e0533a0,0.016414111461904177
ck_8220da627e9992a5,0.002931459255316121
ck_91d417507a8c58cb,0.09551234678997249
ck_79d6793d1d0cf43c,0.00143464932202398
ck_8d84d771a21942a7,0.002457681902165468
ck_b046a42684468e63,0.008374044188111274
ck_1058129ed7b48c59,0.009719309094826028
ck_962e65ab33b5c311,0.9774437493734875
ck_3ded7a8720d7e311,0.003991339203608005
ck_9da82e567074da9d,0.04591162895923657
ck_7b1319a5ca2f63c6,0.9797528639318592
ck_2cfb9a7775e8a5bc,0.9851107386221272
ck_6846100e43659bf3,0.005600765270371852
ck_c72a7d0d03cf3e17,0.02287273269370162
ck_fb00aae4e17740c5,0.00566205280262627
ck_2770b0400a7bef08,0.0667173595142574
ck_b36086ae6d87eec1,0.004567827479913171
ck_ea2a83ccb8d57490,0.003851861232026416
ck_4be03a2aa62b93c7,0.0018975103433337838
ck_2786cbc3e75ec034,0.18623032732088676
ck_ae1da8ee98e402a4,0.01939917996635567
ck_b5e54e22e3d6960a,0.008940773904308199
ck_3d139692c51b604a,0.011212231561882276
ck_718a8390b3d42d7d,0.03745617160814934
ck_62081bc35aa59931,0.01273392214723563
ck_7c7266f6ef2a8466,0.030436167416494547
ck_885cf685a9541190,0.8174375028264966
ck_2857a4ce9f72fbfa,0.0054667813275783616
ck_0ffdff7b2f5fdfe4,0.026978198806946904
ck_01a750db6fc1168a,0.07430001788573029
ck_7eb4f33260f1dcd4,0.009973028651219911
ck_260ef2f3e6434819,0.0354225909793184
ck_544a9e80b7fdc279,0.006074423776223618
ck_97d4bd922996fa10,0.027623310584718577
ck_795c49f312640019,0.0012170602853819577
ck_0f8cb09d3f4fc980,0.01802821568591735
ck_69eb0b2ccfbe5f95,0.02172615340844549
ck_44950df09ff14ded,0.0027525113962046455
ck_70d19d5650ddc8f5,0.01670684104501579
ck_da39653add0f1109,0.011448553062890445
ck_b7431d4706461ec6,0.03561849546071536
ck_2f6a639468f41043,0.0030558478143452683
ck_5a29b7018e43280c,0.0010513477672393417
ck_18bc51bbf3ef198e,0.028610308389310158
ck_5486768475af7bb5,0.9386110481121388
ck_edc9668282e3c8cb,0.025602894813078692
ck_b64c87d5e3b10e6a,0.9114310200337846
ck_bb399ed6bf28c230,0.01322489360305009
ck_7ea52b6f27edcb73,0.01736918346890566
ck_0789a05e061b2784,0.6305857619775989
ck_29ea329fa40ace62,0.006247405571314507
ck_0034d010d28aea78,0.032586685341598275
ck_b52b99dad89ecdfb,0.014256765774603277
ck_e7b583acaa3171a2,0.0122576111354118
ck_d2d4282f9d256b3e,0.005610999581560548
ck_130d3848b9dcdb05,0.005887838760284464
ck_4fe4b072f03f2c1e,0.0038353353343292375
ck_16801e628e883d78,0.011394627858500473
ck_610c7bcc1cd7ecb0,0.01001488846848591
ck_34d6d74bb3ed11e5,0.006740474146104355
ck_e87897767c612942,0.012196750596050214
ck_d902183f80cc81fa,0.02335633383298003
ck_df69858b8a8b3165,0.0076074782698159595
ck_90489c405e6886d8,0.0020492318709030848
ck_84d07028b5fca2f6,0.010658891031895896
ck_d96c893721385e4e,0.005043573460488323
ck_f65ab819373edb37,0.010184598385383553
ck_21cac21fc10b7768,0.012964087416002414
ck_a0255ab46e122d2f,0.0032630960155762534
ck_084322dc5a3a86f0,0.006475472058088846
ck_786448fe3004cbd0,0.005101192340320368
ck_e155cf506b2fb699,0.003286245589374715
ck_5984be472d2bc267,0.11802350393633444
ck_dc3d8b5c17b67ae9,0.05283683991690721
ck_5ab68b434ad53fea,0.01040266613487979
ck_2bd73d9098504760,0.02323393610851493
ck_d21b38231a8a9f4a,0.10527478122936838
ck_1dfa91405d7e66bc,0.00486236433330852
ck_ecdd01a391610d99,0.0033875615913778736
ck_f928dba0d587d7c1,0.0012421814426256653
ck_d87e26eb5bc84b01,0.0017233491364707844
ck_d66d59981307db93,0.0295692870391217
ck_07f1734be7fac56a,0.03255724390985051
ck_a9b0c4dbd7db6a91,0.0105901532222888
ck_1587763dd54688c9,0.0211034683733517
ck_dd30558576b45e7b,0.021520950862737386
ck_4cedf26628c84f26,0.11412512531389689
ck_a2d709e7eb91e4af,0.01751284852302399
ck_3c48e0cfc2a58041,0.156768873811018
ck_b8fd61a8e82bce32,0.9159235276657623
ck_7a1519ad5ff45312,0.003021291099568859
ck_9dc23031b6b494af,0.007510157487572751
ck_9ae904fbef56065c,0.002507969939697463
ck_958acf84c6137a22,0.012689638742718353
ck_fe6e168cdbb46b9a,0.11990519136576654
ck_962c3bbf27cd4b80,0.03492241550181881
ck_df1a6edaa3e6b271,0.004918253869848395
ck_df0a8f20ab8f14f4,0.0428824248324042
ck_b0a947b498e47018,0.016245327540835998
ck_b616b6f45225f319,0.17522859085529038
ck_ba3a6be026c87079,0.007975147252542706
ck_bc7710f7e9fae649,0.026383471815520223
ck_c5eefc0697451de9,0.02137788748765301
ck_e69195a3c885053d,0.0020051357447596527
ck_52e37e2170532e2a,0.0366093337178135
ck_826a27ff7555192e,0.018061275348707502
ck_08c6cc1e143475e3,0.012357868114263936
ck_923d6a0f83accef1,0.004663844592128716
ck_09a988ebcf062297,0.010961242844827836
ck_17de46314b5c6a92,0.009310050724032178
ck_6176baea8cbebbb6,0.026522743561961108
ck_e74716a525ee5b24,0.0010018268681331443
ck_8fea7d915259f1be,0.006854488454614427
ck_ddc11fc481eef58d,0.0154938024985826
ck_4feb21e2fb0b3977,0.004817591868983901
ck_03d3026107175dae,0.01638941060896292
ck_6ad56ef40086dbe4,0.004698242476275952
ck_e81fc223bed3c46a,0.02055229545358401
ck_862c7953bdea48b0,0.006063297547089802
ck_c0dde2a6ef1e08c5,0.0012663593413136658
ck_660f0006780e87e7,0.015292122749428956
ck_69887d0a9aaca6df,0.0021177286160888836
ck_a95f212a02433d23,0.002201027536759724
ck_ce1e695884511479,0.05691731421783676
ck_ebc5a2c6cf88e252,0.023613471874654533
ck_2122e9bb1afffef7,0.00841836832242343
ck_38730aace405f2ae,0.9981619575998462
ck_5691cd6fdb6d8147,0.01770984579907216
ck_7dadef33f5e2d94f,0.9983623971366468
ck_278b36c5932d9bff,0.00652857747453009
ck_6a892dd5d05c1649,0.016404934396289015
ck_4a733aeb833406f4,0.005320611179670073
ck_953bd5de48ccd70f,0.916527878338663
ck_3db59982cbae4410,0.0257995565849152
ck_b8d210e741be186e,0.0023104350971435567
ck_7d6bff85e7a694bc,0.0072840801896438025
ck_be86a1db08dea456,0.0061403051555164985
ck_f761b7650a0c1a85,0.04083286312547884
ck_de8494b13adeffb5,0.014981950971288639
ck_f854fba8f4adae3d,0.019264299839405502
ck_b98e9c3ec6e7d1e7,0.010067065221517322
ck_ccb72a33cc1877b7,0.011943436350104442
ck_76997a33c3ea5107,0.0021759605830082617
ck_d00e09e66ed6458b,0.01589585900518771
ck_2bd96ddb8c323d63,0.967226514127661
ck_f792586ad0381eac,0.016208207155304286
ck_1eeeee651e05d535,0.013997208221302362
ck_fdf0c5b722d83464,0.0023148249408932123
ck_a823f5bcb0e4b9df,0.0009060790638452561
ck_28f530aec8e77130,0.015551637668933223
ck_80b04344c98ec072,0.00774250144080506
ck_97e56e6037024dff,0.004481213806229199
ck_7c38ec898f0fc21d,0.006403831735033605
ck_205c3405045bd835,0.004966790471783886
ck_b456f62b80e21557,0.001967625467559362
ck_1d6990d94a4d2ad6,0.005071373996329005
ck_a574a08edaf81781,0.006436431456506749
ck_c8f2a1dd8a6141a4,0.003864621294667135
ck_51440f64f7250ad7,0.06705234229659991
ck_fa7de64d37287615,0.019909180347704263
ck_d07bfb16a4a7dac0,0.9246434620100049
ck_0d362ddb4a1cb6d4,0.012692430123329757
ck_292f81186358b0fa,0.007952929749219932
ck_d6e7e257751c299b,0.002812585909474714
ck_1b5b75762f033462,0.006876747480121424
ck_152671fbf8a9a78e,0.29364963680733897
ck_c0cf50eef030b401,0.001233554758810827
ck_c1466b52c0a10b93,0.06410957927945854
ck_d208494cf5c90047,0.016345060970189514
ck_7fa947a0b1c1cf74,0.03961727126731854
ck_6cdac067cc4db5c5,0.014315219085583348
ck_e3894ed88a7977e4,0.004923725786178903
ck_53f55c6e8cf2d432,0.003146449122581847
ck_a2c3e82fab520483,0.007898933040720688
ck_519a26ecf3d29c90,0.005444076916988334
ck_1a415416f620d49d,0.014982775931563356
ck_c24b47184534cc2c,0.9909001732326496
ck_b2b63ea65edf1dde,0.026711603223511775
ck_482dea6eed92cbbc,0.010642362270000264
ck_7297bff2b7fdcbc8,0.0008251667278293156
ck_9a21d183524734aa,0.026614241464310916
ck_95945f48453ca532,0.030497202279271853
ck_6fc37dea4b4f35c6,0.1159145906602535
ck_afaf374009d3b248,0.009943918294522493
ck_10de0b0d86b17839,0.17528192288819633
ck_142c00f9f8557504,0.02202525617563332
ck_c0133f60d39b2fb5,0.011823124112033179
ck_864a11202e19e812,0.17454184569343845
ck_3f943f20a9da9bff,0.013229598589546485
ck_7346e4f820d9c00a,0.9481388380697723
ck_9790138467a06223,0.0020700455133575136
ck_35b1939c48182a9a,0.059707804457401696
ck_11f362dca2dfaf5a,0.010368551776318482
ck_ae0a7be6b0a0ea68,0.01155796221494588
ck_0af5b7d128035b35,0.01178803755129273
ck_8d8226520722af78,0.1855640061043171
ck_de58ef6f9fe2b546,0.18646883620179114
ck_0274d881d6db82c8,0.009649362739285157
ck_c88fc1bac79fa6d3,0.015212840212634016
ck_826ee896c9f1144d,0.4162770529320099
ck_3b436cb29af99f3d,0.01269265035709776
ck_6f8102f62c876cc9,0.014898752003886677
ck_20fad010969f1abf,0.0018065437709209361
ck_23aab322810b9fec,0.00967225790490393
ck_4e329e29dfa743ea,0.2177119222978644
ck_2a7eba01ceba6c2c,0.03236900135582992
ck_9eb1da8cd35a50ce,0.004033780398064917
ck_da1a2450219dcf19,0.01109248171302873
ck_3716c6181a5035bc,0.019311189582706327
ck_51fe0b613c076cbe,0.00960135365392067
ck_8584fea2df4c6317,0.006585298576346597
ck_ea623358f704daa7,0.07120992694285941
ck_ca491debd3b32a59,0.025101442981648157
ck_18c3a095606209e8,0.0061704526492111274
ck_71db4131d7efe218,0.04941880760857218
ck_a76e8d83b9141364,0.006866883332232978
ck_5d5ef9e75f65d076,0.02867099571614158
ck_683af7b1540a0b22,0.019735641207266424
ck_e8d37262e859d9a1,0.015619747141316077
ck_de5bb7a4d091386d,0.15421441485093118
ck_970c7dc195161272,0.0012609350321921315
ck_80a64a7f0275a71d,0.008588375883316115
ck_04bd8a1ffaf3ffd8,0.002548907276373141
ck_77e0589ab339ca66,0.0032714413873373427
ck_7baf1e55db0dc558,0.006570441026885573
ck_f05f5e4b40afa52f,0.019363173039747245
ck_dddd14091ce812c2,0.007417485434576498
ck_12c46bc52bf45b36,0.010290917956037423
ck_740d8fe8028b5a2e,0.0027727416847632756
ck_cf78169633a1600f,0.002784025562701979
ck_1a3fd2cc4b4de196,0.07445820399198598
ck_f4fe78e249092ab1,0.01946027214492868
ck_966901ea9c77cc02,0.00642965246715955
ck_f9fc468915afe49c,0.020487498597015347
ck_af3f74b1d75a5d95,0.09610063718804257
ck_af70aa32c009c3c9,0.010057244045600659
ck_da645ea91d66aa6f,0.10325418053035328
ck_e15e3390f5ed45f3,0.019347203378123404
ck_5f87eb05d18186c0,0.0054879403262857755
ck_a61a879dd46fc9f2,0.060096121893150514
ck_024dcab126876002,0.014511575321903022
ck_819b482bca14c068,0.8691413609559552
ck_15220e78d1545e40,0.10278099148251169
ck_2ca0020038bfec58,0.7720784052546182
ck_fb00dd5021642507,0.016964507524749987
ck_2737a72de6b700f3,0.04784476867501278
ck_263334d722ecbc97,0.9149225876631143
ck_ba1f6dd43fc8a0b1,0.004397170322395157
ck_5a22cb36d612236e,0.005883518741624114
ck_d86ccf148c06c8c8,0.05067304422465234
ck_60b023af6d1e30bf,0.6970799597870505
ck_1c8b94efe9238f5b,0.0019327722346316688
ck_0284dc2b4f856b3a,0.21523366406458613
ck_72e550559487b919,0.004375954753307863
ck_7e73e1d44ce82ed9,0.008655269437607811
ck_f8dc8473c2772729,0.056097989768527305
ck_4596624a7c01d501,0.007054785418769366
ck_04e89fbd739243fa,0.0014294410205888386
ck_6149ffaf18872dc8,0.002135259736806664
ck_e0171f91cb3411fe,0.007891904604984281
ck_1ecd5516c92caa4f,0.0016310839670214605
ck_21e3b3bd998745e5,0.030151926937965735
ck_05ed92a7c3e10e5d,0.019696819073579865
ck_d6fb9cc5171e3e9b,0.4526423196800852
ck_f0cf85b67a9b840f,0.00936712562767529
ck_c58bafff7b1955cc,0.009555291769206012
ck_06280e6d6d2485b0,0.0055841644683419156
ck_99d3983f907828bf,0.004635406428831628
ck_05ea4440dac6cfad,0.011196519639620973
ck_5eec9ed855c26000,0.00829941588163352
ck_5ab39bdc9610f6f3,0.3082400174393194
ck_c35d444e05799db6,0.0129131952128458
ck_87cce4126e215153,0.006533438041896475
ck_713649668a7ca824,0.007062933041971799
ck_0b0c93039f987abc,0.0076114843422286395
ck_6d07d6d1bd227d37,0.08564897959871368
ck_e00e82a9419ff086,0.012078037674493917
ck_eaf3b6d11bc3cb11,0.005719964038104874
ck_2bb7c17168a9d17d,0.009338359535232401
ck_416f7ac57da081a3,0.007839953888466178
ck_b60de9e97aad9e45,0.9620270808286715
ck_7973edc9f22ee7b6,0.012222396482190574
ck_8452b6cf97c65a5e,0.03660968837531508
ck_6fb39b60c67d5475,0.0026272303964820594
ck_785fa45e86bc5e95,0.007174610768818272
ck_3eba1fd2c7acc4c0,0.5107713290661774
ck_c10c8bcf5bcd516e,0.06823816373797549
ck_2825e34dd3e7ea2a,0.003472142712054535
ck_67f3794d93e2dd67,0.5352920567537716
ck_9cbd9ecf8374f65f,0.003194226484296807
ck_32246c62640648d9,0.002515664661645855
ck_f301f6758e170d66,0.012016979879279457
ck_885a83975cea5e64,0.024076527745568052
ck_0d2901bfe585c391,0.18664775176707904
ck_52453401f88935da,0.01030432876685263
ck_f9d481aa4f9b2808,0.8380561085672131
ck_18c179b4afc4fccc,0.01846578556623881
ck_a477654d34783e06,0.009139862357890369
ck_7310cda3bc65a73f,0.0033358906578949063
ck_c20e89afe575549b,0.007081464258046402
ck_668ec61c4c39cae3,0.004481385145891535
ck_fc2cb29918631f10,0.08640712716320344
ck_15ce50f2704227be,0.02065119630728652
ck_0c533ff2d0f9962a,0.013853578201049217
ck_5881b174e49b04ee,0.005135515783137453
ck_371bd9388b287677,0.002046471426901059
ck_91a16336ce3217dc,0.009630527743888099
ck_a760d38d1bc4de97,0.0023425246214877956
ck_a9dded7f6294e44f,0.023389752668900966
ck_c8a03c516ed5b05c,0.027905454160883286
ck_25bfca1d8eaa152d,0.009348361719582459
ck_191673540d8486af,0.014208009986727608
ck_82eed68d05a42128,0.02645599890662244
ck_24b0803447211bf3,0.022497198246106673
ck_023908db0a193076,0.051284171702588185
ck_aca35dbcb835ad02,0.033108964209027654
ck_248b3659a9239240,0.026715688615826152
ck_a51abde881ebeff3,0.019608477418422848
ck_db9b9d5d30f74070,0.14386163458067908
ck_8b3401b44aaae728,0.002636889060176396
ck_0841a5c24fd3dd28,0.0215982944478748
ck_541b6ad5d2fa5a39,0.005532899920305926
ck_16c7bf94ed3e7a6f,0.010144837591745736
ck_c82897ebffb6ae66,0.003441230358227112
ck_b4a6bb4689cd7cfa,0.020242189135862215
ck_7c4f42c5397113b0,0.06477857562575852
ck_73f124f075ede0fc,0.003966850091600715
ck_7584e7bd755cb28a,0.006216727552030087
ck_9f792e7e721ff7f1,0.004833855215748771
ck_c735b643d3cbf67b,0.01110174375801668
ck_58bb02d98e2b9cd5,0.011898684763566791
ck_0d65bc749eb42710,0.014590011724371382
ck_6c33cb15b0d8af54,0.007981739468732521
ck_c7f6f45710bc050f,0.0028067938271316944
ck_aefa0d8d933e0eca,0.011079622654213785
ck_c1ee56d65a42f59f,0.040293901439938884
ck_66147fb994495396,0.18859036125280831
ck_06e73afdec26aecc,0.022281315553056593
ck_9fb8e3d38cdf276d,0.9725574991865656
ck_ff3998d6858daa21,0.0016807905693867176
ck_7f188aaa63d1d442,0.005403061195174005
ck_c7d444d90fa86d7c,0.15811089500000608
ck_d68d42858a55adff,0.00946590014521345
ck_fa7d5be26bf7b31c,0.0352316664485892
ck_352657008983fd4b,0.006011825340748788
ck_7476e7fe1ff45545,0.03225844655230261
ck_41406cfa209b6bda,0.00316153070895794
ck_475ebccca25e30d1,0.0038419826133517243
ck_49ccc3716a564256,0.020383577491237495
ck_04470bc93b8a0d71,0.011468154164032782
ck_084cd84501012218,0.26122393218911816
ck_684609767df4a14b,0.01786495491108418
ck_3e4d02a04be2aaf8,0.012513885239274053
ck_f01af1b0c977cc06,0.005670705877346799
ck_027614eeba8b1a4b,0.007211515763424256
ck_0f743bd13373748e,0.005663761564261877
ck_399b0d510be98bd2,0.009968052385278972
ck_ca4465f2b5c1a52e,0.9988965271079404
ck_2a59f23fc5194699,0.024219596127545043
ck_243c18dbf150831c,0.004261549707121118
ck_88d9244a9cf7a77e,0.8689966996438397
ck_1ba28fb7ef726ce2,0.0056210292528308834
ck_786f079389126e44,0.023727990275746264
ck_4f01f7eac0efaba5,0.027296046017665828
ck_47d29c01b20cf69f,0.005255153359776827
ck_07a5610ed28162fb,0.008009415595523203
ck_57b8226610b48854,0.01924932816276763
ck_c6fff412f531db0f,0.000996669047903938
ck_bac6dadf428eaea9,0.010849553596379919
ck_e37196b20968b73c,0.006398709673534948
ck_12631b78f8a03df2,0.005888262456276188
ck_2c6b174b063ec637,0.005888212511864663
ck_af559f990c640e41,0.022363700392573002
ck_e7a3881c3e36bd51,0.4413684670759886
ck_5839f5cbd8165b1e,0.015788946801408393
ck_67858bc00e81490d,0.001481705077518777
ck_4737e0d56c6fa0a1,0.01848025307159776
ck_93e0d6befb67f7a1,0.012508199198022025
ck_2e315f1b1e533dab,0.00793857287458455
ck_af32a0660090dd68,0.016112063295280615
ck_ede2e887697ffac0,0.002873382349537763
ck_f48acb73a5d6af07,0.2044872503384116
ck_756d2c13d02b3e09,0.010840830701463616
ck_96fb9bf556842bbc,0.01455816512235433
ck_916784595f028226,0.06600872815400241
ck_20c99b645f462449,0.0054658185310748515
ck_9863bff41d24ce9b,0.007776426110711616
ck_5009a6c8bbaf15ba,0.039797408652436694
ck_a821980ac4db9943,0.15949250854568378
ck_e6de67c0d82a7b83,0.015627676660023904
ck_752dd3d2487f78ea,0.009139122433795058
ck_9652283c9f61fcec,0.004012571753866123
ck_ff8059ae5fa5f1ee,0.0033014310382153767
ck_fc4a43f8876bf10f,0.6343044590705896
ck_a9aa5c344c315532,0.018478915096542942
ck_8e2b2251ee224aa4,0.004400509404036628
ck_3a47e3f54475e854,0.0026497193230610133
ck_51bd5f69b4fe0b92,0.8802370311140403
ck_d52432ed597f3cc9,0.015182436922369518
ck_04fb61e5739642f8,0.026150411523563726
ck_fc3d95030b81f416,0.0008627541921401934
ck_1906f0dfaf6e9bad,0.8459063777030599
ck_66cfc1ebc9a513c8,0.0027494955355271485
ck_1411a80a157ff39c,0.012096939441505314
ck_9b436162039a77d0,0.016630720219227565
ck_b9485218cef413f0,0.0063006302392697045
ck_b62f5144db15ad34,0.07312678790426001
ck_5dcd443fe0bbdeac,0.0030964429771587407
ck_b7dd681eb3d2ee38,0.006442319518223374
ck_bd21164bd2bbb635,0.010408556684043545
ck_e6222925762273b8,0.06040525511570083
ck_bfecad7586f65e4d,0.012138455249810953
ck_aa9953c0ca2bed7b,0.0015844979586487715
ck_bea56db7f3e930e8,0.004955925893903903
ck_e40a156511345d6a,0.003437389378012979
ck_03f6664a96de7d0f,0.02067634665572108
ck_1a319e509f1efa1a,0.0020999485373033857
ck_7a52674e2806d8f5,0.036977779768457564
ck_ec4dd3675a8d28cc,0.01276312177082054
ck_dce1fb3acd65562f,0.0013705972652529237
ck_abb9d65ff1f95b64,0.013362561974039892
ck_aaa9861c91bd14dd,0.005354453885263612
ck_2cbc2f93a32eede8,0.014061417175494091
ck_f2d3e3d90608596d,0.08740256556630069
ck_127273af97d7827d,0.003269784589652589
ck_a6def1e4b2d57e0d,0.011141962724153959
ck_96247fee0eb44420,0.0063802887408086146
ck_5517b9a865960542,0.003218842380468796
ck_37176850ed68831e,0.032455822384430955
ck_ae416325fef92c9d,0.9904940415748474
ck_f285e5e1912a7c62,0.00833361721888354
ck_368b65fca69fc415,0.019685332157271453
ck_9a36916b60178ded,0.9317703398718211
ck_4a0eae220a762ac5,0.01340396216487746
ck_e9b0bca7368555ef,0.0031408518250846656
ck_da1c853b0a061e83,0.024155715308219288
ck_58412a2674fea506,0.013048616920757065
ck_9ab42875a0f95b43,0.021479394132957543
ck_affa5aa0bff9bb0c,0.02574105881766866
ck_d27a73596b6500c2,0.005535311389376923
ck_2d963f9b2c4d11e1,0.04063020967753653
ck_dc16f939c2f44ad8,0.041351281277073604
ck_97c38e7f61c27e47,0.0033578226481449053
ck_861d8e3d88f1079e,0.032414338660917405
ck_819988d8a7f26415,0.00438285041432284
ck_5e021f2a3b66e256,0.03334639084964744
ck_0428728df24cdab4,0.03352265852492086
ck_780738e0d71e7e43,0.013920646367335861
ck_5fed957287ebca03,0.0020946586551041065
ck_bc19c383560c7477,0.009467292400652758
ck_b1befe967f7a5ebf,0.024260220591438786
ck_73a54b56a2bf35fe,0.7389521800609083
ck_60bf8a2870956fb1,0.005632518498979488
ck_6a0ccd7357979f0f,0.013756886375161441
ck_6b255bf68709109a,0.014676939896009716
ck_2cb3c99845e572da,0.0043237902286801175
ck_c9e1e3229baae708,0.0072500041396641466
ck_1a4bb7d3d2ee3227,0.07311709000639832
ck_c7e07ebfb0bc15f6,0.018915362079446652
ck_4bb90a61c21a303b,0.005203081530711391
ck_3ade9eac7d7b0dbf,0.06744884722303157
ck_8171ef803f5ff604,0.02457203779137786
ck_4859a58629622915,0.04687067848545214
ck_20124c3a16c53ce4,0.034127548989106006
ck_dd3feb77d7d4f6d3,0.010391630858024222
ck_ed0c4a83701ca230,0.01172808258934694
ck_982ebb24174a4ade,0.08176171379079422
ck_deb3ac0606d6f6db,0.009192449421446008
ck_e666629e5a41b39b,0.007719045341973928
ck_1a9d6190c57ea7e2,0.31634163822952327
ck_527550dd15f38782,0.022399158541073813
ck_480347ad92037105,0.00857899471272051
ck_00b9818e2064405e,0.010245536411091747
ck_b53281da70defcfa,0.00855257630104482
ck_3f090fc96c24eb28,0.003556751762594508
ck_3d9afd862b3f4053,0.10189276919313373
ck_9bf3ce30b65f75c7,0.018432900540494703
ck_2d5a6b6636a2596b,0.003944464973632285
ck_9a4967cdf49265cd,0.09611409435812752
ck_69691226c68fd50b,0.1178857530266771
ck_1b1efbd9c0964c8d,0.010132401372293412
ck_78bc3f1d0f35ea6c,0.011687657271983011
ck_d288b77d1e227970,0.02938238167864378
ck_017208fcc01b5d40,0.0056092067388358
ck_8b3b874249adece9,0.016004439133574317
ck_49ab879b5aa7fccd,0.05410786722854873
ck_b3ce8f1bcedfa043,0.010303262262557698
ck_7e3923d278a5106e,0.016990729795971535
ck_e05e91cc180063d4,0.10949195872490199
ck_ba666a425930615a,0.0030995630847694684
ck_a8382d8345f21e1e,0.005000967119748118
ck_3dee83fa2d109484,0.0022470323196075413
ck_2d177b2f4f0b40c9,0.19682930163825144
ck_40140bef4db73741,0.006483685639551244
ck_22c862a496008c96,0.9872351018928839
ck_aa42976a31cb7770,0.003151675705279464
ck_782b0be796164335,0.0048657872277069626
ck_5f864d72d1eead99,0.01887362034171666
ck_0ada6fed1864e7c4,0.012589315372569073
ck_7878545739af0a73,0.00220160341164542
ck_ab973888c20c9120,0.08491102267020219
ck_1ae460f331e49ae2,0.01144591016159433
ck_509c22828d467ba3,0.014311620623842664
ck_24dae044dc05f849,0.015839870115621935
ck_2b8f33e22f939372,0.6916762095172126
ck_6a01c375fc26705a,0.005259363693279229
ck_ae96d35465b3b4bd,0.007402574425614607
ck_512ebe97c0af94dd,0.06785983232277697
ck_5af9934a56801ac0,0.01773234381488882
ck_fc7445ec76389a58,0.5842545037435606
ck_b8266dcd90cbfa62,0.0023026422650226502
ck_884b2e463ff1d54f,0.014440269678308418
ck_95aff1fe27fb24bb,0.008962703469270368
ck_7bc752ae7cf5d55f,0.008481783176017176
ck_57b3fee69bdf85e8,0.006252816559676499
ck_ef0d702d7b0ed745,0.002126025261697187
ck_212380e0371d8a6d,0.058036051746590274
ck_2b90b76cf4d162f9,0.008540078529914874
ck_87771861e0447210,0.044933378880241306
ck_21fe7bc59dcd78fb,0.0015893655070434568
ck_fc0cc4b25e6a8194,0.004588404003115669
ck_e7a530e09d113dd7,0.296811273059167
ck_3f94a34f5038f7c1,0.2027556291997625
ck_124565a11b2f8bb8,0.009268899925991269
ck_38ba4a6b6a292054,0.05489168557245945
ck_6a4981bc721df37a,0.020977789814695502
ck_4672167d7c989bbf,0.03091088444397063
ck_817926b449754917,0.013807762802887959
ck_54c2604c9ca6256b,0.013798917315185861
ck_0302f67d75973dce,0.013327005719811496
ck_9a6a1f8102febfca,0.007295210772394698
ck_7f1c20319eb60aa6,0.9986538556381601
ck_a86cd653472eccbc,0.00569267618909555
ck_02028b72f26fe855,0.013133028060428103
ck_4108b4038f762817,0.026093912574989848
ck_63356762d24aab81,0.004719486334778571
ck_5e3bc76eddbdb0a6,0.008575545545203865
ck_7f3685aa2933b251,0.028581936290789874
ck_3b92a46daf8d00d2,0.022263124126709458
ck_f1d8a2695a575e56,0.006326612407655591
ck_0324a4812ec319c6,0.0048391812513432966
ck_5c36c78b7a4d138c,0.02321991639643889
ck_9b6282e3bad50710,0.02243752787734155
ck_7373d7b04c7799bd,0.011813877940053515
ck_0b0e79d33e50cba5,0.005388236450301241
ck_f3c16d8f747db046,0.015352689881065995
ck_839ce35819bfa4fc,0.0015669461012135803
ck_275386782b1606f8,0.0038389768872915055
ck_4e9fba1ec54c3ff8,0.0062525914057590965
ck_4b041217690fca2f,0.012567422652542508
ck_a59e90219939a1f0,0.0018576408136046745
ck_a9c2cdc758df8510,0.014147480100705911
ck_720cd658d11ea428,0.025771965477611215
ck_fdeaa1cd085691f0,0.040759293743847576
ck_2bb1389e5e72c8f4,0.02467427305983373
ck_5de33a7a87e9aa62,0.017632146963112785
ck_f7a07283345a0dce,0.007525131666173902
ck_c375e929becde422,0.004647169999822904
ck_c84ef83489badbfd,0.022567838126570528
ck_cc3318839c4b0745,0.005039248764895135
ck_279a1d3a3836e5cc,0.02233879699604443
ck_7977135c2ff61e92,0.008146626374683554
ck_6a1ff9d69466181c,0.9993734566554852
ck_e1ff9e31becc27ae,0.018721425011682894
ck_a13fee8cd925d0dc,0.029118240586477082
ck_b170a7db522a0d6f,0.007915455186139725
ck_8d38747058d0aeea,0.8449158460269882
ck_18116d0ac08f1996,0.8363928692859153
ck_2210f7a0d13bdbef,0.014243777471336726
ck_1af547077ba2dd03,0.07284773669622516
ck_516163fcf04d5e77,0.0477486523272016
ck_8b39d8aacfdd72b4,0.007618783788501828
ck_d39b0152116203be,0.011884126213930089
ck_ed33f8a937f9c7c8,0.0034526033329515117
ck_ea1e5b5128ecba2c,0.005933937912617742
ck_8247f008a14bd1a2,0.006606209289584847
ck_3d6046a533057795,0.004548486770267615
ck_0bf2e13b9f2601ac,0.019184710152712465
ck_f4de03f44e3a5bd5,0.012176535847032733
ck_3ba3fa5387bacee8,0.000701548714682549
ck_8f604fa70fc3c8e3,0.0034744936645973155
ck_64f3bb17101b7c42,0.009159725961076752
ck_a4e6fc391b674335,0.43271301322709416
ck_79b6a86830156b5a,0.005427508913745544
ck_d74123617f22a21e,0.002441856326740086
ck_9dbe184e81c1ca8d,0.0788934403106831
ck_de2924955926d046,0.013149066195248716
ck_e556c4d36aadbe03,0.004713076348649571
ck_e37cee7b123692af,0.03436499470655572
ck_c50fed2a7c9198c0,0.029659642696007786
ck_5647030283171ed5,0.5664419323403649
ck_d4972a775aadbbc8,0.00977237584172173
ck_ce5ed372b1a2ed6b,0.20462706838147138
ck_3eb6146c262e0fc3,0.004276228161600516
ck_53816231f3ffb48d,0.005359916768527846
ck_afb23858a4ef42ed,0.986466547648275
ck_3882423b449f6291,0.7148688601368237
ck_79b235d51718435d,0.04022032549942693
ck_298278a9da874437,0.009291537948406986
ck_32f632706608859e,0.00794864559269839
ck_3638bc3388dbc1bc,0.25733636079980815
ck_ac7cdb9b8da7b5dd,0.029469703697157647
ck_7d025dea5951cba7,0.0034747985348938916
ck_f06d00a4f9c87d80,0.0026295827209097482
ck_d9c2622cb6df380b,0.009609908047810542
ck_d4ec44760cbe03f4,0.007887027722953435
ck_c1d05ef0ec6e4be7,0.00944961584355973
ck_5abe57dfff4b735c,0.008278606779438648
ck_53cddfba570b4a3b,0.006393800051769585
ck_7c500e219af39486,0.0024166468112760678
ck_3bece63711407e25,0.02407635059147952
ck_8ff1e6028e764472,0.9987516531647026
ck_8c346eeefa9ce692,0.0036015113924531684
ck_d840db8cfe2ef6f1,0.0032721649044115905
ck_cc6d33890d47a6cf,0.023463343722075473
ck_2ab28149b0986642,0.35260854619665843
ck_4ad5937bef176d89,0.005412917488517592
ck_645f15bbbcff3b4f,0.9983004075364688
ck_aba32acb61c1aaca,0.0781600984571055
ck_26de14b96bdad4f6,0.006718404722505487
ck_ab80466ef615e85c,0.00417739395287174
ck_ba93cb604f792915,0.06552436352501995
ck_3830c58d841e9e69,0.2434182415937839
ck_1d5d74169cf892ef,0.02689940589858686
ck_eb2323215ff70362,0.037878316630274765
ck_6775e387dace7525,0.019793481058231425
ck_0ea30eff5f361cba,0.01305697619243843
ck_cc5a35175d381d5a,0.021840875744227252
ck_e14681aad43e1a72,0.025570456150761357
ck_3222ea25aa29bfa6,0.004449012337247158
ck_f6c42001b84a10cb,0.03012401011655542
ck_3753cc5b9d02e2fd,0.0028681512684521943
ck_eaf6f7082c3db2bf,0.05155446965576476
ck_a9ffd6b3957bd41e,0.002529262274215988
ck_558a82590f65df69,0.0034945833686267206
ck_7ec423cb56257516,0.023180901486085943
ck_b3867f7f494db64c,0.002116008759148456
ck_3c9a06eb07c300e4,0.002277787642519815
ck_d960af7a55b892b1,0.006041277823298442
ck_3d83e0a3c1cfbf8b,0.00863744597112823
ck_34ed59bc2c9b0186,0.002895862082464474
ck_4136b00924695ab4,0.0012867391606660532
ck_c802cf8f61466027,0.0058010925094602
ck_de436e7b319be1fa,0.9975448884200366
ck_91081be0254878a5,0.02877518974392252
ck_ec2eee6a133e9a6f,0.006841207851522223
ck_81429c4910ca46cd,0.0018726913291115905
ck_80ad4396e1084c68,0.015181490866917485
ck_11667f5b9fac7bc7,0.0036610926663926935
ck_7367917891a63771,0.04323017369427875
ck_f908b527c4db422d,0.015018620321892431
ck_2329cc9702cdf7a0,0.004826218358744003
ck_6573c4947cc8607e,0.01808593864312587
ck_ebcb93a2990fc914,0.04201974572520405
ck_7a1782cefe26a456,0.01940732889549439
ck_ee3e7c9d3a9c74b4,0.03635094440487179
ck_720776a46e56dfa8,0.01637434422800792
ck_bc8f31f4a2ffa1ae,0.004024893471334847
ck_0cd8802264e0a1ef,0.016566158959642294
ck_c0d2c56f9c722e99,0.9784939345875648
ck_8c949bdc6e8720fa,0.054972986419759035
ck_0ada63008be5685a,0.009500638797827823
ck_a3f821bdf408c326,0.003266392349888333
ck_de13de941bebc7cf,0.0022432651253679373
ck_fc8cd8a8209e802d,0.015300645495171093
ck_181f3dae03b87136,0.021025168859759524
ck_ecaa6f13304e3dc5,0.005090111376082357
ck_e06f6fed020ae014,0.01963324311459266
ck_2c041b1efb1c5063,0.008080206086023419
ck_8abd1a50a9227463,0.005473139595790608
ck_8ef1d05cc1e53e7e,0.03540451304775342
ck_4637e54a9f79e2e7,0.001595084653566952
ck_e8bc49e6494c1f37,0.005303512404525166
ck_11f9390a11ce9ff5,0.027114104111982423
ck_15b4840922195ffd,0.013342951323297433
ck_6bcfa37c717f19f1,0.007741464701387919
ck_efb24be983342f75,0.004007452332931279
ck_5b137d74bba6b1b4,0.001476544115409668
ck_295c0072eca7f7a2,0.003256025017964471
ck_4af7b97c24d89a45,0.01089358122467789
ck_fa0ecbcf9a33d6ce,0.01387861024438394
ck_da84a0dfe947fd3c,0.005215191074609892
ck_3e3c64b3b7876ce6,0.01698961630603535
ck_da2729307af06ed5,0.014609115730314268
ck_74d0e7c2c6b63d36,0.8924167259272723
ck_c478aae3031bb328,0.013610469960209013
ck_cf301f2194975866,0.00683543651036884
ck_086d29ccae565e5d,0.0023930019292117788
ck_34a33ffe8339f66d,0.7923911224240983
ck_e57c79eaab35ded7,0.016224541833875127
ck_4940e78cbdcfecf3,0.01138634302105793
ck_578f67e69e5d2cfd,0.15221759023971826
ck_c767fc454fa215d0,0.005655294101904849
ck_5d644224135d7c65,0.008424614067543714
ck_e78ab4ff52b5fd2d,0.006004226286697272
ck_51efdd240e34c642,0.022430855666434133
ck_c39c6a1453e2b92c,0.0024450650909049617
ck_b080ff636932d1f1,0.006987771878425919
ck_5c8390017fabfaef,0.012092880254400739
ck_61176dafb33b2d8a,0.19959133752851413
ck_fc6fed6ea96a004a,0.006470582419839009
ck_3e2516a3e35067e0,0.0028401342126263924
ck_17a95bba77217d85,0.007630219505318035
ck_1ffbce3a239bb264,0.003080165236228402
ck_7f960541e5174565,0.014370383908810161
ck_9b1c3742dd6fcb8b,0.008931199224827541
ck_d5458ba39ae94498,0.011775355831842823
ck_0a921a73a90c2e39,0.014770463751374602
ck_293581d879f6663b,0.15391925812918392
ck_03e904682dc73bba,0.013497873425467976
ck_4f490e379e9ded9a,0.006196299341295373
ck_9b9ce7bebc235fe8,0.006127634776395068
ck_a4a42d4bff8af645,0.011059929654447413
ck_b046067c6ca3831e,0.004500710240605117
ck_bc7ece8787ca7200,0.01033944801976005
ck_2c5bc11bb7ae5d2c,0.9801725595301005
ck_b74b9ba6d7c9aab7,0.18137606489078112
ck_91d48d69e4f5d9c2,0.021180614829477758
ck_1a71f8081ae00190,0.9968458606163342
ck_38ba64efa7c38250,0.027652324324830658
ck_1a6ddfeef82b1b1a,0.004749794321624005
ck_c4402ea6291df271,0.03539487032642243
ck_478d2667aa9896d9,0.012241403378000728
ck_c9490cb61aff5112,0.09912846174368431
ck_88f27ab479063852,0.03022784210770195
ck_b7793edca26fc512,0.009902544305034098
ck_f88028c3f306bc70,0.01872124133787187
ck_e8a6acea22b20312,0.16187995443093864
ck_c8b7f241810b45e5,0.0012618317548800369
ck_2408db62e4395ccd,0.009777889408344405
ck_bcdbf57d98dc0d27,0.07064535514456746
ck_b3225a98acd04f83,0.005042316436847317
ck_35694db37f0cde7a,0.0018436837338264205
ck_87d55ca333f22072,0.002220127750272062
ck_ccc917533d4b73d4,0.007439816202976402
ck_0c5ba86f4e05b38d,0.010768614638756648
ck_8740a14d8096c6e1,0.03904078485753608
ck_17ab24fe914ae44b,0.0023552506356364386
ck_3b963d6be2773861,0.0033349899723535063
ck_c183dff3781746cb,0.09692285828011137
ck_7336611650dcc088,0.0406260924583184
ck_c817259019588d30,0.010821815161544703
ck_d39864119cdd460f,0.01769945968656277
ck_463ae759e2b6ad1d,0.14988275574262694
ck_e560f720a988d8a2,0.6035145475533907
ck_72dd0dbdf808cb00,0.015187091399896232
ck_32bb42f9bff197f8,0.01071013296214866
ck_70bef9ddd4bab005,0.0010870844059273613
ck_4b15b0746318cf42,0.030017950848808664
ck_39a68c55a1bd3ace,0.07148730939005904
ck_4c76efcc1ee6762d,0.016365721481430597
ck_79f5198f0decef20,0.0065865571439959565
ck_f655399ac75c4450,0.015432262046132359
ck_24b53090faf722cf,0.0027338421812434653
ck_11cb98211b2ed134,0.949049799207044
ck_3534be0f4efd313c,0.018430468409746985
ck_28d2003c2d16e4b6,0.003128686930828202
ck_d3796aebda1cfed5,0.8863462677163633
ck_a3a0bd59729fe619,0.009393086018284506
ck_8ddaf745bbb9cd62,0.0018787166841662838
ck_fa24db9d416ab904,0.007170999697865736
ck_493b6256091014cd,0.40752186547121544
ck_57a6b56b09bff24e,0.014860234967556346
ck_a2245822cfea997d,0.005192368150187412
ck_92f6ebc11ebca89b,0.029486691973081864
ck_fbf630c960194033,0.017751320210678725
ck_1c17c65804f8889e,0.012276110371415615
ck_00ff7389d6a83e29,0.035760868633511085
ck_bdd8eba728800e29,0.017831453155300603
ck_0525349f3945375b,0.039235473285678835
ck_d1b0699d26282871,0.01608302278212508
ck_a678731156ad7bd2,0.19001881510602028
ck_011551a596544f5d,0.0027755471147563626
ck_0bfe62e0c7eab9c9,0.012296984664512806
ck_e5ee006ecd8ff661,0.04673322079337913
ck_e2374c7136c964fd,0.024039626375036434
ck_af528d66c86f0cb8,0.8036158526015506
ck_5448c946cc4758fe,0.012925155157149539
ck_37d3e5c681a2214d,0.12446343960280785
ck_fca478361870a4ca,0.06526158734285464
ck_fb44d15fb93a7157,0.10218113261006287
ck_0e8f26536ccc8947,0.017229934767349433
ck_6768c4b2aa8ce586,0.005781184207375069
ck_6a548da1728b5823,0.8929567502282827
ck_0e7bf10ef49aa818,0.022601793148951863
ck_f2c824d3473db24c,0.008902545298803648
ck_d9ffca35188e49d8,0.016211746230725972
ck_3db73bbe03c3d240,0.003042262327926501
ck_899f88464305824a,0.005548602771017121
ck_148c28df51bba5e9,0.9656651213568366
ck_7955a359b6448799,0.002424736596859068
ck_8c748aaa4a4554f9,0.01179240301697146
ck_fba15647b3a140d9,0.004826817499248069
ck_c2fc0ac460786d02,0.02702064575082298
ck_e42206e91f6a1752,0.004281449124078643
ck_8c136dc691e65695,0.0006505561770634557
ck_8c0955dad13c3ca1,0.004366426033986568
ck_6d4cd2de601a2308,0.02008588122223445
ck_76ea90ebc74bcdc7,0.030431309965627543
ck_734f06bd4aa92781,0.012697178084077063
ck_41af3729590c2484,0.008690163114637637
ck_e63256667aa19070,0.017575579285023537
ck_1b2ce474fa6582b4,0.024453726311377096
ck_c8131ddc7ed33448,0.009906036419064908
ck_33ecff7914349ebc,0.005561485270832818
ck_36287d063350ce9d,0.011992147157450093
ck_956dd784525f5886,0.059797862107245386
ck_ba7b78d31d74c794,0.01691048434639643
ck_5bea0e0ee0b094cd,0.008030427997925695
ck_d6a4faadab58a3de,0.013631342020416048
ck_bdb966f43ac350ee,0.017481150364630462
ck_3fa559c679751b3a,0.006762337997889245
ck_7ef019ed77276496,0.00539205086980115
ck_0e6046fc30f81705,0.020859679030340594
ck_53aca610e20598bc,0.0053031634494259345
ck_5275be4e1577c1c7,0.011008818428057818
ck_43948784650bb9ac,0.007335186348574001
ck_5c87eea1cc07cc92,0.02583585476383282
ck_5f445182829ef342,0.019443918081207833
ck_cc81dbc83a8879fd,0.004800573447298862
ck_68ef3e7301c621b7,0.010671925462234392
ck_e988c108754cee9c,0.008569972446905164
ck_3327a0582407068b,0.014050494268630651
ck_e1d563fab4d6116a,0.022006577577347555
ck_588f6e6a6a6d93e8,0.014895514801454861
ck_723b4afc388113c8,0.012032129125805525
ck_240f7f894c5a86e7,0.01449878528708194
ck_ab553954435e8854,0.6819713474109191
ck_78cd402a2a4f2e35,0.004227926626589709
ck_09054e97bdf9624e,0.003057500524897047
ck_303b33910d67f306,0.002445749794185058
ck_74e9747954a46eaa,0.008887367928699366
ck_b56c62c950eda009,0.003122503018916054
ck_58f757e40a9b8877,0.016361003636793294
ck_45a16ce12893cf9b,0.010294329756354158
ck_3272c2c4a37d5220,0.8572678877943689
ck_9cb89cc3178e0172,0.00933270509437355
ck_c5d62b2b7a6f3bac,0.9955156517970395
ck_0dd417fcbf19e424,0.021647553546171962
ck_5379452a9d74efae,0.002770381747374098
ck_344a95cb7115ec67,0.011589308245265504
ck_6f9fd15ac6b163de,0.009658868483975826
ck_173e1198c341087b,0.005949294471445494
ck_9994323f97109f4b,0.991118162516372
ck_05f375fc8ae0afb0,0.016993240180884456
ck_d328db1e1052d820,0.009476605181854357
ck_70396398e4a96449,0.0031554792502752854
ck_61b067de8ffc1ca1,0.009243561550746942
ck_87809324c2675b0a,0.009799632987259251
ck_27cdf9c5e6f0915b,0.007488982817015026
ck_5b8fc4a76f340797,0.061138649395816515
ck_a44462a3853ac67e,0.954004407572235
ck_466a7316eaf149b1,0.05817188038445283
ck_d35c51e981b98c5c,0.006585642343210226
ck_99c0004d8b7079f8,0.03024481024210874
ck_8a8f81bf3558fd9c,0.0034358741120976335
ck_b4dcebc543deaafb,0.054855752595408654
ck_7158ad9e58769ffa,0.08472953302112299
ck_3c02d4dbbf6716b6,0.01282804774501931
ck_41ef7967faf5ce82,0.0018782913315380787
ck_a7c1dabf3869772f,0.013871475337806445
ck_77d9f86dcf251739,0.005763336798457832
ck_02903c48b6cfd65d,0.0015568013629667285
ck_b45e47c39d4dc7bf,0.012435234008787866
ck_e55e5bdfc0242aef,0.028119551475622066
ck_ae20e28f9854f3ee,0.0310665006840557
ck_9e65a8a2f587691a,0.007836604652398316
ck_dceabbe04d99afc2,0.0037036932878033164
ck_837be8126bb19250,0.00513993838286036
ck_c05737ab74cf03c6,0.6511609086100135
ck_2cdf5fd97ba75e06,0.4630138198201495
ck_97b8e05d62abdc14,0.012026477826500261
ck_7df9910af2bba21b,0.004016485082726648
ck_850e2b59bc535490,0.027631633934933692
ck_978c21bb5fe3171e,0.0232335653669672
ck_d654449f9231ad76,0.0034851878433481754
ck_e136e20c1c74fe38,0.01792175057166559
ck_2fe6cac002142f67,0.021093227704589754
ck_8432ccec1a4ec7fd,0.994179413682943
ck_95e4bef65c36af1a,0.002679850110207569
ck_a725d7aed2a0bdc2,0.002732890387991194
ck_9b9d9e579e7b55b2,0.053031713652405846
ck_ea4332c8fe48e2a3,0.00723591373113698
ck_9937dad93a0ed3c1,0.0051282710100968975
ck_3dc4d464386f0eb2,0.16698455926595573
ck_e0e90b196bef3c11,0.006542130683741262
ck_2139062d4569aa07,0.007372194005908687
ck_8de38f8c7f91961f,0.06388846884309032
ck_bdbb4230c91e1604,0.025083495861926472
ck_f7305b3c64cf8a03,0.025426224498074863
ck_454a7e4d859a3409,0.002519713653642126
ck_00d6730134a1eb51,0.013219596416027804
ck_dd89a282375bbab6,0.09025026751544997
ck_be2251640f27a3c9,0.07041098566256447
